.22,9241,0
11.24,9252,0
11.26,9271,0
11.28,9304,0
11.30,9275,0
11.31,9251,0
11.33,9253,0
11.35,9267,0
11.37,9295,0
11.39,9304,0
11.41,9252,0
11.43,9230,0
11.45,9290,0
11.47,9308,0
11.49,9295,0
11.51,9269,0
11.53,9247,0
11.55,9285,0
11.57,9257,0
11.59,9269,0
11.61,9243,0
11.63,9258,0
11.65,9262,0
11.67,9291,0
11.69,9307,0
11.71,9296,0
11.73,9261,0
11.75,9240,0
11.77,9277,0
11.79,9309,0
11.81,9269,0
11.83,9273,0
11.85,9219,0
11.87,9210,0
11.89,9274,0
11.91,9235,0
11.93,9222,0
11.95,9218,0
11.97,9242,0
11.99,9258,0
12.01,9237,0
12.03,9290,0
12.05,9181,0
12.07,9218,0
12.09,9293,0
12.11,9251,0
12.13,9175,0
12.15,9212,0
12.17,9184,0
12.19,9228,0
12.21,9245,0
12.23,9292,0
12.25,9269,0
12.27,9238,0
12.29,9206,0
12.31,9264,0
12.33,9230,0
12.35,9234,0
12.37,9192,0
12.39,9219,0
12.40,9337,0
12.42,9306,0
12.44,9292,0
12.46,9238,0
12.48,9201,0
12.50,9245,0
12.52,9278,0
12.54,9278,0
12.56,9294,0
12.58,9230,0
12.60,9267,0
12.62,9263,0
12.64,9280,0
12.66,9253,0
12.68,9241,0
12.70,9237,0
12.72,9293,0
12.74,9316,0
12.76,9286,0
12.78,9253,0
12.80,9212,0
12.82,9193,0
12.84,9263,0
12.86,9285,0
12.88,9299,0
12.90,9283,0
12.92,9233,0
12.94,9245,0
12.96,9268,0
12.98,9259,0
13.00,9242,0
13.02,9238,0
13.04,9317,0
13.06,9289,0
13.08,9275,0
13.10,9207,0
13.12,9197,0
13.14,9218,0
13.16,9258,0
13.18,9242,0
13.20,9228,0
13.22,9221,0
13.24,9291,0
13.26,9284,0
13.28,9316,0
13.30,9301,0
13.32,9256,0
13.34,9289,0
13.36,9290,0
13.38,9327,0
13.40,9315,0
13.42,9278,0
13.44,9260,0
13.46,9342,0
13.47,9322,0
13.49,9290,0
13.51,9253,0
13.53,9262,0
13.55,9269,0
13.57,9318,0
13.59,9332,0
13.61,9253,0
13.63,9248,0
13.65,9295,0
13.67,9332,0
13.69,9338,0
13.71,9290,0
13.73,9259,0
13.75,9260,0
13.77,9255,0
13.79,9328,0
13.81,9315,0
13.83,9289,0
13.85,9258,0
13.87,9308,0
13.89,9290,0
13.91,9291,0
13.93,9284,0
13.95,9264,0
13.97,9323,0
13.99,9341,0
14.01,9288,0
14.03,9212,0
14.05,9229,0
14.07,9260,0
14.09,9296,0
14.11,9339,0
14.13,9279,0
14.15,9269,0
14.17,9257,0
14.19,9256,0
14.21,9252,0
14.23,9298,0
14.25,9231,0
14.27,9238,0
14.29,9246,0
14.31,9296,0
14.33,9297,0
14.35,9268,0
14.37,9283,0
14.39,9286,0
14.41,9321,0
14.43,9316,0
14.45,9296,0
14.47,9279,0
14.49,9243,0
14.51,9307,0
14.53,9328,0
14.55,9282,0
14.56,9238,0
14.58,9222,0
14.60,9259,0
14.62,9275,0
14.64,9271,0
14.66,9291,0
14.68,9296,0
14.70,9272,0
14.72,9315,0
14.74,9353,0
14.76,9276,0
14.78,9224,0
14.80,9284,0
14.82,9284,0
14.84,9276,0
14.86,9295,0
14.88,9258,0
14.90,9209,0
14.92,9288,0
14.94,9285,0
14.96,9353,0
14.98,9267,0
15.00,9263,0
15.02,9290,0
15.04,9281,0
15.06,9277,0
15.08,9216,0
15.10,9254,0
15.12,9258,0
15.14,9268,0
15.16,9248,0
15.18,9259,0
15.20,9234,0
15.22,9184,0
15.24,9241,0
15.26,9283,0
15.28,9266,0
15.30,9296,0
15.32,9235,0
15.34,9291,0
15.36,9307,0
15.38,9330,0
15.40,9344,0
15.42,9249,0
15.44,9300,0
15.46,9261,0
15.48,9276,0
15.50,9255,0
15.52,9247,0
15.54,9207,0
15.56,9308,0
15.58,9333,0
15.60,9290,0
15.62,9263,0
15.64,9231,0
15.65,9268,0
15.67,9261,0
15.69,9337,0
15.71,9342,0
15.73,9279,0
15.75,9269,0
15.77,9298,0
15.79,9296,0
15.81,9302,0
15.83,9243,0
15.85,9270,0
15.87,9296,0
15.89,9341,0
15.91,9292,0
15.93,9305,0
15.95,9291,0
15.97,9309,0
15.99,9316,0
16.01,9336,0
16.03,9334,0
16.05,9280,0
16.07,9297,0
16.09,9362,0
16.11,9365,0
16.13,9340,0
16.15,9258,0
16.17,9246,0
16.19,9264,0
16.21,9270,0
16.23,9226,0
16.25,9216,0
16.27,9232,0
16.29,9221,0
16.31,9268,0
16.33,9314,0
16.35,9288,0
16.37,9258,0
16.39,9298,0
16.41,9287,0
16.43,9278,0
16.45,9250,0
16.47,9222,0
16.49,9264,0
16.51,9312,0
16.53,9318,0
16.55,9296,0
16.57,9285,0
16.59,9214,0
16.61,9268,0
16.63,9308,0
16.65,9299,0
16.67,9303,0
16.69,9240,0
16.71,9249,0
16.72,9312,0
16.74,9309,0
16.76,9245,0
16.78,9237,0
16.80,9241,0
16.82,9282,0
16.84,9328,0
16.86,9324,0
16.88,9259,0
16.90,9287,0
16.92,9331,0
16.94,9295,0
16.96,9247,0
16.98,9232,0
17.00,9267,0
17.02,9292,0
17.04,9310,0
17.06,9302,0
17.08,9270,0
17.10,9264,0
17.12,9291,0
17.14,9317,0
17.16,9303,0
17.18,9326,0
17.20,9267,0
17.22,9258,0
17.24,9296,0
17.26,9318,0
17.28,9284,0
17.30,9234,0
17.32,9244,0
17.34,9300,0
17.36,9303,0
17.38,9292,0
17.40,9246,0
17.42,9192,0
17.44,9253,0
17.46,9324,0
17.48,9287,0
17.50,9261,0
17.52,9216,0
17.54,9234,0
17.56,9264,0
17.58,9303,0
17.60,9292,0
17.62,9269,0
17.64,9257,0
17.66,9306,0
17.68,9303,0
17.70,9264,0
17.72,9228,0
17.74,9222,0
17.76,9217,0
17.78,9254,0
17.80,9255,0
17.81,9236,0
17.83,9245,0
17.85,9231,0
17.87,9266,0
17.89,9260,0
17.91,9261,0
17.93,9218,0
17.95,9218,0
17.97,9227,0
17.99,9254,0
18.01,9279,0
18.03,9273,0
18.05,9251,0
18.07,9282,0
18.09,9283,0
18.11,9302,0
18.13,9280,0
18.15,9237,0
18.17,9268,0
18.19,9253,0
18.21,9259,0
18.23,9261,0
18.25,9241,0
18.27,9273,0
18.29,9320,0
18.31,9300,0
18.33,9338,0
18.35,9242,0
18.37,9251,0
18.39,9320,0
18.41,9320,0
18.43,9343,0
18.45,9294,0
18.47,9246,0
18.49,9242,0
18.51,9263,0
18.53,9261,0
18.55,9284,0
18.57,9223,0
18.59,9228,0
18.61,9250,0
18.63,9284,0
18.65,9351,0
18.67,9194,0
18.69,9206,0
18.71,9227,0
18.73,9276,0
18.75,9306,0
18.77,9279,0
18.79,9212,0
18.81,9238,0
18.83,9230,0
18.85,9247,0
18.87,9278,0
18.88,9220,0
18.90,9228,0
18.92,9283,0
18.94,9298,0
18.96,9276,0
18.98,9226,0
19.00,9208,0
19.02,9264,0
19.04,9311,0
19.06,9266,0
19.08,9221,0
19.10,9228,0
19.12,9298,0
19.14,9270,0
19.16,9272,0
19.18,9269,0
19.20,9246,0
19.22,9269,0
19.24,9300,0
19.26,9285,0
19.28,9303,0
19.30,9265,0
19.32,9258,0
19.34,9319,0
19.36,9303,0
19.38,9279,0
19.40,9283,0
19.42,9221,0
19.44,9295,0
19.46,9312,0
19.48,9318,0
19.50,9332,0
19.52,9252,0
19.54,9244,0
19.56,9314,0
19.58,9303,0
19.60,9307,0
19.62,9256,0
19.64,9287,0
19.66,9346,0
19.68,9282,0
19.70,9267,0
19.72,9261,0
19.74,9248,0
19.76,9316,0
19.78,9330,0
19.80,9312,0
19.82,9235,0
19.84,9203,0
19.86,9235,0
19.88,9282,0
19.90,9251,0
19.92,9247,0
19.94,9289,0
19.95,9268,0
19.97,9299,0
19.99,9334,0
20.01,9313,0
20.03,9279,0
20.05,9206,0
20.07,9292,0
20.09,9310,0
20.11,9297,0
20.13,9289,0
20.15,9242,0
20.17,9285,0
20.19,9357,0
20.21,9303,0
20.23,9291,0
20.25,9260,0
20.27,9234,0
20.29,9316,0
20.31,9326,0
20.33,9319,0
20.35,9316,0
20.37,9304,0
20.39,9360,0
20.41,9344,0
20.43,9321,0
20.45,9272,0
20.47,9279,0
20.49,9295,0
20.51,9333,0
20.53,9371,0
20.55,9323,0
20.57,9294,0
20.59,9298,0
20.61,9343,0
20.63,9345,0
20.65,9335,0
20.67,9258,0
20.69,9275,0
20.71,9345,0
20.73,9319,0
20.75,9293,0
20.77,9248,0
20.79,9247,0
20.81,9248,0
20.83,9312,0
20.85,9279,0
20.87,9241,0
20.89,9244,0
20.91,9268,0
20.93,9308,0
20.95,9298,0
20.97,9286,0
20.99,9262,0
21.01,9263,0
21.03,9300,0
21.04,9292,0
21.06,9300,0
21.08,9269,0
21.10,9240,0
21.12,9325,0
21.14,9309,0
21.16,9339,0
21.18,9306,0
21.20,9286,0
21.22,9268,0
21.24,9343,0
21.26,9331,0
21.28,9286,0
21.30,9246,0
21.32,9244,0
21.34,9312,0
21.36,9355,0
21.38,9288,0
21.40,9273,0
21.42,9308,0
21.44,9335,0
21.46,9354,0
21.48,9329,0
21.50,9405,0
21.52,9305,0
21.54,9322,0
21.56,9300,0
21.58,9316,0
21.60,9307,0
21.62,9316,0
21.64,9284,0
21.66,9296,0
21.68,9321,0
21.70,9326,0
21.72,9252,0
21.74,9243,0
21.76,9270,0
21.78,9325,0
21.80,9323,0
21.82,9256,0
21.84,9258,0
21.86,9283,0
21.88,9257,0
21.90,9304,0
21.92,9279,0
21.94,9222,0
21.96,9299,0
21.98,9316,0
22.00,9323,0
22.02,9348,0
22.04,9260,0
22.06,9204,0
22.08,9264,0
22.10,9286,0
22.11,9293,0
22.13,9301,0
22.15,9234,0
22.17,9307,0
22.19,9292,0
22.21,9316,0
22.23,9268,0
22.25,9225,0
22.27,9262,0
22.29,9305,0
22.31,9304,0
22.33,9306,0
22.35,9295,0
22.37,9302,0
22.39,9330,0
22.41,9314,0
22.43,9300,0
22.45,9279,0
22.47,9261,0
22.49,9301,0
22.51,9328,0
22.53,9279,0
22.55,9261,0
22.57,9281,0
22.59,9314,0
22.61,9354,0
22.63,9359,0
22.65,9367,0
22.67,9257,0
22.69,9269,0
22.71,9296,0
22.73,9345,0
22.75,9340,0
22.77,9329,0
22.79,9234,0
22.81,9307,0
22.83,9326,0
22.85,9303,0
22.87,9319,0
22.89,9239,0
22.91,9241,0
22.93,9310,0
22.95,9300,0
22.97,9318,0
22.99,9222,0
23.01,9253,0
23.03,9296,0
23.05,9329,0
23.07,9345,0
23.09,9219,0
23.11,9230,0
23.13,9257,0
23.15,9320,0
23.17,9355,0
23.18,9285,0
23.20,9248,0
23.22,9282,0
23.24,9311,0
23.26,9321,0
23.28,9278,0
23.30,9281,0
23.32,9234,0
23.34,9292,0
23.36,9322,0
23.38,9346,0
23.40,9281,0
23.42,9262,0
23.44,9251,0
23.46,9299,0
23.48,9273,0
23.50,9305,0
23.52,9270,0
23.54,9287,0
23.56,9317,0
23.58,9331,0
23.60,9322,0
23.62,9262,0
23.64,9238,0
23.66,9303,0
23.68,9340,0
23.70,9316,0
23.72,9259,0
23.74,9254,0
23.76,9323,0
23.78,9349,0
23.80,9326,0
23.82,9257,0
23.84,9274,0
23.86,9341,0
23.88,9363,0
23.90,9317,0
23.92,9276,0
23.94,9292,0
23.96,9283,0
23.98,9287,0
24.00,9355,0
24.02,9334,0
24.04,9309,0
24.06,9280,0
24.08,9274,0
24.10,9330,0
24.12,9329,0
24.14,9251,0
24.16,9223,0
24.18,9312,0
24.20,9326,0
24.22,9262,0
24.24,9299,0
24.25,9278,0
24.27,9271,0
24.29,9300,0
24.31,9314,0
24.33,9359,0
24.35,9262,0
24.37,9286,0
24.39,9275,0
24.41,9270,0
24.43,9280,0
24.45,9288,0
24.47,9222,0
24.49,9271,0
24.51,9315,0
24.53,9335,0
24.55,9309,0
24.57,9246,0
24.59,9242,0
24.61,9267,0
24.63,9321,0
24.65,9330,0
24.67,9278,0
24.69,9259,0
24.71,9302,0
24.73,9282,0
24.75,9273,0
24.77,9257,0
24.79,9312,0
24.81,9350,0
24.83,9356,0
24.85,9304,0
24.87,9252,0
24.89,9249,0
24.91,9269,0
24.93,9337,0
24.95,9349,0
24.97,9332,0
24.99,9283,0
25.01,9262,0
25.03,9292,0
25.05,9353,0
25.07,9350,0
25.09,9282,0
25.11,9256,0
25.13,9310,0
25.15,9353,0
25.17,9362,0
25.19,9291,0
25.21,9262,0
25.23,9333,0
25.25,9378,0
25.27,9324,0
25.29,9264,0
25.31,9274,0
25.32,9331,0
25.34,9334,0
25.36,9311,0
25.38,9320,0
25.40,9265,0
25.42,9247,0
25.44,9322,0
25.46,9292,0
25.48,9264,0
25.50,9271,0
25.52,9277,0
25.54,9310,0
25.56,9295,0
25.58,9302,0
25.60,9239,0
25.62,9269,0
25.64,9303,0
25.66,9312,0
25.68,9283,0
25.70,9260,0
25.72,9298,0
25.74,9247,0
25.76,9264,0
25.78,9291,0
25.80,9299,0
25.82,9328,0
25.84,9189,0
25.86,9278,0
25.88,9313,0
25.90,9312,0
25.92,9325,0
25.94,9290,0
25.96,9248,0
25.98,9338,0
26.00,9336,0
26.02,9321,0
26.04,9248,0
26.06,9292,0
26.08,9357,0
26.10,9341,0
26.12,9307,0
26.14,9300,0
26.16,9315,0
26.18,9284,0
26.20,9292,0
26.22,9318,0
26.24,9350,0
26.26,9310,0
26.28,9265,0
26.30,9343,0
26.32,9341,0
26.34,9318,0
26.36,9281,0
26.38,9288,0
26.39,9373,0
26.41,9321,0
26.43,9317,0
26.45,9339,0
26.47,9294,0
26.49,9289,0
26.51,9319,0
26.53,9315,0
26.55,9285,0
26.57,9241,0
26.59,9271,0
26.61,9321,0
26.63,9320,0
26.65,9284,0
26.67,9261,0
26.69,9297,0
26.71,9308,0
26.73,9313,0
26.75,9329,0
26.77,9305,0
26.79,9236,0
26.81,9323,0
26.83,9347,0
26.85,9338,0
26.87,9310,0
26.89,9258,0
26.91,9297,0
26.93,9288,0
26.95,9328,0
26.97,9344,0
26.99,9234,0
27.01,9283,0
27.03,9334,0
27.05,9337,0
27.07,9289,0
27.09,9279,0
27.11,9264,0
27.13,9329,0
27.15,9371,0
27.17,9313,0
27.19,9261,0
27.21,9304,0
27.23,9302,0
27.25,9304,0
27.27,9334,0
27.29,9344,0
27.31,9233,0
27.33,9308,0
27.35,9338,0
27.37,9330,0
27.39,9317,0
27.41,9285,0
27.43,9272,0
27.45,9295,0
27.46,9391,0
27.48,9366,0
27.50,9297,0
27.52,9240,0
27.54,9316,0
27.56,9362,0
27.58,9343,0
27.60,9292,0
27.62,9289,0
27.64,9324,0
27.66,9324,0
27.68,9282,0
27.70,9285,0
27.72,9274,0
27.74,9290,0
27.76,9289,0
27.78,9308,0
27.80,9343,0
27.82,9325,0
27.84,9261,0
27.86,9266,0
27.88,9326,0
27.90,9322,0
27.92,9293,0
27.94,9228,0
27.96,9290,0
27.98,9333,0
28.00,9311,0
28.02,9256,0
28.04,9276,0
28.06,9294,0
28.08,9333,0
28.10,9294,0
28.12,9267,0
28.14,9255,0
28.16,9269,0
28.18,9349,0
28.20,9356,0
28.22,9302,0
28.24,9320,0
28.26,9288,0
28.28,9325,0
28.30,9349,0
28.32,9311,0
28.34,9340,0
28.36,9274,0
28.38,9311,0
28.40,9357,0
28.42,9335,0
28.44,9332,0
28.46,9278,0
28.48,9257,0
28.50,9335,0
28.52,9341,0
28.53,9376,0
28.55,9326,0
28.57,9256,0
28.59,9296,0
28.61,9327,0
28.63,9299,0
28.65,9269,0
28.67,9290,0
28.69,9305,0
28.71,9350,0
28.73,9319,0
28.75,9280,0
28.77,9278,0
28.79,9240,0
28.81,9287,0
28.83,9321,0
28.85,9298,0
28.87,9305,0
28.89,9260,0
28.91,9273,0
28.93,9292,0
28.95,9280,0
28.97,9244,0
28.99,9261,0
29.01,9272,0
29.03,9345,0
29.05,9338,0
29.07,9302,0
29.09,9258,0
29.11,9230,0
29.13,9309,0
29.15,9317,0
29.17,9352,0
29.19,9275,0
29.21,9222,0
29.23,9290,0
29.25,9347,0
29.27,9323,0
29.29,9304,0
29.31,9286,0
29.33,9284,0
29.35,9319,0
29.37,9320,0
29.39,9312,0
29.41,9236,0
29.43,9247,0
29.45,9354,0
29.47,9333,0
29.49,9320,0
29.51,9314,0
29.53,9220,0
29.55,9320,0
29.57,9325,0
29.59,9284,0
29.60,9312,0
29.62,9257,0
29.64,9338,0
29.66,9338,0
29.68,9371,0
29.70,9316,0
29.72,9278,0
29.74,9294,0
29.76,9377,0
29.78,9337,0
29.80,9336,0
29.82,9277,0
29.84,9223,0
29.86,9275,0
29.88,9324,0
29.90,9323,0
29.92,9368,0
29.94,9269,0
29.96,9316,0
29.98,9331,0
30.00,9325,0
30.02,9344,0
30.04,9262,0
30.06,9222,0
30.08,9305,0
30.10,9313,0
30.12,9326,0
30.14,9334,0
30.16,9276,0
30.18,9296,0
30.20,9308,0
30.22,9316,0
30.24,9289,0
30.26,9261,0
30.28,9270,0
30.30,9318,0
30.32,9330,0
30.34,9326,0
30.36,9298,0
30.38,9321,0
30.40,9325,0
30.42,9336,0
30.44,9327,0
30.46,9299,0
30.48,9292,0
30.50,9326,0
30.52,9381,0
30.54,9334,0
30.56,9288,0
30.58,9269,0
30.60,9302,0
30.62,9354,0
30.64,9329,0
30.66,9345,0
30.67,9293,0
30.69,9311,0
30.71,9335,0
30.73,9350,0
30.75,9340,0
30.77,9303,0
30.79,9253,0
30.81,9301,0
30.83,9321,0
30.85,9369,0
30.87,9328,0
30.89,9282,0
30.91,9320,0
30.93,9346,0
30.95,9325,0
30.97,9276,0
30.99,9257,0
31.01,9281,0
31.03,9327,0
31.05,9301,0
31.07,9278,0
31.09,9282,0
31.11,9262,0
31.13,9284,0
31.15,9305,0
31.17,9301,0
31.19,9261,0
31.21,9281,0
31.23,9258,0
31.25,9366,0
31.27,9351,0
31.29,9287,0
31.31,9257,0
31.33,9277,0
31.35,9259,0
31.37,9360,0
31.39,9258,0
31.41,9261,0
31.43,9217,0
31.45,9299,0
31.47,9321,0
31.49,9338,0
31.51,9301,0
31.53,9257,0
31.55,9330,0
31.57,9346,0
31.59,9346,0
31.61,9312,0
31.63,9277,0
31.65,9343,0
31.67,9361,0
31.69,9355,0
31.71,9357,0
31.73,9283,0
31.74,9334,0
31.76,9371,0
31.78,9375,0
31.80,9338,0
31.82,9295,0
31.84,9319,0
31.86,9370,0
31.88,9316,0
31.90,9353,0
31.92,9285,0
31.94,9271,0
31.96,9296,0
31.98,9324,0
32.00,9346,0
32.02,9310,0
32.04,9243,0
32.06,9364,0
32.08,9334,0
32.10,9330,0
32.12,9303,0
32.14,9291,0
32.16,9285,0
32.18,9350,0
32.20,9306,0
32.22,9321,0
32.24,9259,0
32.26,9238,0
32.28,9333,0
32.30,9321,0
32.32,9322,0
32.34,9349,0
32.36,9285,0
32.38,9300,0
32.40,9346,0
32.42,9338,0
32.44,9304,0
32.46,9244,0
32.48,9257,0
32.50,9407,0
32.52,9322,0
32.54,9336,0
32.56,9286,0
32.58,9229,0
32.60,9296,0
32.62,9338,0
32.64,9354,0
32.66,9300,0
32.68,9224,0
32.70,9274,0
32.72,9325,0
32.74,9347,0
32.76,9373,0
32.78,9257,0
32.80,9288,0
32.82,9309,0
32.83,9311,0
32.85,9342,0
32.87,9305,0
32.89,9301,0
32.91,9367,0
32.93,9312,0
32.95,9325,0
32.97,9270,0
32.99,9240,0
33.01,9289,0
33.03,9319,0
33.05,9313,0
33.07,9295,0
33.09,9284,0
33.11,9326,0
33.13,9365,0
33.15,9360,0
33.17,9377,0
33.19,9249,0
33.21,9216,0
33.23,9286,0
33.25,9340,0
33.27,9328,0
33.29,9265,0
33.31,9233,0
33.33,9260,0
33.35,9296,0
33.37,9298,0
33.39,9276,0
33.41,9275,0
33.43,9281,0
33.45,9322,0
33.47,9306,0
33.49,9302,0
33.51,9280,0
33.53,9250,0
33.55,9318,0
33.57,9317,0
33.59,9290,0
33.61,9293,0
33.63,9245,0
33.65,9290,0
33.67,9339,0
33.69,9327,0
33.71,9310,0
33.73,9273,0
33.75,9316,0
33.77,9334,0
33.79,9305,0
33.81,9324,0
33.83,9254,0
33.85,9269,0
33.87,9328,0
33.89,9347,0
33.90,9363,0
33.92,9254,0
33.94,9249,0
33.96,9317,0
33.98,9311,0
34.00,9308,0
34.02,9272,0
34.04,9253,0
34.06,9278,0
34.08,9338,0
34.10,9351,0
34.12,9322,0
34.14,9296,0
34.16,9308,0
34.18,9335,0
34.20,9357,0
34.22,9312,0
34.24,9251,0
34.26,9243,0
34.28,9285,0
34.30,9347,0
34.32,9320,0
34.34,9296,0
34.36,9284,0
34.38,9246,0
34.40,9293,0
34.42,9276,0
34.44,9289,0
34.46,9243,0
34.48,9262,0
34.50,9332,0
34.52,9331,0
34.54,9307,0
34.56,9305,0
34.58,9262,0
34.60,9335,0
34.62,9286,0
34.64,9268,0
34.66,9251,0
34.68,9225,0
34.70,9275,0
34.72,9272,0
34.74,9297,0
34.76,9261,0
34.78,9229,0
34.80,9235,0
34.82,9315,0
34.84,9344,0
34.86,9339,0
34.88,9313,0
34.90,9282,0
34.92,9330,0
34.94,9319,0
34.96,9297,0
34.97,9303,0
34.99,9252,0
35.01,9309,0
35.03,9321,0
35.05,9325,0
35.07,9315,0
35.09,9262,0
35.11,9288,0
35.13,9307,0
35.15,9326,0
35.17,9307,0
35.19,9268,0
35.21,9264,0
35.23,9357,0
35.25,9369,0
35.27,9290,0
35.29,9295,0
35.31,9320,0
35.33,9322,0
35.35,9366,0
35.37,9363,0
35.39,9301,0
35.41,9258,0
35.43,9302,0
35.45,9330,0
35.47,9315,0
35.49,9295,0
35.51,9254,0
35.53,9267,0
35.55,9290,0
35.57,9315,0
35.59,9327,0
35.61,9264,0
35.63,9268,0
35.65,9269,0
35.67,9304,0
35.69,9332,0
35.71,9302,0
35.73,9246,0
35.75,9306,0
35.77,9318,0
35.79,9308,0
35.81,9331,0
35.83,9248,0
35.85,9284,0
35.87,9332,0
35.89,9308,0
35.91,9305,0
35.93,9277,0
35.95,9252,0
35.97,9307,0
35.99,9334,0
36.01,9342,0
36.03,9290,0
36.05,9273,0
36.06,9269,0
36.08,9298,0
36.10,9300,0
36.12,9295,0
36.14,9272,0
36.16,9284,0
36.18,9311,0
36.20,9305,0
36.22,9293,0
36.24,9306,0
36.26,9254,0
36.28,9325,0
36.30,9348,0
36.32,9324,0
36.34,9321,0
36.36,9290,0
36.38,9294,0
36.40,9311,0
36.42,9365,0
36.44,9320,0
36.46,9262,0
36.48,9283,0
36.50,9315,0
36.52,9312,0
36.54,9339,0
36.56,9250,0
36.58,9259,0
36.60,9333,0
36.62,9322,0
36.64,9318,0
36.66,9272,0
36.68,9215,0
36.70,9302,0
36.72,9304,0
36.74,9328,0
36.76,9261,0
36.78,9262,0
36.80,9269,0
36.82,9324,0
36.84,9280,0
36.86,9282,0
36.88,9213,0
36.90,9212,0
36.92,9298,0
36.94,9298,0
36.96,9286,0
36.98,9253,0
37.00,9231,0
37.02,9299,0
37.04,9299,0
37.06,9317,0
37.08,9287,0
37.10,9225,0
37.12,9301,0
37.14,9302,0
37.15,9308,0
37.17,9270,0
37.19,9240,0
37.21,9266,0
37.23,9304,0
37.25,9299,0
37.27,9276,0
37.29,9236,0
37.31,9214,0
37.33,9286,0
37.35,9292,0
37.37,9242,0
37.39,9271,0
37.41,9238,0
37.43,9319,0
37.45,9335,0
37.47,9305,0
37.49,9273,0
37.51,9289,0
37.53,9311,0
37.55,9347,0
37.57,9339,0
37.59,9325,0
37.61,9264,0
37.63,9256,0
37.65,9323,0
37.67,9304,0
37.69,9275,0
37.71,9244,0
37.73,9221,0
37.75,9278,0
37.77,9306,0
37.79,9300,0
37.81,9230,0
37.83,9203,0
37.85,9229,0
37.87,9261,0
37.89,9245,0
37.91,9226,0
37.93,9223,0
37.95,9257,0
37.97,9237,0
37.99,9314,0
38.01,9292,0
38.03,9258,0
38.05,9247,0
38.07,9319,0
38.09,9304,0
38.11,9308,0
38.13,9228,0
38.15,9233,0
38.17,9265,0
38.19,9287,0
38.21,9330,0
38.22,9290,0
38.24,9233,0
38.26,9282,0
38.28,9309,0
38.30,9293,0
38.32,9263,0
38.34,9221,0
38.36,9198,0
38.38,9250,0
38.40,9283,0
38.42,9257,0
38.44,9237,0
38.46,9228,0
38.48,9250,0
38.50,9292,0
38.52,9270,0
38.54,9262,0
38.56,9226,0
38.58,9268,0
38.60,9292,0
38.62,9320,0
38.64,9311,0
38.66,9200,0
38.68,9275,0
38.70,9311,0
38.72,9315,0
38.74,9283,0
38.76,9250,0
38.78,9203,0
38.80,9264,0
38.82,9303,0
38.84,9266,0
38.86,9294,0
38.88,9259,0
38.90,9252,0
38.92,9321,0
38.94,9303,0
38.96,9315,0
38.98,9293,0
39.00,9262,0
39.02,9296,0
39.04,9297,0
39.06,9270,0
39.08,9258,0
39.10,9197,0
39.12,9244,0
39.14,9261,0
39.16,9272,0
39.18,9219,0
39.20,9173,0
39.22,9208,0
39.24,9234,0
39.26,9238,0
39.28,9265,0
39.29,9184,0
39.31,9246,0
39.33,9236,0
39.35,9284,0
39.37,9249,0
39.39,9205,0
39.41,9262,0
39.43,9234,0
39.45,9261,0
39.47,9261,0
39.49,9208,0
39.51,9199,0
39.53,9214,0
39.55,9261,0
39.57,9275,0
39.59,9272,0
39.61,9179,0
39.63,9226,0
39.65,9285,0
39.67,9275,0
39.69,9286,0
39.71,9207,0
39.73,9239,0
39.75,9298,0
39.77,9271,0
39.79,9252,0
39.81,9237,0
39.83,9224,0
39.85,9267,0
39.87,9282,0
39.89,9315,0
39.91,9272,0
39.93,9254,0
39.95,9243,0
39.97,9314,0
39.99,9313,0
40.01,9317,0
40.03,9281,0
40.05,9279,0
40.07,9332,0
40.09,9310,0
40.11,9317,0
40.13,9285,0
40.15,9266,0
40.17,9289,0
40.19,9310,0
40.21,9308,0
40.23,9253,0
40.25,9242,0
40.27,9247,0
40.29,9285,0
40.31,9272,0
40.33,9290,0
40.35,9213,0
40.36,9219,0
40.38,9257,0
40.40,9321,0
40.42,9286,0
40.44,9270,0
40.46,9265,0
40.48,9290,0
40.50,9284,0
40.52,9291,0
40.54,9231,0
40.56,9227,0
40.58,9240,0
40.60,9322,0
40.62,9272,0
40.64,9254,0
40.66,9215,0
40.68,9279,0
40.70,9309,0
40.72,9334,0
40.74,9309,0
40.76,9274,0
40.78,9290,0
40.80,9307,0
40.82,9327,0
40.84,9329,0
40.86,9249,0
40.88,9229,0
40.90,9245,0
40.92,9258,0
40.94,9218,0
40.96,9279,0
40.98,9214,0
41.00,9237,0
41.02,9321,0
41.04,9280,0
41.06,9279,0
41.08,9241,0
41.10,9256,0
41.12,9284,0
41.14,9292,0
41.16,9283,0
41.18,9265,0
41.20,9225,0
41.22,9247,0
41.24,9312,0
41.26,9291,0
41.28,9232,0
41.30,9207,0
41.32,9268,0
41.34,9272,0
41.36,9294,0
41.38,9274,0
41.40,9218,0
41.42,9220,0
41.44,9272,0
41.45,9294,0
41.47,9310,0
41.49,9283,0
41.51,9274,0
41.53,9323,0
41.55,9332,0
41.57,9324,0
41.59,9252,0
41.61,9185,0
41.63,9252,0
41.65,9273,0
41.67,9329,0
41.69,9277,0
41.71,9243,0
41.73,9208,0
41.75,9255,0
41.77,9302,0
41.79,9274,0
41.81,9290,0
41.83,9293,0
41.85,9263,0
41.87,9307,0
41.89,9307,0
41.91,9261,0
41.93,9258,0
41.95,9329,0
41.97,9337,0
41.99,9318,0
42.01,9303,0
42.03,9225,0
42.05,9312,0
42.07,9344,0
42.09,9305,0
42.11,9287,0
42.13,9263,0
42.15,9236,0
42.17,9305,0
42.19,9348,0
42.21,9304,0
42.23,9288,0
42.25,9286,0
42.27,9343,0
42.29,9313,0
42.31,9351,0
42.33,9311,0
42.35,9266,0
42.37,9285,0
42.39,9282,0
42.41,9289,0
42.43,9205,0
42.45,9222,0
42.47,9216,0
42.49,9310,0
42.51,9259,0
42.53,9288,0
42.54,9246,0
42.56,9241,0
42.58,9304,0
42.60,9328,0
42.62,9296,0
42.64,9266,0
42.66,9226,0
42.68,9250,0
42.70,9248,0
42.72,9264,0
42.74,9253,0
42.76,9182,0
42.78,9238,0
42.80,9271,0
42.82,9256,0
42.84,9264,0
42.86,9292,0
42.88,9248,0
42.90,9342,0
42.92,9343,0
42.94,9305,0
42.96,9277,0
42.98,9234,0
43.00,9309,0
43.02,9293,0
43.04,9288,0
43.06,9287,0
43.08,9254,0
43.10,9278,0
43.12,9278,0
43.14,9333,0
43.16,9283,0
43.18,9258,0
43.20,9231,0
43.22,9294,0
43.24,9332,0
43.26,9307,0
43.28,9305,0
43.30,9261,0
43.32,9302,0
43.34,9289,0
43.36,9281,0
43.38,9244,0
43.40,9256,0
43.42,9265,0
43.44,9271,0
43.46,9296,0
43.48,9224,0
43.50,9250,0
43.52,9237,0
43.54,9279,0
43.56,9302,0
43.58,9297,0
43.60,9237,0
43.61,9254,0
43.63,9289,0
43.65,9279,0
43.67,9254,0
43.69,9271,0
43.71,9239,0
43.73,9279,0
43.75,9291,0
43.77,9265,0
43.79,9252,0
43.81,9221,0
43.83,9213,0
43.85,9263,0
43.87,9266,0
43.89,9249,0
43.91,9256,0
43.93,9249,0
43.95,9295,0
43.97,9303,0
43.99,9316,0
44.01,9246,0
44.03,9254,0
44.05,9283,0
44.07,9285,0
44.09,9257,0
44.11,9305,0
44.13,9259,0
44.15,9263,0
44.17,9308,0
44.19,9321,0
44.21,9289,0
44.23,9233,0
44.25,9275,0
44.27,9329,0
44.29,9302,0
44.31,9292,0
44.33,9288,0
44.35,9262,0
44.37,9351,0
44.39,9320,0
44.41,9326,0
44.43,9252,0
44.45,9190,0
44.47,9315,0
44.49,9329,0
44.51,9309,0
44.53,9356,0
44.55,9246,0
44.57,9244,0
44.59,9299,0
44.61,9284,0
44.63,9289,0
44.65,9236,0
44.67,9249,0
44.68,9295,0
44.70,9266,0
44.72,9270,0
44.74,9220,0
44.76,9227,0
44.78,9276,0
44.80,9329,0
44.82,9281,0
44.84,9244,0
44.86,9196,0
44.88,9263,0
44.90,9300,0
44.92,9321,0
44.94,9286,0
44.96,9238,0
44.98,9194,0
45.00,9261,0
45.02,9288,0
45.04,9287,0
45.06,9285,0
45.08,9248,0
45.10,9258,0
45.12,9276,0
45.14,9268,0
45.16,9360,0
45.18,9209,0
45.20,9260,0
45.22,9324,0
45.24,9319,0
45.26,9312,0
45.28,9205,0
45.30,9289,0
45.32,9279,0
45.34,9306,0
45.36,9316,0
45.38,9246,0
45.40,9251,0
45.42,9313,0
45.44,9295,0
45.46,9320,0
45.48,9282,0
45.50,9263,0
45.52,9289,0
45.54,9261,0
45.56,9291,0
45.58,9188,0
45.60,9245,0
45.62,9203,0
45.64,9288,0
45.66,9275,0
45.68,9244,0
45.70,9239,0
45.72,9200,0
45.74,9311,0
45.75,9290,0
45.77,9235,0
45.79,9256,0
45.81,9226,0
45.83,9212,0
45.85,9308,0
45.87,9249,0
45.89,9238,0
45.91,9234,0
45.93,9207,0
45.95,9261,0
45.97,9291,0
45.99,9238,0
46.01,9235,0
46.03,9257,0
46.05,9308,0
46.07,9261,0
46.09,9266,0
46.11,9260,0
46.13,9214,0
46.15,9237,0
46.17,9290,0
46.19,9252,0
46.21,9281,0
46.23,9217,0
46.25,9249,0
46.27,9298,0
46.29,9252,0
46.31,9254,0
46.33,9245,0
46.35,9226,0
46.37,9266,0
46.39,9304,0
46.41,9286,0
46.43,9254,0
46.45,9256,0
46.47,9272,0
46.49,9283,0
46.51,9283,0
46.53,9277,0
46.55,9196,0
46.57,9269,0
46.59,9298,0
46.61,9288,0
46.63,9266,0
46.65,9187,0
46.67,9235,0
46.69,9267,0
46.71,9285,0
46.73,9274,0
46.75,9208,0
46.77,9206,0
46.79,9221,0
46.81,9275,0
46.82,9269,0
46.84,9249,0
46.86,9200,0
46.88,9242,0
46.90,9252,0
46.92,9267,0
46.94,9205,0
46.96,9220,0
46.98,9214,0
47.00,9271,0
47.02,9290,0
47.04,9245,0
47.06,9235,0
47.08,9174,0
47.10,9296,0
47.12,9224,0
47.14,9252,0
47.16,9288,0
47.18,9214,0
47.20,9265,0
47.22,9262,0
47.24,9262,0
47.26,9274,0
47.28,9206,0
47.30,9258,0
47.32,9309,0
47.34,9287,0
47.36,9327,0
47.38,9217,0
47.40,9245,0
47.42,9287,0
47.44,9305,0
47.46,9276,0
47.48,9245,0
47.50,9225,0
47.52,9292,0
47.54,9275,0
47.56,9315,0
47.58,9269,0
47.60,9221,0
47.62,9292,0
47.64,9293,0
47.66,9279,0
47.68,9306,0
47.70,9227,0
47.72,9252,0
47.74,9268,0
47.76,9244,0
47.78,9291,0
47.80,9234,0
47.82,9165,0
47.84,9293,0
47.86,9252,0
47.88,9276,0
47.89,9263,0
47.91,9224,0
47.93,9228,0
47.95,9305,0
47.97,9284,0
47.99,9267,0
48.01,9212,0
48.03,9199,0
48.05,9309,0
48.07,9271,0
48.09,9289,0
48.11,9245,0
48.13,9220,0
48.15,9252,0
48.17,9287,0
48.19,9253,0
48.21,9238,0
48.23,9194,0
48.25,9225,0
48.27,9296,0
48.29,9292,0
48.31,9244,0
48.33,9211,0
48.35,9268,0
48.37,9332,0
48.39,9261,0
48.41,9258,0
48.43,9247,0
48.45,9231,0
48.47,9289,0
48.49,9317,0
48.51,9272,0
48.53,9231,0
48.55,9258,0
48.57,9227,0
48.59,9354,0
48.61,9317,0
48.63,9268,0
48.65,9231,0
48.67,9300,0
48.69,9270,0
48.71,9374,0
48.73,9219,0
48.75,9213,0
48.77,9279,0
48.79,9275,0
48.81,9261,0
48.83,9263,0
48.85,9262,0
48.87,9214,0
48.89,9246,0
48.91,9307,0
48.93,9251,0
48.95,9267,0
48.96,9235,0
48.98,9257,0
49.00,9276,0
49.02,9301,0
49.04,9271,0
49.06,9182,0
49.08,9291,0
49.10,9254,0
49.12,9303,0
49.14,9284,0
49.16,9204,0
49.18,9285,0
49.20,9271,0
49.22,9252,0
49.24,9322,0
49.26,9249,0
49.28,9212,0
49.30,9264,0
49.32,9275,0
49.34,9274,0
49.36,9268,0
49.38,9245,0
49.40,9254,0
49.42,9299,0
49.44,9309,0
49.46,9194,0
49.48,9286,0
49.50,9242,0
49.52,9271,0
49.54,9318,0
49.56,9299,0
49.58,9251,0
49.60,9249,0
49.62,9315,0
49.64,9273,0
49.66,9327,0
49.68,9256,0
49.70,9190,0
49.72,9285,0
49.74,9289,0
49.76,9308,0
49.78,9351,0
49.80,9214,0
49.82,9268,0
49.84,9356,0
49.86,9288,0
49.88,9309,0
49.90,9245,0
49.92,9212,0
49.94,9283,0
49.96,9302,0
49.98,9284,0
50.00,9271,0
50.01,9200,0
50.03,9267,0
50.05,9301,0
50.07,9279,0
50.09,9340,0
50.11,9203,0
50.13,9301,0
50.15,9310,0
50.17,9252,0
50.19,9270,0
50.21,9206,0
50.23,9226,0
50.25,9311,0
50.27,9330,0
50.29,9266,0
50.31,9237,0
50.33,9234,0
50.35,9234,0
50.37,9308,0
50.39,9302,0
50.41,9241,0
50.43,9244,0
50.45,9228,0
50.47,9319,0
50.49,9320,0
50.51,9237,0
50.53,9224,0
50.55,9257,0
50.57,9307,0
50.59,9299,0
50.61,9293,0
50.63,9239,0
50.65,9241,0
50.67,9287,0
50.69,9316,0
50.71,9353,0
50.73,9253,0
50.75,9221,0
50.77,9331,0
50.79,9321,0
50.81,9295,0
50.83,9330,0
50.85,9261,0
50.87,9300,0
50.89,9295,0
50.91,9307,0
50.93,9324,0
50.95,9241,0
50.97,9247,0
50.99,9294,0
51.01,9276,0
51.03,9300,0
51.05,9267,0
51.07,9189,0
51.08,9260,0
51.10,9277,0
51.12,9253,0
51.14,9279,0
51.16,9221,0
51.18,9264,0
51.20,9325,0
51.22,9314,0
51.24,9266,0
51.26,9244,0
51.28,9269,0
51.30,9260,0
51.32,9348,0
51.34,9260,0
51.36,9202,0
51.38,9252,0
51.40,9312,0
51.42,9284,0
51.44,9302,0
51.46,9311,0
51.48,9212,0
51.50,9267,0
51.52,9300,0
51.54,9317,0
51.56,9265,0
51.58,9239,0
51.60,9290,0
51.62,9267,0
51.64,9357,0
51.66,9307,0
51.68,9205,0
51.70,9251,0
51.72,9308,0
51.74,9348,0
51.76,9315,0
51.78,9269,0
51.80,9266,0
51.82,9277,0
51.84,9309,0
51.86,9346,0
51.88,9279,0
51.90,9257,0
51.92,9259,0
51.94,9343,0
51.96,9312,0
51.98,9321,0
52.00,9260,0
52.02,9256,0
52.04,9266,0
52.06,9336,0
52.08,9241,0
52.10,9247,0
52.12,9236,0
52.13,9270,0
52.15,9272,0
52.17,9261,0
52.19,9309,0
52.21,9232,0
52.23,9278,0
52.25,9322,0
52.27,9300,0
52.29,9288,0
52.31,9259,0
52.33,9216,0
52.35,9307,0
52.37,9276,0
52.39,9300,0
52.41,9249,0
52.43,9256,0
52.45,9273,0
52.47,9346,0
52.49,9290,0
52.51,9254,0
52.53,9218,0
52.55,9245,0
52.57,9328,0
52.59,9305,0
52.61,9272,0
52.63,9229,0
52.65,9226,0
52.67,9323,0
52.69,9277,0
52.71,9307,0
52.73,9278,0
52.75,9214,0
52.77,9299,0
52.79,9319,0
52.81,9325,0
52.83,9213,0
52.85,9262,0
52.87,9352,0
52.89,9288,0
52.91,9295,0
52.93,9285,0
52.95,9297,0
52.97,9310,0
52.99,9321,0
53.01,9317,0
53.03,9329,0
53.05,9243,0
53.07,9284,0
53.09,9319,0
53.11,9346,0
53.13,9301,0
53.15,9269,0
53.17,9275,0
53.19,9251,0
53.20,9341,0
53.22,9253,0
53.24,9317,0
53.26,9201,0
53.28,9307,0
53.30,9281,0
53.32,9327,0
53.34,9282,0
53.36,9238,0
53.38,9233,0
53.40,9309,0
53.42,9288,0
53.44,9315,0
53.46,9220,0
53.48,9260,0
53.50,9268,0
53.52,9292,0
53.54,9346,0
53.56,9239,0
53.58,9228,0
53.60,9293,0
53.62,9302,0
53.64,9287,0
53.66,9291,0
53.68,9213,0
53.70,9288,0
53.72,9293,0
53.74,9294,0
53.76,9336,0
53.78,9204,0
53.80,9279,0
53.82,9335,0
53.84,9325,0
53.86,9346,0
53.88,9241,0
53.90,9241,0
53.92,9328,0
53.94,9325,0
53.96,9337,0
53.98,9277,0
54.00,9310,0
54.02,9277,0
54.04,9325,0
54.06,9353,0
54.08,9272,0
54.10,9241,0
54.12,9333,0
54.14,9340,0
54.16,9294,0
54.18,9282,0
54.20,9282,0
54.22,9217,0
54.24,9375,0
54.26,9339,0
54.27,9263,0
54.29,9286,0
54.31,9236,0
54.33,9250,0
54.35,9306,0
54.37,9282,0
54.39,9256,0
54.41,9274,0
54.43,9246,0
54.45,9329,0
54.47,9334,0
54.49,9305,0
54.51,9245,0
54.53,9294,0
54.55,9275,0
54.57,9316,0
54.59,9319,0
54.61,9209,0
54.63,9212,0
54.65,9328,0
54.67,9289,0
54.69,9294,0
54.71,9264,0
54.73,9246,0
54.75,9278,0
54.77,9346,0
54.79,9300,0
54.81,9287,0
54.83,9261,0
54.85,9274,0
54.87,9304,0
54.89,9329,0
54.91,9295,0
54.93,9279,0
54.95,9252,0
54.97,9260,0
54.99,9360,0
55.01,9293,0
55.03,9320,0
55.05,9276,0
55.07,9312,0
55.09,9349,0
55.11,9319,0
55.13,9291,0
55.15,9246,0
55.17,9315,0
55.19,9348,0
55.21,9319,0
55.23,9302,0
55.25,9305,0
55.27,9320,0
55.29,9292,0
55.31,9323,0
55.32,9318,0
55.34,9295,0
55.36,9256,0
55.38,9252,0
55.40,9334,0
55.42,9311,0
55.44,9295,0
55.46,9219,0
55.48,9260,0
55.50,9355,0
55.52,9323,0
55.54,9263,0
55.56,9310,0
55.58,9310,0
55.60,9305,0
55.62,9273,0
55.64,9282,0
55.66,9263,0
55.68,9252,0
55.70,9220,0
55.72,9304,0
55.74,9317,0
55.76,9278,0
55.78,9248,0
55.80,9283,0
55.82,9290,0
55.84,9327,0
55.86,9322,0
55.88,9218,0
55.90,9249,0
55.92,9321,0
55.94,9389,0
55.96,9314,0
55.98,9249,0
56.00,9258,0
56.02,9259,0
56.04,9343,0
56.06,9333,0
56.08,9286,0
56.10,9266,0
56.12,9258,0
56.14,9316,0
56.16,9315,0
56.18,9368,0
56.20,9269,0
56.22,9273,0
56.24,9303,0
56.26,9301,0
56.28,9340,0
56.30,9299,0
56.32,9241,0
56.34,9290,0
56.36,9331,0
56.38,9296,0
56.39,9291,0
56.41,9217,0
56.43,9278,0
56.45,9316,0
56.47,9324,0
56.49,9274,0
56.51,9226,0
56.53,9291,0
56.55,9321,0
56.57,9315,0
56.59,9296,0
56.61,9211,0
56.63,9283,0
56.65,9321,0
56.67,9298,0
56.69,9278,0
56.71,9230,0
56.73,9301,0
56.75,9353,0
56.77,9321,0
56.79,9259,0
56.81,9266,0
56.83,9247,0
56.85,9311,0
56.87,9323,0
56.89,9304,0
56.91,9235,0
56.93,9209,0
56.95,9243,0
56.97,9276,0
56.99,9339,0
57.01,9333,0
57.03,9259,0
57.05,9285,0
57.07,9276,0
57.09,9319,0
57.11,9281,0
57.13,9281,0
57.15,9298,0
57.17,9344,0
57.19,9306,0
57.21,9323,0
57.23,9265,0
57.25,9277,0
57.27,9303,0
57.29,9345,0
57.31,9290,0
57.33,9267,0
57.35,9265,0
57.37,9261,0
57.39,9332,0
57.41,9336,0
57.43,9286,0
57.45,9244,0
57.47,9203,0
57.48,9248,0
57.50,9314,0
57.52,9352,0
57.54,9260,0
57.56,9239,0
57.58,9274,0
57.60,9288,0
57.62,9301,0
57.64,9241,0
57.66,9235,0
57.68,9243,0
57.70,9351,0
57.72,9316,0
57.74,9291,0
57.76,9226,0
57.78,9268,0
57.80,9343,0
57.82,9360,0
57.84,9295,0
57.86,9262,0
57.88,9257,0
57.90,9337,0
57.92,9344,0
57.94,9340,0
57.96,9272,0
57.98,9246,0
58.00,9248,0
58.02,9330,0
58.04,9340,0
58.06,9299,0
58.08,9275,0
58.10,9258,0
58.12,9329,0
58.14,9332,0
58.16,9345,0
58.18,9269,0
58.20,9266,0
58.22,9338,0
58.24,9328,0
58.26,9297,0
58.28,9260,0
58.30,9274,0
58.32,9318,0
58.34,9342,0
58.36,9351,0
58.38,9287,0
58.40,9270,0
58.42,9323,0
58.44,9352,0
58.46,9300,0
58.48,9317,0
58.50,9239,0
58.52,9278,0
58.54,9312,0
58.55,9343,0
58.57,9320,0
58.59,9256,0
58.61,9239,0
58.63,9289,0
58.65,9307,0
58.67,9328,0
58.69,9305,0
58.71,9243,0
58.73,9265,0
58.75,9303,0
58.77,9331,0
58.79,9307,0
58.81,9257,0
58.83,9283,0
58.85,9326,0
58.87,9300,0
58.89,9305,0
58.91,9240,0
58.93,9263,0
58.95,9355,0
58.97,9321,0
58.99,9349,0
59.01,9249,0
59.03,9246,0
59.05,9299,0
59.07,9345,0
59.09,9337,0
59.11,9366,0
59.13,9265,0
59.15,9299,0
59.17,9371,0
59.19,9326,0
59.21,9312,0
59.23,9288,0
59.25,9282,0
59.27,9289,0
59.29,9290,0
59.31,9287,0
59.33,9270,0
59.35,9226,0
59.37,9293,0
59.39,9314,0
59.41,9305,0
59.43,9316,0
59.45,9293,0
59.47,9344,0
59.49,9337,0
59.51,9341,0
59.53,9299,0
59.55,9281,0
59.57,9285,0
59.59,9325,0
59.61,9302,0
59.62,9279,0
59.64,9256,0
59.66,9275,0
59.68,9294,0
59.70,9312,0
59.72,9299,0
59.74,9261,0
59.76,9251,0
59.78,9285,0
59.80,9334,0
59.82,9314,0
59.84,9280,0
59.86,9264,0
59.88,9273,0
59.90,9352,0
59.92,9317,0
59.94,9341,0
59.96,9297,0
59.98,9299,0
60.00,9324,0
60.02,9347,0
60.04,9320,0
60.06,9293,0
60.08,9267,0
60.10,9319,0
60.12,9375,0
60.14,9300,0
60.16,9291,0
60.18,9309,0
60.20,9314,0
60.22,9348,0
60.24,9373,0
60.26,9362,0
60.28,9267,0
60.30,9291,0
60.32,9285,0
60.34,9320,0
60.36,9303,0
60.38,9270,0
60.40,9259,0
60.42,9367,0
60.44,9351,0
60.46,9337,0
60.48,9313,0
60.50,9289,0
60.52,9300,0
60.54,9318,0
60.56,9281,0
60.58,9290,0
60.60,9263,0
60.62,9284,0
60.64,9329,0
60.66,9350,0
60.68,9287,0
60.69,9260,0
60.71,9264,0
60.73,9361,0
60.75,9352,0
60.77,9282,0
60.79,9265,0
60.81,9255,0
60.83,9292,0
60.85,9347,0
60.87,9346,0
60.89,9264,0
60.91,9219,0
60.93,9262,0
60.95,9306,0
60.97,9307,0
60.99,9281,0
61.01,9279,0
61.03,9320,0
61.05,9281,0
61.07,9334,0
61.09,9283,0
61.11,9258,0
61.13,9293,0
61.15,9382,0
61.17,9338,0
61.19,9332,0
61.21,9285,0
61.23,9265,0
61.25,9300,0
61.27,9378,0
61.29,9310,0
61.31,9354,0
61.33,9248,0
61.35,9240,0
61.37,9310,0
61.39,9322,0
61.41,9304,0
61.43,9352,0
61.45,9327,0
61.47,9314,0
61.49,9336,0
61.51,9314,0
61.53,9263,0
61.55,9240,0
61.57,9351,0
61.59,9325,0
61.61,9301,0
61.63,9319,0
61.65,9253,0
61.67,9307,0
61.69,9280,0
61.71,9314,0
61.73,9350,0
61.75,9282,0
61.77,9260,0
61.79,9325,0
61.81,9312,0
61.82,9320,0
61.84,9266,0
61.86,9313,0
61.88,9331,0
61.90,9339,0
61.92,9349,0
61.94,9320,0
61.96,9285,0
61.98,9296,0
62.00,9343,0
62.02,9304,0
62.04,9279,0
62.06,9300,0
62.08,9281,0
62.10,9335,0
62.12,9344,0
62.14,9357,0
62.16,9329,0
62.18,9237,0
62.20,9333,0
62.22,9320,0
62.24,9336,0
62.26,9242,0
62.28,9257,0
62.30,9316,0
62.32,9325,0
62.34,9353,0
62.36,9267,0
62.38,9260,0
62.40,9272,0
62.42,9314,0
62.44,9290,0
62.46,9285,0
62.48,9264,0
62.50,9309,0
62.52,9317,0
62.54,9315,0
62.56,9336,0
62.58,9221,0
62.60,9291,0
62.62,9313,0
62.64,9340,0
62.66,9333,0
62.68,9285,0
62.70,9247,0
62.72,9288,0
62.74,9340,0
62.76,9339,0
62.78,9312,0
62.80,9256,0
62.82,9309,0
62.84,9292,0
62.86,9302,0
62.88,9280,0
62.90,9219,0
62.92,9244,0
62.93,9330,0
62.95,9346,0
62.97,9353,0
62.99,9271,0
63.01,9257,0
63.03,9349,0
63.05,9347,0
63.07,9334,0
63.09,9274,0
63.11,9241,0
63.13,9301,0
63.15,9339,0
63.17,9313,0
63.19,9263,0
63.21,9238,0
63.23,9273,0
63.25,9301,0
63.27,9331,0
63.29,9308,0
63.31,9293,0
63.33,9262,0
63.35,9364,0
63.37,9318,0
63.39,9314,0
63.41,9311,0
63.43,9275,0
63.45,9361,0
63.47,9356,0
63.49,9333,0
63.51,9309,0
63.53,9314,0
63.55,9343,0
63.57,9356,0
63.59,9353,0
63.61,9310,0
63.63,9271,0
63.65,9263,0
63.67,9353,0
63.69,9342,0
63.71,9336,0
63.73,9279,0
63.75,9268,0
63.77,9288,0
63.79,9303,0
63.81,9307,0
63.83,9251,0
63.85,9249,0
63.87,9317,0
63.89,9347,0
63.91,9363,0
63.93,9273,0
63.95,9229,0
63.97,9261,0
63.99,9308,0
64.01,9327,0
64.03,9295,0
64.05,9262,0
64.06,9268,0
64.08,9323,0
64.10,9332,0
64.12,9328,0
64.14,9272,0
64.16,9295,0
64.18,9391,0
64.20,9299,0
64.22,9328,0
64.24,9278,0
64.26,9224,0
64.28,9316,0
64.30,9378,0
64.32,9335,0
64.34,9391,0
64.36,9265,0
64.38,9289,0
64.40,9376,0
64.42,9356,0
64.44,9342,0
64.46,9302,0
64.48,9296,0
64.50,9305,0
64.52,9352,0
64.54,9290,0
64.56,9259,0
64.58,9290,0
64.60,9354,0
64.62,9348,0
64.64,9387,0
64.66,9317,0
64.68,9270,0
64.70,9294,0
64.72,9384,0
64.74,9285,0
64.76,9306,0
64.78,9242,0
64.80,9264,0
64.82,9312,0
64.84,9347,0
64.86,9282,0
64.88,9276,0
64.90,9258,0
64.92,9356,0
64.94,9329,0
64.96,9329,0
64.98,9273,0
65.00,9254,0
65.02,9300,0
65.04,9336,0
65.06,9368,0
65.08,9259,0
65.10,9312,0
65.12,9278,0
65.14,9334,0
65.16,9342,0
65.17,9296,0
65.19,9287,0
65.21,9288,0
65.23,9376,0
65.25,9313,0
65.27,9359,0
65.29,9243,0
65.31,9300,0
65.33,9270,0
65.35,9398,0
65.37,9326,0
65.39,9345,0
65.41,9231,0
65.43,9312,0
65.45,9312,0
65.47,9382,0
65.49,9328,0
65.51,9294,0
65.53,9254,0
65.55,9343,0
65.57,9369,0
65.59,9343,0
65.61,9306,0
65.63,9255,0
65.65,9341,0
65.67,9358,0
65.69,9334,0
65.71,9262,0
65.73,9267,0
65.75,9319,0
65.77,9356,0
65.79,9325,0
65.81,9320,0
65.83,9255,0
65.85,9289,0
65.87,9365,0
65.89,9353,0
65.91,9305,0
65.93,9330,0
65.95,9267,0
65.97,9302,0
65.99,9358,0
66.01,9356,0
66.03,9268,0
66.05,9287,0
66.07,9278,0
66.09,9356,0
66.11,9390,0
66.13,9291,0
66.15,9279,0
66.17,9301,0
66.19,9314,0
66.21,9371,0
66.23,9283,0
66.25,9312,0
66.27,9318,0
66.28,9313,0
66.30,9348,0
66.32,9314,0
66.34,9331,0
66.36,9343,0
66.38,9335,0
66.40,9391,0
66.42,9375,0
66.44,9351,0
66.46,9269,0
66.48,9317,0
66.50,9336,0
66.52,9350,0
66.54,9370,0
66.56,9290,0
66.58,9258,0
66.60,9352,0
66.62,9369,0
66.64,9346,0
66.66,9258,0
66.68,9284,0
66.70,9349,0
66.72,9312,0
66.74,9317,0
66.76,9289,0
66.78,9311,0
66.80,9338,0
66.82,9345,0
66.84,9315,0
66.86,9326,0
66.88,9232,0
66.90,9276,0
66.92,9339,0
66.94,9331,0
66.96,9308,0
66.98,9293,0
67.00,9290,0
67.02,9354,0
67.04,9308,0
67.06,9256,0
67.08,9266,0
67.10,9218,0
67.12,9272,0
67.14,9316,0
67.16,9335,0
67.18,9306,0
67.20,9278,0
67.22,9279,0
67.24,9355,0
67.26,9323,0
67.28,9275,0
67.30,9285,0
67.32,9272,0
67.34,9317,0
67.35,9404,0
67.37,9337,0
67.39,9283,0
67.41,9205,0
67.43,9311,0
67.45,9367,0
67.47,9295,0
67.49,9292,0
67.51,9240,0
67.53,9314,0
67.55,9338,0
67.57,9350,0
67.59,9304,0
67.61,9270,0
67.63,9321,0
67.65,9309,0
67.67,9360,0
67.69,9347,0
67.71,9293,0
67.73,9284,0
67.75,9331,0
67.77,9327,0
67.79,9305,0
67.81,9276,0
67.83,9253,0
67.85,9250,0
67.87,9335,0
67.89,9320,0
67.91,9299,0
67.93,9240,0
67.95,9304,0
67.97,9352,0
67.99,9363,0
68.01,9251,0
68.03,9305,0
68.05,9349,0
68.07,9314,0
68.09,9327,0
68.11,9320,0
68.13,9320,0
68.15,9268,0
68.17,9246,0
68.19,9337,0
68.21,9360,0
68.23,9331,0
68.25,9230,0
68.27,9270,0
68.29,9319,0
68.31,9328,0
68.33,9366,0
68.35,9323,0
68.37,9286,0
68.39,9288,0
68.41,9329,0
68.42,9361,0
68.44,9290,0
68.46,9241,0
68.48,9322,0
68.50,9288,0
68.52,9370,0
68.54,9297,0
68.56,9266,0
68.58,9320,0
68.60,9364,0
68.62,9349,0
68.64,9286,0
68.66,9277,0
68.68,9304,0
68.70,9358,0
68.72,9336,0
68.74,9325,0
68.76,9310,0
68.78,9307,0
68.80,9369,0
68.82,9356,0
68.84,9348,0
68.86,9307,0
68.88,9243,0
68.90,9283,0
68.92,9339,0
68.94,9352,0
68.96,9300,0
68.98,9317,0
69.00,9278,0
69.02,9366,0
69.04,9339,0
69.06,9327,0
69.08,9261,0
69.10,9248,0
69.12,9347,0
69.14,9378,0
69.16,9302,0
69.18,9252,0
69.20,9257,0
69.22,9290,0
69.24,9313,0
69.26,9356,0
69.28,9295,0
69.30,9293,0
69.32,9356,0
69.34,9311,0
69.36,9342,0
69.38,9298,0
69.40,9271,0
69.42,9318,0
69.44,9388,0
69.46,9394,0
69.48,9331,0
69.50,9291,0
69.52,9304,0
69.53,9368,0
69.55,9373,0
69.57,9364,0
69.59,9284,0
69.61,9292,0
69.63,9327,0
69.65,9363,0
69.67,9358,0
69.69,9345,0
69.71,9261,0
69.73,9277,0
69.75,9381,0
69.77,9358,0
69.79,9354,0
69.81,9337,0
69.83,9294,0
69.85,9331,0
69.87,9312,0
69.89,9340,0
69.91,9243,0
69.93,9279,0
69.95,9322,0
69.97,9335,0
69.99,9329,0
70.01,9292,0
70.03,9264,0
70.05,9328,0
70.07,9339,0
70.09,9305,0
70.11,9308,0
70.13,9282,0
70.15,9328,0
70.17,9358,0
70.19,9350,0
70.21,9321,0
70.23,9291,0
70.25,9280,0
70.27,9302,0
70.29,9339,0
70.31,9324,0
70.33,9284,0
70.35,9244,0
70.37,9296,0
70.39,9385,0
70.41,9317,0
70.43,9283,0
70.45,9290,0
70.47,9326,0
70.49,9383,0
70.51,9376,0
70.53,9392,0
70.55,9327,0
70.57,9312,0
70.59,9366,0
70.60,9407,0
70.62,9410,0
70.64,9343,0
