4,11978,0
19.86,11962,0
19.88,11984,0
19.90,11970,0
19.92,12012,0
19.94,11996,0
19.96,11994,0
19.98,12028,0
20.00,12003,0
20.02,11991,0
20.04,12000,0
20.06,12003,0
20.08,12009,0
20.10,12023,0
20.12,12024,0
20.14,12031,0
20.16,11993,0
20.18,12012,0
20.20,12034,0
20.22,12023,0
20.24,12049,0
20.26,12040,0
20.28,12022,0
20.30,12047,0
20.32,12030,0
20.34,12017,0
20.36,12030,0
20.38,12044,0
20.40,12056,0
20.42,12051,0
20.44,12006,0
20.46,12039,0
20.48,12039,0
20.50,12070,0
20.52,12056,0
20.54,12048,0
20.56,12071,0
20.58,12079,0
20.60,12093,0
20.61,12076,0
20.63,12064,0
20.65,12060,0
20.67,12105,0
20.69,12111,0
20.71,12074,0
20.73,12088,0
20.75,12070,0
20.77,12079,0
20.79,12079,0
20.81,12094,0
20.83,12076,0
20.85,12112,0
20.87,12082,0
20.89,12105,0
20.91,12072,0
20.93,12070,0
20.95,12090,0
20.97,12099,0
20.99,12119,0
21.01,12124,0
21.03,12121,0
21.05,12116,0
21.07,12106,0
21.09,12110,0
21.11,12152,0
21.13,12138,0
21.15,12160,0
21.17,12126,0
21.19,12121,0
21.21,12125,0
21.23,12098,0
21.25,12146,0
21.27,12141,0
21.29,12158,0
21.31,12143,0
21.33,12145,0
21.35,12132,0
21.37,12161,0
21.39,12109,0
21.41,12137,0
21.43,12153,0
21.45,12150,0
21.47,12166,0
21.49,12121,0
21.51,12129,0
21.53,12110,0
21.55,12122,0
21.57,12131,0
21.59,12144,0
21.61,12135,0
21.63,12185,0
21.65,12176,0
21.67,12153,0
21.69,12157,0
21.71,12132,0
21.73,12142,0
21.74,12174,0
21.76,12178,0
21.78,12170,0
21.80,12176,0
21.82,12171,0
21.84,12172,0
21.86,12169,0
21.88,12184,0
21.90,12170,0
21.92,12129,0
21.94,12159,0
21.96,12171,0
21.98,12205,0
22.00,12176,0
22.02,12145,0
22.04,12152,0
22.06,12166,0
22.08,12154,0
22.10,12161,0
22.12,12179,0
22.14,12167,0
22.16,12169,0
22.18,12172,0
22.20,12180,0
22.22,12158,0
22.24,12171,0
22.26,12170,0
22.28,12200,0
22.30,12192,0
22.32,12216,0
22.34,12208,0
22.36,12190,0
22.38,12196,0
22.40,12209,0
22.42,12212,0
22.44,12201,0
22.46,12188,0
22.48,12184,0
22.50,12194,0
22.52,12191,0
22.54,12207,0
22.56,12201,0
22.58,12193,0
22.60,12212,0
22.62,12191,0
22.64,12212,0
22.66,12211,0
22.68,12209,0
22.70,12215,0
22.72,12192,0
22.74,12200,0
22.76,12222,0
22.78,12174,0
22.80,12172,0
22.82,12195,0
22.84,12185,0
22.85,12185,0
22.87,12200,0
22.89,12193,0
22.91,12192,0
22.93,12192,0
22.95,12185,0
22.97,12202,0
22.99,12182,0
23.01,12197,0
23.03,12189,0
23.05,12199,0
23.07,12197,0
23.09,12195,0
23.11,12200,0
23.13,12221,0
23.15,12201,0
23.17,12208,0
23.19,12208,0
23.21,12213,0
23.23,12209,0
23.25,12210,0
23.27,12173,0
23.29,12213,0
23.31,12196,0
23.33,12223,0
23.35,12224,0
23.37,12200,0
23.39,12204,0
23.41,12210,0
23.43,12245,0
23.45,12214,0
23.47,12202,0
23.49,12221,0
23.51,12242,0
23.53,12230,0
23.55,12231,0
23.57,12205,0
23.59,12247,0
23.61,12242,0
23.63,12243,0
23.65,12232,0
23.67,12242,0
23.69,12214,0
23.71,12192,0
23.73,12236,0
23.75,12223,0
23.77,12240,0
23.79,12257,0
23.81,12259,0
23.83,12240,0
23.85,12256,0
23.87,12245,0
23.89,12206,0
23.91,12221,0
23.93,12198,0
23.95,12232,0
23.97,12229,0
23.99,12227,0
24.00,12214,0
24.02,12221,0
24.04,12231,0
24.06,12258,0
24.08,12239,0
24.10,12230,0
24.12,12212,0
24.14,12243,0
24.16,12222,0
24.18,12230,0
24.20,12238,0
24.22,12213,0
24.24,12220,0
24.26,12233,0
24.28,12243,0
24.30,12274,0
24.32,12267,0
24.34,12226,0
24.36,12251,0
24.38,12244,0
24.40,12231,0
24.42,12236,0
24.44,12232,0
24.46,12222,0
24.48,12240,0
24.50,12218,0
24.52,12228,0
24.54,12258,0
24.56,12237,0
24.58,12231,0
24.60,12239,0
24.62,12242,0
24.64,12254,0
24.66,12228,0
24.68,12235,0
24.70,12214,0
24.72,12249,0
24.74,12232,0
24.76,12250,0
24.78,12222,0
24.80,12229,0
24.82,12257,0
24.84,12210,0
24.86,12223,0
24.88,12237,0
24.90,12241,0
24.92,12244,0
24.94,12241,0
24.96,12252,0
24.98,12236,0
25.00,12231,0
25.02,12258,0
25.04,12248,0
25.06,12255,0
25.08,12265,0
25.10,12285,0
25.11,12246,0
25.13,12244,0
25.15,12256,0
25.17,12246,0
25.19,12235,0
25.21,12233,0
25.23,12236,0
25.25,12253,0
25.27,12235,0
25.29,12232,0
25.31,12251,0
25.33,12245,0
25.35,12245,0
25.37,12234,0
25.39,12249,0
25.41,12263,0
25.43,12261,0
25.45,12255,0
25.47,12243,0
25.49,12255,0
25.51,12228,0
25.53,12237,0
25.55,12252,0
25.57,12238,0
25.59,12241,0
25.61,12241,0
25.63,12228,0
25.65,12241,0
25.67,12229,0
25.69,12241,0
25.71,12227,0
25.73,12232,0
25.75,12260,0
25.77,12242,0
25.79,12233,0
25.81,12234,0
25.83,12235,0
25.85,12256,0
25.87,12218,0
25.89,12257,0
25.91,12237,0
25.93,12234,0
25.95,12226,0
25.97,12241,0
25.99,12237,0
26.01,12240,0
26.03,12258,0
26.05,12242,0
26.07,12251,0
26.09,12238,0
26.11,12229,0
26.13,12235,0
26.15,12252,0
26.17,12270,0
26.19,12264,0
26.21,12253,0
26.23,12263,0
26.24,12249,0
26.26,12249,0
26.28,12229,0
26.30,12270,0
26.32,12265,0
26.34,12236,0
26.36,12237,0
26.38,12257,0
26.40,12268,0
26.42,12280,0
26.44,12256,0
26.46,12272,0
26.48,12261,0
26.50,12242,0
26.52,12265,0
26.54,12239,0
26.56,12235,0
26.58,12273,0
26.60,12262,0
26.62,12270,0
26.64,12249,0
26.66,12272,0
26.68,12273,0
26.70,12265,0
26.72,12260,0
26.74,12283,0
26.76,12284,0
26.78,12262,0
26.80,12263,0
26.82,12246,0
26.84,12246,0
26.86,12246,0
26.88,12239,0
26.90,12266,0
26.92,12253,0
26.94,12266,0
26.96,12261,0
26.98,12264,0
27.00,12293,0
27.02,12289,0
27.04,12305,0
27.06,12295,0
27.08,12279,0
27.10,12270,0
27.12,12266,0
27.14,12238,0
27.16,12261,0
27.18,12259,0
27.20,12282,0
27.22,12263,0
27.24,12262,0
27.26,12254,0
27.28,12245,0
27.30,12257,0
27.32,12253,0
27.34,12255,0
27.36,12283,0
27.37,12270,0
27.39,12260,0
27.41,12253,0
27.43,12261,0
27.45,12273,0
27.47,12278,0
27.49,12266,0
27.51,12281,0
27.53,12271,0
27.55,12267,0
27.57,12253,0
27.59,12269,0
27.61,12268,0
27.63,12252,0
27.65,12260,0
27.67,12253,0
27.69,12248,0
27.71,12259,0
27.73,12275,0
27.75,12225,0
27.77,12243,0
27.79,12272,0
27.81,12273,0
27.83,12290,0
27.85,12275,0
27.87,12285,0
27.89,12288,0
27.91,12271,0
27.93,12266,0
27.95,12265,0
27.97,12252,0
27.99,12256,0
28.01,12251,0
28.03,12255,0
28.05,12276,0
28.07,12258,0
28.09,12277,0
28.11,12281,0
28.13,12263,0
28.15,12280,0
28.17,12245,0
28.19,12269,0
28.21,12268,0
28.23,12258,0
28.25,12242,0
28.27,12256,0
28.29,12254,0
28.31,12290,0
28.33,12226,0
28.35,12267,0
28.37,12265,0
28.39,12276,0
28.41,12260,0
28.43,12255,0
28.45,12263,0
28.47,12262,0
28.48,12309,0
28.50,12267,0
28.52,12285,0
28.54,12269,0
28.56,12293,0
28.58,12301,0
28.60,12307,0
28.62,12303,0
28.64,12290,0
28.66,12303,0
28.68,12306,0
28.70,12290,0
28.72,12269,0
28.74,12281,0
28.76,12273,0
28.78,12265,0
28.80,12255,0
28.82,12252,0
28.84,12279,0
28.86,12284,0
28.88,12274,0
28.90,12276,0
28.92,12288,0
28.94,12290,0
28.96,12277,0
28.98,12257,0
29.00,12261,0
29.02,12274,0
29.04,12284,0
29.06,12244,0
29.08,12256,0
29.10,12261,0
29.12,12289,0
29.14,12253,0
29.16,12254,0
29.18,12266,0
29.20,12267,0
29.22,12269,0
29.24,12293,0
29.26,12246,0
29.28,12258,0
29.30,12270,0
29.32,12284,0
29.34,12295,0
29.36,12297,0
29.38,12306,0
29.40,12285,0
29.42,12272,0
29.44,12284,0
29.46,12271,0
29.48,12268,0
29.50,12266,0
29.52,12290,0
29.54,12272,0
29.56,12269,0
29.58,12289,0
29.60,12284,0
29.62,12261,0
29.63,12281,0
29.65,12276,0
29.67,12286,0
29.69,12308,0
29.71,12305,0
29.73,12308,0
29.75,12270,0
29.77,12266,0
29.79,12282,0
29.81,12290,0
29.83,12316,0
29.85,12309,0
29.87,12309,0
29.89,12296,0
29.91,12281,0
29.93,12291,0
29.95,12282,0
29.97,12286,0
29.99,12277,0
30.01,12264,0
30.03,12249,0
30.05,12284,0
30.07,12275,0
30.09,12298,0
30.11,12247,0
30.13,12293,0
30.15,12286,0
30.17,12297,0
30.19,12298,0
30.21,12291,0
30.23,12277,0
30.25,12266,0
30.27,12264,0
30.29,12282,0
30.31,12277,0
30.33,12289,0
30.35,12268,0
30.37,12282,0
30.39,12302,0
30.41,12321,0
30.43,12285,0
30.45,12303,0
30.47,12294,0
30.49,12286,0
30.51,12274,0
30.53,12275,0
30.55,12278,0
30.57,12265,0
30.59,12268,0
30.61,12291,0
30.63,12273,0
30.65,12271,0
30.67,12300,0
30.69,12276,0
30.71,12286,0
30.73,12292,0
30.74,12295,0
30.76,12298,0
30.78,12291,0
30.80,12276,0
30.82,12263,0
30.84,12273,0
30.86,12261,0
30.88,12271,0
30.90,12293,0
30.92,12275,0
30.94,12275,0
30.96,12297,0
30.98,12304,0
31.00,12258,0
31.02,12276,0
31.04,12293,0
31.06,12272,0
31.08,12286,0
31.10,12289,0
31.12,12276,0
31.14,12261,0
31.16,12256,0
31.18,12272,0
31.20,12259,0
31.22,12262,0
31.24,12268,0
31.26,12262,0
31.28,12281,0
31.30,12270,0
31.32,12275,0
31.34,12277,0
31.36,12285,0
31.38,12289,0
31.40,12271,0
31.42,12288,0
31.44,12252,0
31.46,12271,0
31.48,12292,0
31.50,12289,0
31.52,12268,0
31.54,12315,0
31.56,12306,0
31.58,12300,0
31.60,12303,0
31.62,12310,0
31.64,12303,0
31.66,12290,0
31.68,12278,0
31.70,12275,0
31.72,12262,0
31.74,12297,0
31.76,12290,0
31.78,12307,0
31.80,12280,0
31.82,12290,0
31.84,12277,0
31.86,12281,0
31.87,12291,0
31.89,12261,0
31.91,12262,0
31.93,12292,0
31.95,12258,0
31.97,12266,0
31.99,12290,0
32.01,12276,0
32.03,12276,0
32.05,12264,0
32.07,12277,0
32.09,12274,0
32.11,12285,0
32.13,12280,0
32.15,12293,0
32.17,12277,0
32.19,12295,0
32.21,12296,0
32.23,12277,0
32.25,12278,0
32.27,12285,0
32.29,12290,0
32.31,12325,0
32.33,12272,0
32.35,12314,0
32.37,12287,0
32.39,12270,0
32.41,12266,0
32.43,12273,0
32.45,12278,0
32.47,12279,0
32.49,12280,0
32.51,12326,0
32.53,12302,0
32.55,12306,0
32.57,12313,0
32.59,12274,0
32.61,12276,0
32.63,12269,0
32.65,12274,0
32.67,12295,0
32.69,12295,0
32.71,12289,0
32.73,12314,0
32.75,12292,0
32.77,12292,0
32.79,12298,0
32.81,12287,0
32.83,12281,0
32.85,12275,0
32.87,12270,0
32.89,12303,0
32.91,12303,0
32.93,12305,0
32.95,12288,0
32.97,12328,0
32.99,12293,0
33.00,12303,0
33.02,12319,0
33.04,12314,0
33.06,12302,0
33.08,12309,0
33.10,12300,0
33.12,12281,0
33.14,12273,0
33.16,12307,0
33.18,12298,0
33.20,12281,0
33.22,12305,0
33.24,12285,0
33.26,12298,0
33.28,12303,0
33.30,12309,0
33.32,12304,0
33.34,12291,0
33.36,12284,0
33.38,12289,0
33.40,12279,0
33.42,12294,0
33.44,12285,0
33.46,12275,0
33.48,12272,0
33.50,12281,0
33.52,12302,0
33.54,12271,0
33.56,12289,0
33.58,12268,0
33.60,12270,0
33.62,12265,0
33.64,12291,0
33.66,12272,0
33.68,12281,0
33.70,12262,0
33.72,12268,0
33.74,12284,0
33.76,12265,0
33.78,12265,0
33.80,12270,0
33.82,12267,0
33.84,12268,0
33.86,12300,0
33.88,12277,0
33.90,12277,0
33.92,12257,0
33.94,12295,0
33.96,12270,0
33.98,12284,0
34.00,12288,0
34.02,12290,0
34.04,12292,0
34.06,12307,0
34.08,12304,0
34.10,12269,0
34.12,12271,0
34.13,12276,0
34.15,12304,0
34.17,12289,0
34.19,12288,0
34.21,12293,0
34.23,12298,0
34.25,12308,0
34.27,12319,0
34.29,12295,0
34.31,12309,0
34.33,12311,0
34.35,12304,0
34.37,12304,0
34.39,12300,0
34.41,12318,0
34.43,12323,0
34.45,12322,0
34.47,12323,0
34.49,12308,0
34.51,12309,0
34.53,12299,0
34.55,12312,0
34.57,12322,0
34.59,12315,0
34.61,12321,0
34.63,12305,0
34.65,12321,0
34.67,12317,0
34.69,12326,0
34.71,12304,0
34.73,12321,0
34.75,12308,0
34.77,12294,0
34.79,12288,0
34.81,12283,0
34.83,12286,0
34.85,12271,0
34.87,12274,0
34.89,12298,0
34.91,12285,0
34.93,12288,0
34.95,12284,0
34.97,12301,0
34.99,12279,0
35.01,12294,0
35.03,12281,0
35.05,12284,0
35.07,12294,0
35.09,12283,0
35.11,12305,0
35.13,12280,0
35.15,12312,0
35.17,12290,0
35.19,12293,0
35.21,12290,0
35.23,12285,0
35.25,12280,0
35.26,12293,0
35.28,12291,0
35.30,12280,0
35.32,12295,0
35.34,12274,0
35.36,12281,0
35.38,12292,0
35.40,12294,0
35.42,12284,0
35.44,12327,0
35.46,12303,0
35.48,12319,0
35.50,12328,0
35.52,12331,0
35.54,12301,0
35.56,12304,0
35.58,12305,0
35.60,12307,0
35.62,12314,0
35.64,12322,0
35.66,12325,0
35.68,12327,0
35.70,12299,0
35.72,12326,0
35.74,12308,0
35.76,12288,0
35.78,12298,0
35.80,12292,0
35.82,12295,0
35.84,12318,0
35.86,12309,0
35.88,12315,0
35.90,12318,0
35.92,12302,0
35.94,12304,0
35.96,12303,0
35.98,12289,0
36.00,12280,0
36.02,12292,0
36.04,12263,0
36.06,12284,0
36.08,12300,0
36.10,12295,0
36.12,12308,0
36.14,12311,0
36.16,12314,0
36.18,12262,0
36.20,12286,0
36.22,12291,0
36.24,12258,0
36.26,12266,0
36.28,12297,0
36.30,12290,0
36.32,12297,0
36.34,12283,0
36.36,12282,0
36.37,12288,0
36.39,12323,0
36.41,12310,0
36.43,12321,0
36.45,12294,0
36.47,12290,0
36.49,12305,0
36.51,12285,0
36.53,12298,0
36.55,12290,0
36.57,12299,0
36.59,12288,0
36.61,12281,0
36.63,12293,0
36.65,12322,0
36.67,12280,0
36.69,12329,0
36.71,12286,0
36.73,12302,0
36.75,12289,0
36.77,12302,0
36.79,12316,0
36.81,12305,0
36.83,12307,0
36.85,12310,0
36.87,12306,0
36.89,12285,0
36.91,12286,0
36.93,12318,0
36.95,12301,0
36.97,12304,0
36.99,12319,0
37.01,12324,0
37.03,12309,0
37.05,12300,0
37.07,12318,0
37.09,12315,0
37.11,12312,0
37.13,12323,0
37.15,12307,0
37.17,12322,0
37.19,12309,0
37.21,12324,0
37.23,12272,0
37.25,12300,0
37.27,12318,0
37.29,12314,0
37.31,12298,0
37.33,12315,0
37.35,12301,0
37.37,12305,0
37.39,12279,0
37.41,12284,0
37.43,12286,0
37.45,12272,0
37.47,12280,0
37.49,12277,0
37.50,12313,0
37.52,12303,0
37.54,12299,0
37.56,12309,0
37.58,12302,0
37.60,12300,0
37.62,12313,0
37.64,12309,0
37.66,12331,0
37.68,12307,0
37.70,12297,0
37.72,12311,0
37.74,12294,0
37.76,12288,0
37.78,12312,0
37.80,12321,0
37.82,12302,0
37.84,12343,0
37.86,12332,0
37.88,12327,0
37.90,12317,0
37.92,12315,0
37.94,12312,0
37.96,12330,0
37.98,12302,0
38.00,12313,0
38.02,12332,0
38.04,12299,0
38.06,12308,0
38.08,12298,0
38.10,12290,0
38.12,12306,0
38.14,12291,0
38.16,12301,0
38.18,12327,0
38.20,12292,0
38.22,12305,0
38.24,12335,0
38.26,12316,0
38.28,12327,0
38.30,12292,0
38.32,12296,0
38.34,12309,0
38.36,12332,0
38.38,12309,0
38.40,12309,0
38.42,12306,0
38.44,12299,0
38.46,12330,0
38.48,12306,0
38.50,12288,0
38.52,12293,0
38.54,12304,0
38.56,12288,0
38.58,12292,0
38.60,12319,0
38.62,12288,0
38.63,12297,0
38.65,12297,0
38.67,12293,0
38.69,12295,0
38.71,12303,0
38.73,12295,0
38.75,12279,0
38.77,12290,0
38.79,12295,0
38.81,12286,0
38.83,12302,0
38.85,12311,0
38.87,12316,0
38.89,12318,0
38.91,12284,0
38.93,12303,0
38.95,12277,0
38.97,12298,0
38.99,12306,0
39.01,12298,0
39.03,12303,0
39.05,12291,0
39.07,12288,0
39.09,12281,0
39.11,12303,0
39.13,12297,0
39.15,12316,0
39.17,12327,0
39.19,12326,0
39.21,12313,0
39.23,12310,0
39.25,12311,0
39.27,12302,0
39.29,12289,0
39.31,12294,0
39.33,12297,0
39.35,12295,0
39.37,12301,0
39.39,12293,0
39.41,12315,0
39.43,12301,0
39.45,12323,0
39.47,12285,0
39.49,12302,0
39.51,12316,0
39.53,12319,0
39.55,12319,0
39.57,12315,0
39.59,12325,0
39.61,12299,0
39.63,12328,0
39.65,12304,0
39.67,12307,0
39.69,12313,0
39.71,12295,0
39.73,12283,0
39.75,12304,0
39.76,12296,0
39.78,12289,0
39.80,12295,0
39.82,12322,0
39.84,12315,0
39.86,12287,0
39.88,12293,0
39.90,12295,0
39.92,12300,0
39.94,12327,0
39.96,12290,0
39.98,12300,0
40.00,12309,0
40.02,12296,0
40.04,12306,0
40.06,12300,0
40.08,12309,0
40.10,12315,0
40.12,12314,0
40.14,12334,0
40.16,12292,0
40.18,12302,0
40.20,12336,0
40.22,12329,0
40.24,12343,0
40.26,12334,0
40.28,12349,0
40.30,12316,0
40.32,12338,0
40.34,12344,0
40.36,12321,0
40.38,12340,0
40.40,12295,0
40.42,12324,0
40.44,12303,0
40.46,12315,0
40.48,12324,0
40.50,12321,0
40.52,12302,0
40.54,12308,0
40.56,12307,0
40.58,12322,0
40.60,12312,0
40.62,12307,0
40.64,12350,0
40.66,12299,0
40.68,12349,0
40.70,12340,0
40.72,12334,0
40.74,12336,0
40.76,12333,0
40.78,12319,0
40.80,12319,0
40.82,12315,0
40.84,12325,0
40.86,12325,0
40.88,12296,0
40.89,12321,0
40.91,12275,0
40.93,12304,0
40.95,12307,0
40.97,12322,0
40.99,12294,0
41.01,12285,0
41.03,12311,0
41.05,12309,0
41.07,12317,0
41.09,12343,0
41.11,12328,0
41.13,12341,0
41.15,12317,0
41.17,12334,0
41.19,12356,0
41.21,12338,0
41.23,12304,0
41.25,12319,0
41.27,12332,0
41.29,12346,0
41.31,12327,0
41.33,12326,0
41.35,12342,0
41.37,12332,0
41.39,12323,0
41.41,12327,0
41.43,12309,0
41.45,12315,0
41.47,12320,0
41.49,12325,0
41.51,12295,0
41.53,12324,0
41.55,12304,0
41.57,12335,0
41.59,12314,0
41.61,12315,0
41.63,12320,0
41.65,12344,0
41.67,12341,0
41.69,12336,0
41.71,12325,0
41.73,12357,0
41.75,12321,0
41.77,12300,0
41.79,12305,0
41.81,12337,0
41.83,12338,0
41.85,12351,0
41.87,12340,0
41.89,12318,0
41.91,12350,0
41.93,12324,0
41.95,12367,0
41.97,12345,0
41.99,12333,0
42.00,12333,0
42.02,12335,0
42.04,12325,0
42.06,12333,0
42.08,12321,0
42.10,12323,0
42.12,12315,0
42.14,12313,0
42.16,12305,0
42.18,12304,0
42.20,12322,0
42.22,12337,0
42.24,12330,0
42.26,12331,0
42.28,12301,0
42.30,12315,0
42.32,12316,0
42.34,12317,0
42.36,12333,0
42.38,12300,0
42.40,12295,0
42.42,12340,0
42.44,12345,0
42.46,12334,0
42.48,12324,0
42.50,12332,0
42.52,12312,0
42.54,12331,0
42.56,12323,0
42.58,12327,0
42.60,12336,0
42.62,12312,0
42.64,12331,0
42.66,12341,0
42.68,12340,0
42.70,12304,0
42.72,12298,0
42.74,12310,0
42.76,12320,0
42.78,12327,0
42.80,12339,0
42.82,12351,0
42.84,12319,0
42.86,12325,0
42.88,12326,0
42.90,12346,0
42.92,12293,0
42.94,12284,0
42.96,12312,0
42.98,12299,0
43.00,12308,0
43.02,12333,0
43.04,12323,0
43.06,12333,0
43.08,12330,0
43.10,12324,0
43.12,12324,0
43.13,12326,0
43.15,12359,0
43.17,12324,0
43.19,12325,0
43.21,12325,0
43.23,12318,0
43.25,12311,0
43.27,12305,0
43.29,12310,0
43.31,12303,0
43.33,12309,0
43.35,12285,0
43.37,12322,0
43.39,12332,0
43.41,12340,0
43.43,12334,0
43.45,12321,0
43.47,12343,0
43.49,12337,0
43.51,12339,0
43.53,12332,0
43.55,12332,0
43.57,12320,0
43.59,12321,0
43.61,12344,0
43.63,12303,0
43.65,12309,0
43.67,12312,0
43.69,12323,0
43.71,12307,0
43.73,12300,0
43.75,12332,0
43.77,12327,0
43.79,12331,0
43.81,12317,0
43.83,12319,0
43.85,12318,0
43.87,12334,0
43.89,12320,0
43.91,12337,0
43.93,12329,0
43.95,12332,0
43.97,12309,0
43.99,12309,0
44.01,12333,0
44.03,12313,0
44.05,12316,0
44.07,12337,0
44.09,12337,0
44.11,12327,0
44.13,12333,0
44.15,12324,0
44.17,12336,0
44.19,12350,0
44.21,12335,0
44.23,12344,0
44.24,12341,0
44.26,12364,0
44.28,12342,0
44.30,12332,0
44.32,12338,0
44.34,12366,0
44.36,12343,0
44.38,12325,0
44.40,12360,0
44.42,12330,0
44.44,12329,0
44.46,12312,0
44.48,12296,0
44.50,12326,0
44.52,12313,0
44.54,12312,0
44.56,12336,0
44.58,12349,0
44.60,12326,0
44.62,12316,0
44.64,12310,0
44.66,12306,0
44.68,12332,0
44.70,12338,0
44.72,12301,0
44.74,12292,0
44.76,12300,0
44.78,12299,0
44.80,12333,0
44.82,12325,0
44.84,12302,0
44.86,12315,0
44.88,12322,0
44.90,12346,0
44.92,12324,0
44.94,12307,0
44.96,12320,0
44.98,12327,0
45.00,12342,0
45.02,12326,0
45.04,12319,0
45.06,12326,0
45.08,12323,0
45.10,12346,0
45.12,12317,0
45.14,12317,0
45.16,12353,0
45.18,12332,0
45.20,12341,0
45.22,12324,0
45.24,12349,0
45.26,12338,0
45.28,12340,0
45.30,12324,0
45.32,12374,0
45.34,12329,0
45.36,12334,0
45.38,12340,0
45.39,12343,0
45.41,12338,0
45.43,12337,0
45.45,12350,0
45.47,12361,0
45.49,12346,0
45.51,12333,0
45.53,12339,0
45.55,12317,0
45.57,12350,0
45.59,12298,0
45.61,12297,0
45.63,12299,0
45.65,12303,0
45.67,12314,0
45.69,12318,0
45.71,12315,0
45.73,12311,0
45.75,12316,0
45.77,12296,0
45.79,12296,0
45.81,12303,0
45.83,12331,0
45.85,12299,0
45.87,12301,0
45.89,12292,0
45.91,12324,0
45.93,12341,0
45.95,12312,0
45.97,12316,0
45.99,12314,0
46.01,12310,0
46.03,12319,0
46.05,12311,0
46.07,12309,0
46.09,12303,0
46.11,12293,0
46.13,12304,0
46.15,12316,0
46.17,12314,0
46.19,12305,0
46.21,12309,0
46.23,12326,0
46.25,12325,0
46.27,12325,0
46.29,12330,0
46.31,12318,0
46.33,12324,0
46.35,12354,0
46.37,12318,0
46.39,12316,0
46.41,12331,0
46.43,12320,0
46.45,12339,0
46.47,12344,0
46.49,12311,0
46.50,12342,0
46.52,12344,0
46.54,12333,0
46.56,12333,0
46.58,12337,0
46.60,12334,0
46.62,12321,0
46.64,12313,0
46.66,12324,0
46.68,12308,0
46.70,12324,0
46.72,12307,0
46.74,12305,0
46.76,12332,0
46.78,12293,0
46.80,12298,0
46.82,12290,0
46.84,12301,0
46.86,12305,0
46.88,12290,0
46.90,12278,0
46.92,12282,0
46.94,12297,0
46.96,12303,0
46.98,12303,0
47.00,12296,0
47.02,12298,0
47.04,12297,0
47.06,12285,0
47.08,12292,0
47.10,12274,0
47.12,12290,0
47.14,12308,0
47.16,12305,0
47.18,12316,0
47.20,12321,0
47.22,12293,0
47.24,12317,0
47.26,12330,0
47.28,12320,0
47.30,12300,0
47.32,12325,0
47.34,12321,0
47.36,12308,0
47.38,12329,0
47.40,12333,0
47.42,12293,0
47.44,12298,0
47.46,12305,0
47.48,12309,0
47.50,12322,0
47.52,12360,0
47.54,12315,0
47.56,12305,0
47.58,12328,0
47.60,12317,0
47.62,12322,0
47.63,12293,0
47.65,12329,0
47.67,12312,0
47.69,12304,0
47.71,12303,0
47.73,12330,0
47.75,12306,0
47.77,12334,0
47.79,12324,0
47.81,12330,0
47.83,12325,0
47.85,12336,0
47.87,12315,0
47.89,12329,0
47.91,12317,0
47.93,12314,0
47.95,12321,0
47.97,12336,0
47.99,12320,0
48.01,12306,0
48.03,12310,0
48.05,12293,0
48.07,12252,0
48.09,12256,0
48.11,12236,0
48.13,12268,0
48.15,12264,0
48.17,12264,0
48.19,12272,0
48.21,12276,0
48.23,12264,0
48.25,12287,0
48.27,12268,0
48.29,12272,0
48.31,12271,0
48.33,12265,0
48.35,12270,0
48.37,12252,0
48.39,12264,0
48.41,12258,0
48.43,12263,0
48.45,12267,0
48.47,12259,0
48.49,12275,0
48.51,12295,0
48.53,12293,0
48.55,12288,0
48.57,12297,0
48.59,12265,0
48.61,12278,0
48.63,12296,0
48.65,12300,0
48.67,12283,0
48.69,12290,0
48.71,12299,0
48.73,12300,0
48.74,12304,0
48.76,12281,0
48.78,12282,0
48.80,12280,0
48.82,12275,0
48.84,12245,0
48.86,12290,0
48.88,12287,0
48.90,12292,0
48.92,12309,0
48.94,12284,0
48.96,12284,0
48.98,12300,0
49.00,12284,0
49.02,12271,0
49.04,12295,0
49.06,12301,0
49.08,12299,0
49.10,12289,0
49.12,12288,0
49.14,12288,0
49.16,12304,0
49.18,12313,0
49.20,12259,0
49.22,12306,0
49.24,12311,0
49.26,12293,0
49.28,12279,0
49.30,12280,0
49.32,12262,0
49.34,12247,0
49.36,12242,0
49.38,12250,0
49.40,12223,0
49.42,12215,0
49.44,12234,0
49.46,12230,0
49.48,12241,0
49.50,12232,0
49.52,12233,0
49.54,12249,0
49.56,12240,0
49.58,12249,0
49.60,12223,0
49.62,12221,0
49.64,12236,0
49.66,12247,0
49.68,12229,0
49.70,12239,0
49.72,12238,0
49.74,12252,0
49.76,12255,0
49.78,12248,0
49.80,12271,0
49.82,12276,0
49.84,12257,0
49.86,12281,0
49.87,12285,0
49.89,12270,0
49.91,12259,0
49.93,12284,0
49.95,12241,0
49.97,12281,0
49.99,12269,0
50.01,12282,0
50.03,12275,0
50.05,12281,0
50.07,12255,0
50.09,12272,0
50.11,12278,0
50.13,12273,0
50.15,12266,0
50.17,12284,0
50.19,12290,0
50.21,12291,0
50.23,12280,0
50.25,12266,0
50.27,12277,0
50.29,12269,0
50.31,12288,0
50.33,12276,0
50.35,12279,0
50.37,12264,0
50.39,12262,0
50.41,12274,0
50.43,12289,0
50.45,12280,0
50.47,12290,0
50.49,12288,0
50.51,12303,0
50.53,12310,0
50.55,12296,0
50.57,12296,0
50.59,12286,0
50.61,12259,0
50.63,12252,0
50.65,12269,0
50.67,12267,0
50.69,12274,0
50.71,12283,0
50.73,12267,0
50.75,12277,0
50.77,12286,0
50.79,12293,0
50.81,12268,0
50.83,12265,0
50.85,12290,0
50.87,12285,0
50.89,12281,0
50.91,12276,0
50.93,12276,0
50.95,12292,0
50.97,12285,0
50.98,12276,0
51.00,12301,0
51.02,12288,0
51.04,12290,0
51.06,12282,0
51.08,12282,0
51.10,12293,0
51.12,12288,0
51.14,12321,0
51.16,12298,0
51.18,12309,0
51.20,12303,0
51.22,12313,0
51.24,12268,0
51.26,12279,0
51.28,12293,0
51.30,12278,0
51.32,12316,0
51.34,12317,0
51.36,12313,0
51.38,12314,0
51.40,12321,0
51.42,12301,0
51.44,12326,0
51.46,12292,0
51.48,12325,0
51.50,12301,0
51.52,12321,0
51.54,12325,0
51.56,12330,0
51.58,12309,0
51.60,12317,0
51.62,12302,0
51.64,12295,0
51.66,12308,0
51.68,12318,0
51.70,12300,0
51.72,12302,0
51.74,12277,0
51.76,12285,0
51.78,12282,0
51.80,12289,0
51.82,12288,0
51.84,12273,0
51.86,12283,0
51.88,12293,0
51.90,12311,0
51.92,12291,0
51.94,12281,0
51.96,12302,0
51.98,12284,0
52.00,12293,0
52.02,12296,0
52.04,12282,0
52.06,12283,0
52.08,12273,0
52.10,12306,0
52.12,12302,0
52.13,12294,0
52.15,12303,0
52.17,12286,0
52.19,12291,0
52.21,12279,0
52.23,12291,0
52.25,12292,0
52.27,12302,0
52.29,12287,0
52.31,12306,0
52.33,12296,0
52.35,12303,0
52.37,12305,0
52.39,12286,0
52.41,12307,0
52.43,12307,0
52.45,12317,0
52.47,12309,0
52.49,12308,0
52.51,12297,0
52.53,12317,0
52.55,12325,0
52.57,12309,0
52.59,12332,0
52.61,12288,0
52.63,12331,0
52.65,12316,0
52.67,12305,0
52.69,12316,0
52.71,12303,0
52.73,12298,0
52.75,12314,0
52.77,12345,0
52.79,12313,0
52.81,12299,0
52.83,12318,0
52.85,12322,0
52.87,12314,0
52.89,12307,0
52.91,12303,0
52.93,12289,0
52.95,12274,0
52.97,12270,0
52.99,12280,0
53.01,12273,0
53.03,12297,0
53.05,12298,0
53.07,12305,0
53.09,12296,0
53.11,12288,0
53.13,12317,0
53.15,12320,0
53.17,12304,0
53.19,12275,0
53.21,12295,0
53.23,12287,0
53.24,12287,0
53.26,12303,0
53.28,12289,0
53.30,12289,0
53.32,12282,0
53.34,12298,0
53.36,12276,0
53.38,12293,0
53.40,12297,0
53.42,12320,0
53.44,12312,0
53.46,12323,0
53.48,12317,0
53.50,12321,0
53.52,12317,0
53.54,12309,0
53.56,12302,0
53.58,12308,0
53.60,12313,0
53.62,12319,0
53.64,12325,0
53.66,12335,0
53.68,12324,0
53.70,12340,0
53.72,12313,0
53.74,12291,0
53.76,12320,0
53.78,12338,0
53.80,12307,0
53.82,12340,0
53.84,12319,0
53.86,12336,0
53.88,12332,0
53.90,12330,0
53.92,12317,0
53.94,12302,0
53.96,12345,0
53.98,12325,0
54.00,12317,0
54.02,12306,0
54.04,12296,0
54.06,12300,0
54.08,12304,0
54.10,12294,0
54.12,12284,0
54.14,12274,0
54.16,12297,0
54.18,12297,0
54.20,12286,0
54.22,12283,0
54.24,12291,0
54.26,12313,0
54.28,12334,0
54.30,12295,0
54.32,12308,0
54.34,12301,0
54.35,12308,0
54.37,12286,0
54.39,12311,0
54.41,12309,0
54.43,12307,0
54.45,12314,0
54.47,12298,0
54.49,12318,0
54.51,12303,0
54.53,12314,0
54.55,12296,0
54.57,12315,0
54.59,12308,0
54.61,12322,0
54.63,12311,0
54.65,12320,0
54.67,12324,0
54.69,12327,0
54.71,12319,0
54.73,12314,0
54.75,12307,0
54.77,12322,0
54.79,12296,0
54.81,12309,0
54.83,12316,0
54.85,12316,0
54.87,12337,0
54.89,12343,0
54.91,12334,0
54.93,12317,0
54.95,12324,0
54.97,12301,0
54.99,12322,0
55.01,12348,0
55.03,12356,0
55.05,12363,0
55.07,12352,0
55.09,12356,0
55.11,12340,0
55.13,12334,0
55.15,12355,0
55.17,12332,0
55.19,12335,0
55.21,12337,0
55.23,12311,0
55.25,12319,0
55.27,12285,0
55.29,12290,0
55.31,12269,0
55.33,12260,0
55.35,12300,0
55.37,12285,0
55.39,12292,0
55.41,12301,0
55.43,12300,0
55.45,12273,0
55.47,12290,0
55.48,12301,0
55.50,12332,0
55.52,12311,0
55.54,12280,0
55.56,12292,0
55.58,12290,0
55.60,12300,0
55.62,12296,0
55.64,12295,0
55.66,12272,0
55.68,12295,0
55.70,12287,0
55.72,12322,0
55.74,12304,0
55.76,12293,0
55.78,12312,0
55.80,12319,0
55.82,12315,0
55.84,12307,0
55.86,12318,0
55.88,12309,0
55.90,12329,0
55.92,12323,0
55.94,12339,0
55.96,12326,0
55.98,12321,0
56.00,12327,0
56.02,12347,0
56.04,12331,0
56.06,12307,0
56.08,12307,0
56.10,12298,0
56.12,12291,0
56.14,12335,0
56.16,12331,0
56.18,12343,0
56.20,12343,0
56.22,12312,0
56.24,12335,0
56.26,12314,0
56.28,12329,0
56.30,12325,0
56.32,12342,0
56.34,12326,0
56.36,12324,0
56.38,12341,0
56.40,12341,0
56.42,12330,0
56.44,12362,0
56.46,12334,0
56.48,12328,0
56.50,12314,0
56.52,12312,0
56.54,12311,0
56.56,12311,0
56.58,12286,0
56.59,12302,0
56.61,12327,0
56.63,12315,0
56.65,12303,0
56.67,12311,0
56.69,12316,0
56.71,12303,0
56.73,12307,0
56.75,12321,0
56.77,12298,0
56.79,12310,0
56.81,12312,0
56.83,12303,0
56.85,12316,0
56.87,12319,0
56.89,12312,0
56.91,12313,0
56.93,12323,0
56.95,12330,0
56.97,12279,0
56.99,12311,0
57.01,12319,0
57.03,12322,0
57.05,12313,0
57.07,12318,0
57.09,12330,0
57.11,12322,0
57.13,12338,0
57.15,12335,0
57.17,12332,0
57.19,12356,0
57.21,12340,0
57.23,12345,0
57.25,12353,0
57.27,12342,0
57.29,12350,0
57.31,12345,0
57.33,12353,0
57.35,12335,0
57.37,12326,0
57.39,12347,0
57.41,12329,0
57.43,12331,0
57.45,12332,0
57.47,12329,0
57.49,12334,0
57.51,12345,0
57.53,12338,0
57.55,12344,0
57.57,12340,0
57.59,12336,0
57.61,12313,0
57.63,12302,0
57.65,12305,0
57.67,12298,0
57.69,12291,0
57.71,12288,0
57.72,12282,0
57.74,12299,0
57.76,12292,0
57.78,12323,0
57.80,12305,0
57.82,12306,0
57.84,12311,0
57.86,12314,0
57.88,12345,0
57.90,12308,0
57.92,12320,0
57.94,12316,0
57.96,12309,0
57.98,12296,0
58.00,12332,0
58.02,12291,0
58.04,12307,0
58.06,12305,0
58.08,12311,0
58.10,12297,0
58.12,12333,0
58.14,12302,0
58.16,12324,0
58.18,12333,0
58.20,12328,0
58.22,12345,0
58.24,12342,0
58.26,12332,0
58.28,12354,0
58.30,12307,0
58.32,12313,0
58.34,12328,0
58.36,12339,0
58.38,12353,0
58.40,12327,0
58.42,12338,0
58.44,12348,0
58.46,12350,0
58.48,12337,0
58.50,12342,0
58.52,12316,0
58.54,12321,0
58.56,12340,0
58.58,12338,0
58.60,12352,0
58.62,12341,0
58.64,12333,0
58.66,12317,0
58.68,12324,0
58.70,12327,0
58.72,12349,0
58.74,12336,0
58.76,12340,0
58.78,12356,0
58.80,12343,0
58.82,12311,0
58.83,12307,0
58.85,12284,0
58.87,12302,0
58.89,12264,0
58.91,12288,0
58.93,12289,0
58.95,12292,0
58.97,12294,0
58.99,12278,0
59.01,12274,0
59.03,12317,0
59.05,12322,0
59.07,12310,0
59.09,12310,0
59.11,12303,0
59.13,12300,0
59.15,12294,0
59.17,12288,0
59.19,12285,0
59.21,12310,0
59.23,12302,0
59.25,12334,0
59.27,12330,0
59.29,12297,0
59.31,12295,0
59.33,12299,0
59.35,12317,0
59.37,12341,0
59.39,12327,0
59.41,12332,0
59.43,12317,0
59.45,12322,0
59.47,12325,0
59.49,12327,0
59.51,12320,0
59.53,12327,0
59.55,12343,0
59.57,12324,0
59.59,12325,0
59.61,12325,0
59.63,12315,0
59.65,12329,0
59.67,12333,0
59.69,12349,0
59.71,12350,0
59.73,12335,0
59.75,12346,0
59.77,12349,0
59.79,12325,0
59.81,12311,0
59.83,12342,0
59.85,12347,0
59.87,12346,0
59.89,12326,0
59.91,12337,0
59.93,12358,0
59.95,12368,0
59.96,12327,0
59.98,12343,0
60.00,12325,0
60.02,12331,0
60.04,12328,0
60.06,12316,0
60.08,12309,0
60.10,12304,0
60.12,12284,0
60.14,12268,0
60.16,12268,0
60.18,12286,0
60.20,12301,0
60.22,12278,0
60.24,12286,0
60.26,12312,0
60.28,12304,0
60.30,12298,0
60.32,12315,0
60.34,12319,0
60.36,12299,0
60.38,12287,0
60.40,12291,0
60.42,12308,0
60.44,12312,0
60.46,12310,0
60.48,12294,0
60.50,12300,0
60.52,12305,0
60.54,12348,0
60.56,12309,0
60.58,12319,0
60.60,12329,0
60.62,12336,0
60.64,12301,0
60.66,12307,0
60.68,12317,0
60.70,12297,0
60.72,12334,0
60.74,12357,0
60.76,12328,0
60.78,12315,0
60.80,12331,0
60.82,12318,0
60.84,12323,0
60.86,12291,0
60.88,12313,0
60.90,12341,0
60.92,12336,0
60.94,12353,0
60.96,12295,0
60.98,12305,0
61.00,12325,0
61.02,12318,0
61.04,12318,0
61.06,12319,0
61.07,12334,0
61.09,12333,0
61.11,12319,0
61.13,12329,0
61.15,12337,0
61.17,12328,0
61.19,12328,0
61.21,12314,0
61.23,12322,0
61.25,12303,0
61.27,12303,0
61.29,12289,0
61.31,12277,0
61.33,12278,0
61.35,12280,0
61.37,12277,0
61.39,12278,0
61.41,12308,0
61.43,12274,0
61.45,12306,0
61.47,12296,0
61.49,12292,0
61.51,12295,0
61.53,12311,0
61.55,12302,0
61.57,12312,0
61.59,12297,0
61.61,12308,0
61.63,12306,0
61.65,12287,0
61.67,12296,0
61.69,12286,0
61.71,12279,0
61.73,12298,0
61.75,12310,0
61.77,12298,0
61.79,12301,0
61.81,12327,0
61.83,12317,0
61.85,12308,0
61.87,12306,0
61.89,12317,0
61.91,12303,0
61.93,12330,0
61.95,12314,0
61.97,12344,0
61.99,12318,0
62.01,12316,0
62.03,12322,0
62.05,12293,0
62.07,12323,0
62.09,12319,0
62.11,12308,0
62.13,12312,0
62.15,12309,0
62.17,12297,0
62.19,12316,0
62.20,12294,0
62.22,12294,0
62.24,12332,0
62.26,12304,0
62.28,12318,0
62.30,12310,0
62.32,12310,0
62.34,12301,0
62.36,12317,0
62.38,12306,0
62.40,12306,0
62.42,12308,0
62.44,12321,0
62.46,12305,0
62.48,12294,0
62.50,12293,0
62.52,12280,0
62.54,12256,0
62.56,12264,0
62.58,12260,0
62.60,12280,0
62.62,12270,0
62.64,12260,0
62.66,12278,0
62.68,12286,0
62.70,12314,0
62.72,12283,0
62.74,12303,0
62.76,12255,0
62.78,12276,0
62.80,12261,0
62.82,12260,0
62.84,12266,0
62.86,12263,0
62.88,12268,0
62.90,12257,0
62.92,12251,0
62.94,12266,0
62.96,12255,0
62.98,12270,0
63.00,12284,0
63.02,12291,0
63.04,12275,0
63.06,12268,0
63.08,12279,0
63.10,12288,0
63.12,12296,0
63.14,12287,0
63.16,12295,0
63.18,12294,0
63.20,12317,0
63.22,12283,0
63.24,12272,0
63.26,12281,0
63.28,12286,0
63.30,12284,0
63.31,12283,0
63.33,12316,0
63.35,12314,0
63.37,12308,0
63.39,12312,0
63.41,12310,0
63.43,12303,0
63.45,12330,0
63.47,12316,0
63.49,12310,0
63.51,12304,0
63.53,12301,0
63.55,12307,0
63.57,12287,0
63.59,12316,0
63.61,12303,0
63.63,12309,0
63.65,12284,0
63.67,12283,0
63.69,12251,0
63.71,12259,0
63.73,12213,0
63.75,12252,0
63.77,12229,0
63.79,12237,0
63.81,12260,0
63.83,12237,0
63.85,12250,0
63.87,12254,0
63.89,12251,0
63.91,12266,0
63.93,12256,0
63.95,12264,0
63.97,12258,0
63.99,12259,0
64.01,12255,0
64.03,12256,0
64.05,12247,0
64.07,12255,0
64.09,12240,0
64.11,12229,0
64.13,12247,0
64.15,12269,0
64.17,12263,0
64.19,12260,0
64.21,12267,0
64.23,12282,0
64.25,12280,0
64.27,12288,0
64.29,12265,0
64.31,12262,0
64.33,12273,0
64.35,12231,0
64.37,12261,0
64.39,12270,0
64.41,12265,0
64.43,12266,0
64.45,12307,0
64.46,12283,0
64.48,12290,0
64.50,12277,0
64.52,12283,0
64.54,12272,0
64.56,12287,0
64.58,12330,0
64.60,12302,0
64.62,12297,0
64.64,12281,0
64.66,12305,0
64.68,12300,0
64.70,12296,0
64.72,12328,0
64.74,12281,0
64.76,12304,0
64.78,12300,0
64.80,12295,0
64.82,12286,0
64.84,12278,0
64.86,12271,0
64.88,12230,0
64.90,12249,0
64.92,12248,0
64.94,12260,0
64.96,12241,0
64.98,12267,0
65.00,12266,0
65.02,12257,0
65.04,12251,0
65.06,12284,0
65.08,12251,0
65.10,12294,0
65.12,12288,0
65.14,12288,0
65.16,12277,0
65.18,12278,0
65.20,12293,0
65.22,12263,0
65.24,12296,0
65.26,12272,0
65.28,12273,0
65.30,12264,0
65.32,12289,0
65.34,12270,0
65.36,12258,0
65.38,12278,0
65.40,12294,0
65.42,12258,0
65.44,12280,0
65.46,12291,0
65.48,12264,0
65.50,12292,0
65.52,12293,0
65.54,12296,0
65.56,12285,0
65.57,12301,0
65.59,12296,0
65.61,12311,0
65.63,12296,0
65.65,12331,0
65.67,12294,0
65.69,12305,0
65.71,12278,0
65.73,12293,0
65.75,12293,0
65.77,12305,0
65.79,12315,0
65.81,12306,0
65.83,12283,0
65.85,12297,0
65.87,12305,0
65.89,12282,0
65.91,12288,0
65.93,12310,0
65.95,12320,0
65.97,12297,0
65.99,12287,0
66.01,12254,0
66.03,12279,0
66.05,12246,0
66.07,12239,0
66.09,12227,0
66.11,12270,0
66.13,12238,0
66.15,12265,0
66.17,12269,0
66.19,12279,0
66.21,12275,0
66.23,12267,0
66.25,12273,0
66.27,12278,0
66.29,12265,0
66.31,12299,0
66.33,12268,0
66.35,12277,0
66.37,12294,0
66.39,12280,0
66.41,12265,0
66.43,12282,0
66.45,12277,0
66.47,12295,0
66.49,12291,0
66.51,12285,0
66.53,12272,0
66.55,12272,0
66.57,12292,0
66.59,12308,0
66.61,12290,0
66.63,12295,0
66.65,12309,0
66.67,12277,0
66.69,12292,0
66.70,12327,0
66.72,12339,0
66.74,12285,0
66.76,12295,0
66.78,12280,0
66.80,12302,0
66.82,12306,0
66.84,12313,0
66.86,12312,0
66.88,12292,0
66.90,12281,0
66.92,12277,0
66.94,12309,0
66.96,12317,0
66.98,12312,0
67.00,12289,0
67.02,12312,0
67.04,12296,0
67.06,12293,0
67.08,12312,0
67.10,12338,0
67.12,12316,0
67.14,12306,0
67.16,12308,0
67.18,12284,0
67.20,12285,0
67.22,12290,0
67.24,12281,0
67.26,12277,0
67.28,12254,0
67.30,12284,0
67.32,12276,0
67.34,12274,0
67.36,12306,0
67.38,12291,0
67.40,12317,0
67.42,12315,0
67.44,12296,0
67.46,12314,0
67.48,12296,0
67.50,12319,0
67.52,12334,0
67.54,12312,0
67.56,12277,0
67.58,12293,0
67.60,12307,0
67.62,12290,0
67.64,12303,0
67.66,12309,0
67.68,12315,0
67.70,12315,0
67.72,12321,0
67.74,12300,0
67.76,12321,0
67.78,12287,0
67.80,12320,0
67.81,12304,0
67.83,12301,0
67.85,12312,0
67.87,12345,0
67.89,12322,0
67.91,12325,0
67.93,12322,0
67.95,12309,0
67.97,12330,0
67.99,12324,0
68.01,12307,0
68.03,12318,0
68.05,12313,0
68.07,12283,0
68.09,12312,0
68.11,12314,0
68.13,12313,0
68.15,12324,0
68.17,12334,0
68.19,12298,0
68.21,12316,0
68.23,12296,0
68.25,12312,0
68.27,12326,0
68.29,12300,0
68.31,12311,0
68.33,12332,0
68.35,12330,0
68.37,12314,0
68.39,12303,0
68.41,12283,0
68.43,12290,0
68.45,12304,0
68.47,12324,0
68.49,12301,0
68.51,12290,0
68.53,12310,0
68.55,12331,0
68.57,12271,0
68.59,12304,0
68.61,12290,0
68.63,12285,0
68.65,12281,0
68.67,12314,0
68.69,12279,0
68.71,12305,0
68.73,12304,0
68.75,12300,0
68.77,12278,0
68.79,12297,0
68.81,12286,0
68.83,12322,0
68.85,12305,0
68.87,12293,0
68.89,12310,0
68.91,12295,0
68.92,12308,0
68.94,12289,0
68.96,12297,0
68.98,12306,0
69.00,12287,0
69.02,12291,0
69.04,12303,0
69.06,12274,0
69.08,12302,0
69.10,12280,0
69.12,12296,0
69.14,12309,0
69.16,12281,0
69.18,12299,0
69.20,12301,0
69.22,12296,0
69.24,12315,0
69.26,12331,0
69.28,12290,0
69.30,12297,0
69.32,12324,0
69.34,12309,0
69.36,12344,0
69.38,12317,0
69.40,12333,0
69.42,12312,0
69.44,12317,0
69.46,12310,0
69.48,12317,0
69.50,12312,0
69.52,12321,0
69.54,12324,0
69.56,12297,0
69.58,12289,0
69.60,12281,0
69.62,12266,0
69.64,12284,0
69.66,12301,0
69.68,12269,0
69.70,12277,0
69.72,12283,0
69.74,12287,0
69.76,12294,0
69.78,12289,0
69.80,12276,0
69.82,12301,0
69.84,12318,0
69.86,12272,0
69.88,12295,0
69.90,12289,0
69.92,12288,0
69.94,12304,0
69.96,12297,0
69.98,12280,0
70.00,12304,0
70.02,12306,0
70.04,12313,0
70.05,12287,0
70.07,12295,0
70.09,12290,0
70.11,12297,0
70.13,12319,0
70.15,12303,0
70.17,12289,0
70.19,12300,0
70.21,12292,0
70.23,12330,0
70.25,12290,0
70.27,12317,0
70.29,12316,0
70.31,12298,0
70.33,12292,0
70.35,12306,0
70.37,12314,0
70.39,12309,0
70.41,12283,0
70.43,12293,0
70.45,12295,0
70.47,12324,0
70.49,12292,0
70.51,12304,0
70.53,12321,0
70.55,12302,0
70.57,12316,0
70.59,12298,0
70.61,12330,0
70.63,12324,0
70.65,12326,0
70.67,12321,0
70.69,12321,0
70.71,12320,0
70.73,12309,0
70.75,12293,0
70.77,12291,0
70.79,12301,0
70.81,12296,0
70.83,12295,0
70.85,12298,0
70.87,12268,0
70.89,12293,0
70.91,12272,0
70.93,12303,0
70.95,12319,0
70.97,12280,0
70.99,12296,0
71.01,12302,0
71.03,12307,0
71.05,12305,0
71.07,12296,0
71.09,12307,0
71.11,12312,0
71.13,12314,0
71.15,12293,0
71.17,12291,0
71.18,12288,0
71.20,12333,0
71.22,12294,0
71.24,12302,0
71.26,12312,0
71.28,12346,0
71.30,12325,0
71.32,12304,0
71.34,12319,0
71.36,12317,0
71.38,12316,0
71.40,12308,0
71.42,12312,0
71.44,12316,0
71.46,12318,0
71.48,12329,0
71.50,12308,0
71.52,12330,0
71.54,12275,0
71.56,12321,0
71.58,12326,0
71.60,12321,0
71.62,12322,0
71.64,12305,0
71.66,12321,0
71.68,12316,0
71.70,12316,0
71.72,12340,0
71.74,12355,0
71.76,12300,0
71.78,12310,0
71.80,12310,0
71.82,12326,0
71.84,12331,0
71.86,12318,0
71.88,12310,0
71.90,12316,0
71.92,12317,0
71.94,12325,0
71.96,12333,0
71.98,12304,0
72.00,12308,0
72.02,12292,0
72.04,12304,0
72.06,12300,0
72.08,12334,0
72.10,12307,0
72.12,12304,0
72.14,12303,0
72.16,12295,0
72.18,12296,0
72.20,12302,0
72.22,12333,0
72.24,12308,0
72.26,12308,0
72.27,12308,0
72.29,12309,0
72.31,12275,0
72.33,12296,0
72.35,12323,0
72.37,12315,0
72.39,12302,0
72.41,12332,0
72.43,12335,0
72.45,12303,0
72.47,12297,0
72.49,12310,0
72.51,12330,0
72.53,12312,0
72.55,12338,0
72.57,12331,0
72.59,12316,0
72.61,12286,0
72.63,12301,0
72.65,12296,0
72.67,12333,0
72.69,12311,0
72.71,12318,0
72.73,12317,0
72.75,12326,0
72.77,12320,0
72.79,12313,0
72.81,12305,0
72.83,12324,0
72.85,12308,0
72.87,12309,0
72.89,12315,0
72.91,12317,0
72.93,12316,0
72.95,12327,0
72.97,12316,0
72.99,12316,0
73.01,12325,0
73.03,12348,0
73.05,12337,0
73.07,12299,0
73.09,12321,0
73.11,12293,0
73.13,12317,0
73.15,12311,0
73.17,12318,0
73.19,12328,0
73.21,12311,0
73.23,12335,0
73.25,12325,0
73.27,12322,0
73.29,12320,0
73.31,12322,0
73.33,12313,0
73.35,12304,0
73.37,12307,0
73.39,12318,0
73.40,12318,0
73.42,12297,0
73.44,12295,0
73.46,12318,0
73.48,12305,0
73.50,12303,0
73.52,12303,0
73.54,12331,0
73.56,12310,0
73.58,12315,0
73.60,12314,0
73.62,12326,0
73.64,12330,0
73.66,12316,0
73.68,12324,0
73.70,12307,0
73.72,12321,0
73.74,12328,0
73.76,12334,0
73.78,12296,0
73.80,12310,0
73.82,12296,0
73.84,12302,0
73.86,12302,0
73.88,12336,0
73.90,12323,0
73.92,12325,0
73.94,12313,0
73.96,12332,0
73.98,12324,0
74.00,12312,0
74.02,12339,0
74.04,12323,0
74.06,12334,0
74.08,12313,0
74.10,12309,0
74.12,12309,0
74.14,12319,0
74.16,12347,0
74.18,12307,0
74.20,12328,0
74.22,12304,0
74.24,12307,0
74.26,12301,0
74.28,12301,0
74.30,12294,0
74.32,12321,0
74.34,12320,0
74.36,12322,0
74.38,12332,0
74.40,12314,0
74.42,12280,0
74.44,12331,0
74.46,12322,0
74.48,12334,0
74.50,12309,0
74.52,12330,0
74.53,12297,0
74.55,12303,0
74.57,12305,0
74.59,12313,0
74.61,12319,0
74.63,12301,0
74.65,12307,0
74.67,12307,0
74.69,12306,0
74.71,12319,0
74.73,12307,0
74.75,12292,0
74.77,12292,0
74.79,12334,0
74.81,12286,0
74.83,12293,0
74.85,12287,0
74.87,12321,0
74.89,12318,0
74.91,12301,0
74.93,12292,0
74.95,12295,0
74.97,12289,0
74.99,12307,0
75.01,12310,0
75.03,12328,0
75.05,12323,0
75.07,12296,0
75.09,12315,0
75.11,12311,0
75.13,12296,0
75.15,12327,0
75.17,12303,0
75.19,12329,0
75.21,12325,0
75.23,12316,0
75.25,12340,0
75.27,12325,0
75.29,12300,0
75.31,12308,0
75.33,12305,0
75.35,12323,0
75.37,12312,0
75.39,12292,0
75.41,12328,0
75.43,12316,0
75.45,12337,0
75.47,12297,0
75.49,12337,0
75.51,12320,0
75.53,12335,0
75.55,12336,0
75.57,12343,0
75.59,12316,0
75.61,12298,0
75.63,12308,0
75.64,12303,0
75.66,12295,0
75.68,12300,0
75.70,12324,0
75.72,12319,0
75.74,12314,0
75.76,12312,0
75.78,12297,0
75.80,12337,0
75.82,12335,0
75.84,12257,0
75.86,12295,0
75.88,12301,0
75.90,12319,0
75.92,12350,0
75.94,12298,0
75.96,12307,0
75.98,12293,0
76.00,12360,0
76.02,12321,0
76.04,12309,0
76.06,12299,0
76.08,12306,0
76.10,12336,0
76.12,12300,0
76.14,12325,0
76.16,12320,0
76.18,12306,0
76.20,12308,0
76.22,12321,0
76.24,12330,0
76.26,12303,0
76.28,12306,0
76.30,12302,0
76.32,12321,0
76.34,12313,0
76.36,12321,0
76.38,12329,0
76.40,12321,0
76.42,12330,0
76.44,12294,0
76.46,12295,0
76.48,12317,0
76.50,12299,0
76.52,12315,0
76.54,12304,0
76.56,12323,0
76.58,12327,0
76.60,12329,0
76.62,12324,0
76.64,12323,0
76.66,12297,0
76.68,12311,0
76.70,12297,0
76.72,12319,0
76.74,12293,0
76.76,12306,0
76.77,12298,0
76.79,12290,0
76.81,12318,0
76.83,12330,0
76.85,12330,0
76.87,12333,0
76.89,12332,0
76.91,12327,0
76.93,12331,0
76.95,12324,0
76.97,12331,0
76.99,12342,0
77.01,12317,0
77.03,12328,0
77.05,12327,0
77.07,12310,0
77.09,12304,0
77.11,12284,0
77.13,12289,0
77.15,12301,0
77.17,12280,0
77.19,12271,0
77.21,12306,0
77.23,12309,0
77.25,12305,0
77.27,12315,0
77.29,12310,0
77.31,12300,0
77.33,12288,0
77.35,12286,0
77.37,12295,0
77.39,12293,0
77.41,12318,0
77.43,12265,0
77.45,12281,0
77.47,12273,0
77.49,12305,0
77.51,12292,0
77.53,12301,0
77.55,12306,0
77.57,12309,0
77.59,12315,0
77.61,12312,0
77.63,12301,0
77.65,12294,0
77.67,12304,0
77.69,12270,0
77.71,12284,0
77.73,12279,0
77.75,12294,0
77.77,12304,0
77.79,12302,0
77.81,12308,0
77.83,12278,0
77.85,12291,0
77.87,12288,0
77.88,12294,0
77.90,12303,0
77.92,12307,0
77.94,12304,0
77.96,12315,0
77.98,12301,0
78.00,12308,0
78.02,12275,0
78.04,12292,0
78.06,12271,0
78.08,12297,0
78.10,12300,0
78.12,12300,0
78.14,12294,0
78.16,12322,0
78.18,12303,0
78.20,12303,0
78.22,12317,0
78.24,12320,0
78.26,12282,0
78.28,12302,0
78.30,12298,0
78.32,12303,0
78.34,12300,0
78.36,12297,0
78.38,12310,0
78.40,12290,0
78.42,12281,0
78.44,12281,0
78.46,12236,0
78.48,12283,0
78.50,12276,0
78.52,12273,0
78.54,12283,0
78.56,12281,0
78.58,12299,0
78.60,12282,0
78.62,12302,0
78.64,12289,0
78.66,12305,0
78.68,12316,0
78.70,12305,0
78.72,12290,0
78.74,12285,0
78.76,12287,0
78.78,12285,0
78.80,12299,0
78.82,12279,0
78.84,12316,0
78.86,12304,0
78.88,12287,0
78.90,12291,0
78.92,12305,0
78.94,12280,0
78.96,12288,0
78.98,12314,0
79.00,12300,0
79.01,12292,0
79.03,12290,0
79.05,12301,0
79.07,12281,0
79.09,12290,0
79.11,12288,0
79.13,12317,0
79.15,12295,0
79.17,12285,0
79.19,12293,0
79.21,12299,0
79.23,12297,0
79.25,12305,0
79.27,12330,0
79.29,12321,0
