950,0
1669.28,11362,0
1669.30,9189,0
1669.32,11086,0
1669.34,11078,0
1669.36,9527,0
1669.38,10841,0
1669.40,9757,0
1669.42,11038,0
1669.44,9033,0
1669.46,10170,0
1669.48,9320,0
1669.50,9501,0
1669.52,11610,0
1669.54,9505,0
1669.56,11086,0
1669.58,11026,0
1669.60,9714,0
1669.62,11290,0
1669.64,9588,0
1669.66,9882,0
1669.68,10689,0
1669.70,9289,0
1669.72,11576,0
1669.74,10128,0
1669.76,9681,0
1669.78,11752,0
1669.80,9253,0
1669.82,11380,0
1669.84,9460,0
1669.86,9926,0
1669.88,11016,0
1669.90,8938,0
1669.92,10026,0
1669.94,10472,0
1669.96,8771,0
1669.98,10308,0
1670.00,11834,0
1670.02,10353,0
1670.04,9500,0
1670.06,10839,0
1670.08,10661,0
1670.10,10155,0
1670.12,10924,0
1670.14,10318,0
1670.16,11883,0
1670.18,10374,0
1670.20,9215,0
1670.22,11281,0
1670.24,9077,0
1670.25,10310,0
1670.27,11184,0
1670.29,10391,0
1670.31,9431,0
1670.33,11194,0
1670.35,9160,0
1670.37,11427,0
1670.39,9486,0
1670.41,11315,0
1670.43,9848,0
1670.45,10421,0
1670.47,8930,0
1670.49,9265,0
1670.51,10304,0
1670.53,10452,0
1670.55,8751,0
1670.57,10800,0
1670.59,11166,0
1670.61,10182,0
1670.63,10897,0
1670.65,9634,0
1670.67,10257,0
1670.69,10516,0
1670.71,9990,0
1670.73,10594,0
1670.75,9097,0
1670.77,10488,0
1670.79,9746,0
1670.81,11644,0
1670.83,8289,0
1670.85,10678,0
1670.87,10601,0
1670.89,10431,0
1670.91,11014,0
1670.93,9822,0
1670.95,10161,0
1670.97,10133,0
1670.99,10559,0
1671.01,10552,0
1671.03,10187,0
1671.05,10916,0
1671.07,8739,0
1671.09,10227,0
1671.11,11097,0
1671.13,10892,0
1671.15,9535,0
1671.17,9534,0
1671.19,9690,0
1671.21,11500,0
1671.23,8922,0
1671.25,12145,0
1671.27,9569,0
1671.29,10835,0
1671.31,10186,0
1671.33,10828,0
1671.35,10608,0
1671.36,9496,0
1671.38,12384,0
1671.40,8943,0
1671.42,10231,0
1671.44,10048,0
1671.46,9820,0
1671.48,11653,0
1671.50,9374,0
1671.52,11592,0
1671.54,7862,0
1671.56,10108,0
1671.58,9406,0
1671.60,11237,0
1671.62,9964,0
1671.64,10281,0
1671.66,9069,0
1671.68,9412,0
1671.70,11296,0
1671.72,8550,0
1671.74,11505,0
1671.76,9231,0
1671.78,9992,0
1671.80,9664,0
1671.82,10101,0
1671.84,10959,0
1671.86,9446,0
1671.88,11134,0
1671.90,10504,0
1671.92,10043,0
1671.94,10305,0
1671.96,11365,0
1671.98,8788,0
1672.00,10261,0
1672.02,10846,0
1672.04,9493,0
1672.06,10357,0
1672.08,11683,0
1672.10,10770,0
1672.12,9581,0
1672.14,9851,0
1672.16,11174,0
1672.18,10356,0
1672.20,9223,0
1672.22,10771,0
1672.24,11302,0
1672.26,8452,0
1672.28,11126,0
1672.30,10694,0
1672.32,11152,0
1672.34,11374,0
1672.36,8582,0
1672.38,11349,0
1672.40,9599,0
1672.42,9973,0
1672.44,10866,0
1672.45,9795,0
1672.47,11012,0
1672.49,10673,0
1672.51,10443,0
1672.53,11028,0
1672.55,8869,0
1672.57,9684,0
1672.59,11144,0
1672.61,9589,0
1672.63,10507,0
1672.65,11715,0
1672.67,9626,0
1672.69,10897,0
1672.71,11708,0
1672.73,11179,0
1672.75,11410,0
1672.77,9414,0
1672.79,10662,0
1672.81,11536,0
1672.83,9814,0
1672.85,11172,0
1672.87,9520,0
1672.89,9883,0
1672.91,9971,0
1672.93,9644,0
1672.95,11639,0
1672.97,10733,0
1672.99,8724,0
1673.01,10979,0
1673.03,10563,0
1673.05,8951,0
1673.07,10900,0
1673.09,9278,0
1673.11,10371,0
1673.13,11960,0
1673.15,9572,0
1673.17,10430,0
1673.19,11091,0
1673.21,9038,0
1673.23,10152,0
1673.25,10509,0
1673.27,9965,0
1673.29,9998,0
1673.31,11442,0
1673.33,9578,0
1673.35,8758,0
1673.37,11267,0
1673.39,10717,0
1673.41,9514,0
1673.43,10676,0
1673.45,11168,0
1673.47,9799,0
1673.49,9278,0
1673.51,10502,0
1673.53,11606,0
1673.55,9906,0
1673.56,11855,0
1673.58,9400,0
1673.60,9947,0
1673.62,10781,0
1673.64,11172,0
1673.66,8307,0
1673.68,12288,0
1673.70,10467,0
1673.72,9968,0
1673.74,11044,0
1673.76,11389,0
1673.78,9709,0
1673.80,9823,0
1673.82,10212,0
1673.84,10738,0
1673.86,9753,0
1673.88,12213,0
1673.90,8958,0
1673.92,10100,0
1673.94,9651,0
1673.96,8906,0
1673.98,10689,0
1674.00,11494,0
1674.02,9636,0
1674.04,12046,0
1674.06,10529,0
1674.08,10611,0
1674.10,11047,0
1674.12,10453,0
1674.14,9029,0
1674.16,10631,0
1674.18,9278,0
1674.20,11212,0
1674.22,13117,0
1674.24,7895,0
1674.26,10386,0
1674.28,10412,0
1674.30,10736,0
1674.32,9163,0
1674.34,11694,0
1674.36,11173,0
1674.38,9953,0
1674.40,10445,0
1674.42,11230,0
1674.44,10298,0
1674.46,9975,0
1674.48,10002,0
1674.50,11590,0
1674.52,8676,0
1674.54,10648,0
1674.56,10537,0
1674.58,10742,0
1674.60,10720,0
1674.62,10157,0
1674.64,9931,0
1674.66,10340,0
1674.67,10807,0
1674.69,9390,0
1674.71,11897,0
1674.73,9913,0
1674.75,9354,0
1674.77,10945,0
1674.79,9847,0
1674.81,8352,0
1674.83,11720,0
1674.85,10337,0
1674.87,9916,0
1674.89,10680,0
1674.91,10126,0
1674.93,10677,0
1674.95,11472,0
1674.97,9984,0
1674.99,10296,0
1675.01,8384,0
1675.03,11008,0
1675.05,10590,0
1675.07,9627,0
1675.09,10973,0
1675.11,10002,0
1675.13,11583,0
1675.15,9246,0
1675.17,11179,0
1675.19,11013,0
1675.21,10219,0
1675.23,10939,0
1675.25,10521,0
1675.27,9448,0
1675.29,11197,0
1675.31,10151,0
1675.33,8831,0
1675.35,11955,0
1675.37,10303,0
1675.39,11938,0
1675.41,10402,0
1675.43,10599,0
1675.45,10065,0
1675.47,9820,0
1675.49,11178,0
1675.51,9776,0
1675.53,10829,0
1675.55,10300,0
1675.57,10359,0
1675.59,8246,0
1675.61,11677,0
1675.63,11512,0
1675.65,10488,0
1675.67,11410,0
1675.69,10756,0
1675.71,9616,0
1675.73,10366,0
1675.75,10391,0
1675.77,9429,0
1675.78,11675,0
1675.80,11105,0
1675.82,9683,0
1675.84,10777,0
1675.86,9296,0
1675.88,11395,0
1675.90,10951,0
1675.92,9270,0
1675.94,10125,0
1675.96,10399,0
1675.98,9468,0
1676.00,9330,0
1676.02,11513,0
1676.04,9584,0
1676.06,10470,0
1676.08,11459,0
1676.10,10021,0
1676.12,10241,0
1676.14,10259,0
1676.16,9418,0
1676.18,11783,0
1676.20,9648,0
1676.22,11101,0
1676.24,10008,0
1676.26,11278,0
1676.28,11121,0
1676.30,10662,0
1676.32,9883,0
1676.34,11020,0
1676.36,8741,0
1676.38,11109,0
1676.40,9878,0
1676.42,11630,0
1676.44,9535,0
1676.46,11293,0
1676.48,10685,0
1676.50,11345,0
1676.52,10143,0
1676.54,10095,0
1676.56,9541,0
1676.58,10889,0
1676.60,8990,0
1676.62,12001,0
1676.64,12098,0
1676.66,11530,0
1676.68,8579,0
1676.70,11113,0
1676.72,9575,0
1676.74,10099,0
1676.76,12198,0
1676.78,10297,0
1676.80,10166,0
1676.82,9612,0
1676.84,10540,0
1676.86,10704,0
1676.88,10315,0
1676.89,11319,0
1676.91,8136,0
1676.93,13154,0
1676.95,10020,0
1676.97,10350,0
1676.99,10206,0
1677.01,10055,0
1677.03,9934,0
1677.05,11096,0
1677.07,10294,0
1677.09,10682,0
1677.11,10154,0
1677.13,11513,0
1677.15,10107,0
1677.17,11603,0
1677.19,9551,0
1677.21,10623,0
1677.23,10712,0
1677.25,9400,0
1677.27,11361,0
1677.29,8726,0
1677.31,10847,0
1677.33,11705,0
1677.35,9521,0
1677.37,10473,0
1677.39,9274,0
1677.41,11231,0
1677.43,9760,0
1677.45,11394,0
1677.47,10527,0
1677.49,10267,0
1677.51,10121,0
1677.53,9048,0
1677.55,11633,0
1677.57,10261,0
1677.59,10907,0
1677.61,12403,0
1677.63,9842,0
1677.65,11939,0
1677.67,9439,0
1677.69,10664,0
1677.71,11808,0
1677.73,10413,0
1677.75,10815,0
1677.77,9871,0
1677.79,9739,0
1677.81,10164,0
1677.83,10076,0
1677.85,11845,0
1677.87,10660,0
1677.89,10895,0
1677.91,10526,0
1677.93,10344,0
1677.95,10444,0
1677.97,9985,0
1677.98,11320,0
1678.00,10704,0
1678.02,11406,0
1678.04,12303,0
1678.06,9740,0
1678.08,9087,0
1678.10,11613,0
1678.12,10245,0
1678.14,10543,0
1678.16,10152,0
1678.18,12769,0
1678.20,9106,0
1678.22,11727,0
1678.24,9527,0
1678.26,10778,0
1678.28,10681,0
1678.30,10303,0
1678.32,11537,0
1678.34,8408,0
1678.36,11068,0
1678.38,8762,0
1678.40,11530,0
1678.42,10869,0
1678.44,10644,0
1678.46,11361,0
1678.48,10544,0
1678.50,10134,0
1678.52,11867,0
1678.54,9755,0
1678.56,12975,0
1678.58,9629,0
1678.60,9961,0
1678.62,10866,0
1678.64,8892,0
1678.66,11453,0
1678.68,8942,0
1678.70,10658,0
1678.72,9929,0
1678.74,10121,0
1678.76,9501,0
1678.78,11969,0
1678.80,9709,0
1678.82,11224,0
1678.84,10569,0
1678.86,11506,0
1678.88,10239,0
1678.90,12254,0
1678.92,10446,0
1678.94,8970,0
1678.96,12082,0
1678.98,9195,0
1679.00,9456,0
1679.02,11106,0
1679.04,9762,0
1679.06,10821,0
1679.08,12439,0
1679.09,9954,0
1679.11,10915,0
1679.13,9098,0
1679.15,10371,0
1679.17,8893,0
1679.19,13292,0
1679.21,9988,0
1679.23,10714,0
1679.25,8567,0
1679.27,11456,0
1679.29,8934,0
1679.31,12320,0
1679.33,9920,0
1679.35,10124,0
1679.37,8317,0
1679.39,11600,0
1679.41,9944,0
1679.43,11845,0
1679.45,8557,0
1679.47,11017,0
1679.49,9220,0
1679.51,11795,0
1679.53,10418,0
1679.55,11287,0
1679.57,9004,0
1679.59,9507,0
1679.61,10159,0
1679.63,10794,0
1679.65,10568,0
1679.67,10580,0
1679.69,9750,0
1679.71,10092,0
1679.73,9743,0
1679.75,11172,0
1679.77,9678,0
1679.79,10318,0
1679.81,11197,0
1679.83,11079,0
1679.85,11338,0
1679.87,9672,0
1679.89,11548,0
1679.91,8958,0
1679.93,9886,0
1679.95,10013,0
1679.97,11138,0
1679.99,12247,0
1680.01,10114,0
1680.03,12588,0
1680.05,10489,0
1680.07,11417,0
1680.09,9999,0
1680.11,9837,0
1680.13,11669,0
1680.15,9535,0
1680.17,11596,0
1680.19,10454,0
1680.20,11129,0
1680.22,9574,0
1680.24,11681,0
1680.26,9609,0
1680.28,11012,0
1680.30,12069,0
1680.32,10251,0
1680.34,10717,0
1680.36,9522,0
1680.38,11238,0
1680.40,9084,0
1680.42,10896,0
1680.44,9080,0
1680.46,11829,0
1680.48,9127,0
1680.50,10525,0
1680.52,9109,0
1680.54,12993,0
1680.56,9656,0
1680.58,10646,0
1680.60,10978,0
1680.62,10076,0
1680.64,11227,0
1680.66,11569,0
1680.68,10426,0
1680.70,10874,0
1680.72,11095,0
1680.74,8942,0
1680.76,11343,0
1680.78,9722,0
1680.80,12532,0
1680.82,11029,0
1680.84,10927,0
1680.86,9928,0
1680.88,9832,0
1680.90,10852,0
1680.92,10695,0
1680.94,12118,0
1680.96,10412,0
1680.98,11627,0
1681.00,10248,0
1681.02,11399,0
1681.04,10836,0
1681.06,12587,0
1681.08,9652,0
1681.10,12102,0
1681.12,9379,0
1681.14,9931,0
1681.16,9509,0
1681.18,11771,0
1681.20,10175,0
1681.22,9783,0
1681.24,9706,0
1681.26,10197,0
1681.28,9804,0
1681.29,10527,0
1681.31,11720,0
1681.33,9484,0
1681.35,11443,0
1681.37,9228,0
1681.39,11597,0
1681.41,8837,0
1681.43,11948,0
1681.45,10257,0
1681.47,10631,0
1681.49,11024,0
1681.51,9582,0
1681.53,11142,0
1681.55,10066,0
1681.57,8671,0
1681.59,11960,0
1681.61,11481,0
1681.63,10418,0
1681.65,10996,0
1681.67,11071,0
1681.69,10583,0
1681.71,11787,0
1681.73,8926,0
1681.75,9836,0
1681.77,9944,0
1681.79,12008,0
1681.81,9949,0
1681.83,10302,0
1681.85,11992,0
1681.87,10546,0
1681.89,11974,0
1681.91,11872,0
1681.93,10177,0
1681.95,10778,0
1681.97,9934,0
1681.99,10227,0
1682.01,10536,0
1682.03,9678,0
1682.05,11465,0
1682.07,10278,0
1682.09,11475,0
1682.11,11530,0
1682.13,10256,0
1682.15,12006,0
1682.17,8931,0
1682.19,11065,0
1682.21,9606,0
1682.23,11737,0
1682.25,10635,0
1682.27,11283,0
1682.29,9321,0
1682.31,11347,0
1682.33,10437,0
1682.35,11911,0
1682.37,9638,0
1682.39,12185,0
1682.40,10720,0
1682.42,10663,0
1682.44,11519,0
1682.46,9039,0
1682.48,10331,0
1682.50,10768,0
1682.52,10719,0
1682.54,9988,0
1682.56,11697,0
1682.58,9137,0
1682.60,10521,0
1682.62,11210,0
1682.64,10942,0
1682.66,11532,0
1682.68,8535,0
1682.70,10763,0
1682.72,8902,0
1682.74,10340,0
1682.76,11486,0
1682.78,9651,0
1682.80,10925,0
1682.82,8023,0
1682.84,11002,0
1682.86,11110,0
1682.88,11404,0
1682.90,10901,0
1682.92,13384,0
1682.94,10187,0
1682.96,11610,0
1682.98,10626,0
1683.00,9327,0
1683.02,11689,0
1683.04,10681,0
1683.06,11723,0
1683.08,10777,0
1683.10,7680,0
1683.12,12549,0
1683.14,9205,0
1683.16,11433,0
1683.18,11416,0
1683.20,11021,0
1683.22,11390,0
1683.24,8522,0
1683.26,12867,0
1683.28,7838,0
1683.30,12377,0
1683.32,11189,0
1683.34,10807,0
1683.36,12454,0
1683.38,10396,0
1683.40,11256,0
1683.42,11101,0
1683.44,9311,0
1683.46,10216,0
1683.48,10103,0
1683.49,12766,0
1683.51,11045,0
1683.53,8942,0
1683.55,10601,0
1683.57,8628,0
1683.59,10893,0
1683.61,11503,0
1683.63,9909,0
1683.65,10505,0
1683.67,10352,0
1683.69,11407,0
1683.71,10894,0
1683.73,11354,0
1683.75,12091,0
1683.77,10178,0
1683.79,11103,0
1683.81,9666,0
1683.83,12166,0
1683.85,10736,0
1683.87,10362,0
1683.89,11142,0
1683.91,8452,0
1683.93,10458,0
1683.95,9128,0
1683.97,10040,0
1683.99,11062,0
1684.01,10570,0
1684.03,11026,0
1684.05,11038,0
1684.07,10239,0
1684.09,10376,0
1684.11,9515,0
1684.13,11279,0
1684.15,10548,0
1684.17,9640,0
1684.19,12168,0
1684.21,10969,0
1684.23,10426,0
1684.25,10533,0
1684.27,10948,0
1684.29,10990,0
1684.31,9776,0
1684.33,12276,0
1684.35,7576,0
1684.37,11221,0
1684.39,9820,0
1684.41,11103,0
1684.43,10242,0
1684.45,10969,0
1684.47,11390,0
1684.49,10848,0
1684.51,9249,0
1684.53,10169,0
1684.55,11468,0
1684.57,10147,0
1684.59,12265,0
1684.60,10337,0
1684.62,10009,0
1684.64,9177,0
1684.66,11280,0
1684.68,10507,0
1684.70,11585,0
1684.72,10634,0
1684.74,10255,0
1684.76,12333,0
1684.78,10724,0
1684.80,10001,0
1684.82,12142,0
1684.84,10199,0
1684.86,12585,0
1684.88,9788,0
1684.90,9585,0
1684.92,10838,0
1684.94,11946,0
1684.96,9957,0
1684.98,10854,0
1685.00,9626,0
1685.02,9276,0
1685.04,11217,0
1685.06,10569,0
1685.08,10873,0
1685.10,11782,0
1685.12,9846,0
1685.14,10963,0
1685.16,10426,0
1685.18,11207,0
1685.20,12711,0
1685.22,10925,0
1685.24,11634,0
1685.26,12668,0
1685.28,10762,0
1685.30,10372,0
1685.32,9779,0
1685.34,11610,0
1685.36,10613,0
1685.38,9977,0
1685.40,10890,0
1685.42,11126,0
1685.44,9449,0
1685.46,10589,0
1685.48,11117,0
1685.50,10742,0
1685.52,8958,0
1685.54,11343,0
1685.56,11423,0
1685.58,8351,0
1685.60,10572,0
1685.62,11947,0
1685.64,9184,0
1685.66,9548,0
1685.68,11040,0
1685.70,9148,0
1685.71,10312,0
1685.73,10573,0
1685.75,8577,0
1685.77,11512,0
1685.79,11139,0
1685.81,10033,0
1685.83,12640,0
1685.85,9946,0
1685.87,11798,0
1685.89,10243,0
1685.91,11552,0
1685.93,11780,0
1685.95,10300,0
1685.97,12071,0
1685.99,8683,0
1686.01,13087,0
1686.03,12157,0
1686.05,10539,0
1686.07,9042,0
1686.09,10142,0
1686.11,10485,0
1686.13,10064,0
1686.15,11410,0
1686.17,9045,0
1686.19,10338,0
1686.21,9018,0
1686.23,10002,0
1686.25,11061,0
1686.27,10213,0
1686.29,11671,0
1686.31,11547,0
1686.33,9427,0
1686.35,10512,0
1686.37,11807,0
1686.39,9555,0
1686.41,10160,0
1686.43,12274,0
1686.45,10057,0
1686.47,10425,0
1686.49,10653,0
1686.51,9664,0
1686.53,10517,0
1686.55,11284,0
1686.57,8772,0
1686.59,10749,0
1686.61,9995,0
1686.63,10438,0
1686.65,11235,0
1686.67,10119,0
1686.69,12382,0
1686.71,8413,0
1686.73,12432,0
1686.75,8919,0
1686.77,10432,0
1686.79,12833,0
1686.81,10771,0
1686.82,9486,0
1686.84,10169,0
1686.86,12030,0
1686.88,11806,0
1686.90,10269,0
1686.92,12122,0
1686.94,11134,0
1686.96,8965,0
1686.98,10884,0
1687.00,9191,0
1687.02,11227,0
1687.04,10256,0
1687.06,11777,0
1687.08,11229,0
1687.10,8707,0
1687.12,12181,0
1687.14,9064,0
1687.16,11916,0
1687.18,11111,0
1687.20,9432,0
1687.22,11976,0
1687.24,10270,0
1687.26,10094,0
1687.28,11194,0
1687.30,11729,0
1687.32,9356,0
1687.34,13678,0
1687.36,10330,0
1687.38,11351,0
1687.40,12778,0
1687.42,10481,0
1687.44,10787,0
1687.46,9181,0
1687.48,12221,0
1687.50,10497,0
1687.52,12295,0
1687.54,10183,0
1687.56,11270,0
1687.58,9596,0
1687.60,10381,0
1687.62,9461,0
1687.64,11277,0
1687.66,10010,0
1687.68,12026,0
1687.70,10042,0
1687.72,12316,0
1687.74,10279,0
1687.76,12057,0
1687.78,10776,0
1687.80,11199,0
1687.82,11876,0
1687.84,11745,0
1687.86,10240,0
1687.88,12280,0
1687.90,10130,0
1687.91,12859,0
1687.93,10163,0
1687.95,10557,0
1687.97,10546,0
1687.99,10695,0
1688.01,10108,0
1688.03,11095,0
1688.05,8311,0
1688.07,11857,0
1688.09,12628,0
1688.11,10224,0
1688.13,12671,0
1688.15,9625,0
1688.17,11307,0
1688.19,9619,0
1688.21,11719,0
1688.23,9149,0
1688.25,11848,0
1688.27,9135,0
1688.29,11703,0
1688.31,10223,0
1688.33,13753,0
1688.35,9252,0
1688.37,11705,0
1688.39,9331,0
1688.41,10660,0
1688.43,9083,0
1688.45,12167,0
1688.47,11634,0
1688.49,9819,0
1688.51,11872,0
1688.53,11130,0
1688.55,11372,0
1688.57,8596,0
1688.59,11565,0
1688.61,9927,0
1688.63,11197,0
1688.65,9225,0
1688.67,11723,0
1688.69,9507,0
1688.71,12335,0
1688.73,9366,0
1688.75,11189,0
1688.77,12122,0
1688.79,8863,0
1688.81,11798,0
1688.83,8012,0
1688.85,11005,0
1688.87,9445,0
1688.89,12684,0
1688.91,10829,0
1688.93,11050,0
1688.95,9951,0
1688.97,10375,0
1688.99,11415,0
1689.01,10190,0
1689.02,11574,0
1689.04,9959,0
1689.06,12302,0
1689.08,9210,0
1689.10,12125,0
1689.12,9591,0
1689.14,11708,0
1689.16,9697,0
1689.18,9372,0
1689.20,9833,0
1689.22,8799,0
1689.24,11257,0
1689.26,10925,0
1689.28,10616,0
1689.30,10438,0
1689.32,8422,0
1689.34,11232,0
1689.36,10784,0
1689.38,9308,0
1689.40,10457,0
1689.42,9449,0
1689.44,11707,0
1689.46,9635,0
1689.48,9850,0
1689.50,12605,0
1689.52,8824,0
1689.54,12466,0
1689.56,10135,0
1689.58,12379,0
1689.60,11129,0
1689.62,8438,0
1689.64,9812,0
1689.66,10179,0
1689.68,12555,0
1689.70,9209,0
1689.72,11159,0
1689.74,9543,0
1689.76,11477,0
1689.78,11084,0
1689.80,11561,0
1689.82,10486,0
1689.84,9999,0
1689.86,11164,0
1689.88,8273,0
1689.90,11923,0
1689.92,9454,0
1689.94,11826,0
1689.96,9864,0
1689.98,11684,0
1690.00,10833,0
1690.02,12216,0
1690.04,10592,0
1690.06,11566,0
1690.08,12243,0
1690.10,10758,0
1690.11,11122,0
1690.13,10604,0
1690.15,9069,0
1690.17,11647,0
1690.19,11855,0
1690.21,10163,0
1690.23,10801,0
1690.25,8746,0
1690.27,11752,0
1690.29,10730,0
1690.31,8136,0
1690.33,11489,0
1690.35,9658,0
1690.37,11978,0
1690.39,10787,0
1690.41,9723,0
1690.43,11084,0
1690.45,11684,0
1690.47,9455,0
1690.49,11784,0
1690.51,9934,0
1690.53,11895,0
1690.55,9682,0
1690.57,10510,0
1690.59,12663,0
1690.61,10652,0
1690.63,10432,0
1690.65,11700,0
1690.67,9432,0
1690.69,10624,0
1690.71,11669,0
1690.73,9761,0
1690.75,10298,0
1690.77,10895,0
1690.79,10966,0
1690.81,8189,0
1690.83,10444,0
1690.85,10612,0
1690.87,10422,0
1690.89,11901,0
1690.91,10106,0
1690.93,10681,0
1690.95,10020,0
1690.97,9651,0
1690.99,10392,0
1691.01,9019,0
1691.03,9216,0
1691.05,12586,0
1691.07,10202,0
1691.09,10948,0
1691.11,9550,0
1691.13,11071,0
1691.15,10819,0
1691.17,8812,0
1691.19,10077,0
1691.20,10453,0
1691.22,11853,0
1691.24,10525,0
1691.26,10757,0
1691.28,11666,0
1691.30,11516,0
1691.32,9952,0
1691.34,9708,0
1691.36,12729,0
1691.38,9970,0
1691.40,10226,0
1691.42,11471,0
1691.44,11964,0
1691.46,10320,0
1691.48,11824,0
1691.50,10178,0
1691.52,9483,0
1691.54,11740,0
1691.56,10106,0
1691.58,12030,0
1691.60,9069,0
1691.62,10342,0
1691.64,11201,0
1691.66,9728,0
1691.68,11420,0
1691.70,9528,0
1691.72,9616,0
1691.74,11137,0
1691.76,11980,0
1691.78,9850,0
1691.80,10677,0
1691.82,11525,0
1691.84,10099,0
1691.86,11536,0
1691.88,9959,0
1691.90,12183,0
1691.92,9584,0
1691.94,10626,0
1691.96,10790,0
1691.98,9894,0
1692.00,10852,0
1692.02,7203,0
1692.04,11410,0
1692.06,10130,0
1692.08,11684,0
1692.10,8786,0
1692.12,9341,0
1692.14,11080,0
1692.16,10414,0
1692.18,10755,0
1692.20,10169,0
1692.22,9967,0
1692.24,10964,0
1692.26,8052,0
1692.28,11379,0
1692.30,9819,0
1692.31,13123,0
1692.33,9472,0
1692.35,10816,0
1692.37,8904,0
1692.39,11050,0
1692.41,10448,0
1692.43,10288,0
1692.45,10477,0
1692.47,10816,0
1692.49,10239,0
1692.51,10770,0
1692.53,9964,0
1692.55,12205,0
1692.57,10741,0
1692.59,11187,0
1692.61,11348,0
1692.63,7917,0
1692.65,11186,0
1692.67,8507,0
1692.69,11814,0
1692.71,11712,0
1692.73,10430,0
1692.75,10119,0
1692.77,10584,0
1692.79,11399,0
1692.81,9770,0
1692.83,11232,0
1692.85,9663,0
1692.87,10507,0
1692.89,7894,0
1692.91,11732,0
1692.93,9325,0
1692.95,11385,0
1692.97,9738,0
1692.99,11220,0
1693.01,9449,0
1693.03,14038,0
1693.05,10203,0
1693.07,12025,0
1693.09,9433,0
1693.11,11406,0
1693.13,10388,0
1693.15,12564,0
1693.17,10488,0
1693.19,15112,0
1693.21,10384,0
1693.23,12413,0
1693.25,10548,0
1693.27,12417,0
1693.29,10288,0
1693.31,11876,0
1693.33,10106,0
1693.35,11004,0
1693.37,9203,0
1693.39,12156,0
1693.40,10910,0
1693.42,13173,0
1693.44,10511,0
1693.46,11654,0
1693.48,9798,0
1693.50,9401,0
1693.52,12411,0
1693.54,9522,0
1693.56,9522,0
1693.58,10256,0
1693.60,10988,0
1693.62,10894,0
1693.64,8693,0
1693.66,11808,0
1693.68,9612,0
1693.70,12342,0
1693.72,11048,0
1693.74,11578,0
1693.76,10417,0
1693.78,10557,0
1693.80,9102,0
1693.82,10826,0
1693.84,10223,0
1693.86,9415,0
1693.88,11368,0
1693.90,9563,0
1693.92,10918,0
1693.94,10413,0
1693.96,11284,0
1693.98,9202,0
1694.00,12102,0
1694.02,9589,0
1694.04,10008,0
1694.06,10758,0
1694.08,9401,0
1694.10,11482,0
1694.12,10379,0
1694.14,10746,0
1694.16,11265,0
1694.18,9980,0
1694.20,12488,0
1694.22,10941,0
1694.24,10372,0
1694.26,11848,0
1694.28,9410,0
1694.30,9342,0
1694.32,11449,0
1694.34,8934,0
1694.36,12181,0
1694.38,9014,0
1694.40,11608,0
1694.42,8975,0
1694.44,10087,0
1694.46,11304,0
1694.48,9671,0
1694.49,10354,0
1694.51,10519,0
1694.53,9645,0
1694.55,12165,0
1694.57,10265,0
1694.59,11871,0
1694.61,8735,0
1694.63,10470,0
1694.65,12239,0
1694.67,10098,0
1694.69,10346,0
1694.71,8580,0
1694.73,9669,0
1694.75,8779,0
1694.77,13311,0
1694.79,10100,0
1694.81,11568,0
1694.83,8539,0
1694.85,10774,0
1694.87,12200,0
1694.89,10089,0
1694.91,10438,0
1694.93,9287,0
1694.95,11878,0
1694.97,9068,0
1694.99,11542,0
1695.01,10696,0
1695.03,10370,0
1695.05,10640,0
1695.07,8969,0
1695.09,12690,0
1695.11,9518,0
1695.13,10017,0
1695.15,10547,0
1695.17,11438,0
1695.19,10708,0
1695.21,12683,0
1695.23,10001,0
1695.25,11460,0
1695.27,9315,0
1695.29,11701,0
1695.31,11064,0
1695.33,9844,0
1695.35,11800,0
1695.37,9556,0
1695.39,9991,0
1695.41,12130,0
1695.43,9535,0
1695.45,11022,0
1695.47,10628,0
1695.49,10081,0
1695.51,12856,0
1695.53,10571,0
1695.55,12583,0
1695.57,10859,0
1695.59,11555,0
1695.60,10623,0
1695.62,12106,0
1695.64,9902,0
1695.66,10809,0
1695.68,8310,0
1695.70,11658,0
1695.72,11645,0
1695.74,9944,0
1695.76,11258,0
1695.78,9731,0
1695.80,10489,0
1695.82,11004,0
1695.84,8418,0
1695.86,11680,0
1695.88,10551,0
1695.90,12328,0
1695.92,8484,0
1695.94,11390,0
1695.96,11586,0
1695.98,9566,0
1696.00,11119,0
1696.02,9882,0
1696.04,11663,0
1696.06,10003,0
1696.08,12822,0
1696.10,9156,0
1696.12,11076,0
1696.14,9324,0
1696.16,10840,0
1696.18,8719,0
1696.20,10791,0
1696.22,7915,0
1696.24,12208,0
1696.26,10714,0
1696.28,12463,0
1696.30,9478,0
1696.32,11648,0
1696.34,9376,0
1696.36,10050,0
1696.38,10707,0
1696.40,10015,0
1696.42,11584,0
1696.44,9248,0
1696.46,12182,0
1696.48,10592,0
1696.50,12811,0
1696.52,11286,0
1696.54,8775,0
1696.56,11779,0
1696.58,9373,0
1696.60,10481,0
1696.62,9728,0
1696.64,7738,0
1696.66,10276,0
1696.68,9336,0
1696.70,11100,0
1696.71,7612,0
1696.73,9598,0
1696.75,9827,0
1696.77,9621,0
1696.79,12118,0
1696.81,9730,0
1696.83,9441,0
1696.85,11766,0
1696.87,10560,0
1696.89,12879,0
1696.91,10652,0
1696.93,11371,0
1696.95,9502,0
1696.97,9812,0
1696.99,10647,0
1697.01,10057,0
1697.03,11044,0
1697.05,9285,0
1697.07,12552,0
1697.09,10832,0
1697.11,10464,0
1697.13,11036,0
1697.15,9401,0
1697.17,12522,0
1697.19,10368,0
1697.21,9969,0
1697.23,11194,0
1697.25,6401,0
1697.27,11820,0
1697.29,11134,0
1697.31,9141,0
1697.33,11224,0
1697.35,9872,0
1697.37,9679,0
1697.39,12704,0
1697.41,10676,0
1697.43,12307,0
1697.45,12154,0
1697.47,9141,0
1697.49,11381,0
1697.51,10061,0
1697.53,9486,0
1697.55,11263,0
1697.57,10164,0
1697.59,12912,0
1697.61,9520,0
1697.63,11151,0
1697.65,9493,0
1697.67,11165,0
1697.69,11300,0
1697.71,11529,0
1697.73,10514,0
1697.75,11930,0
1697.77,9868,0
1697.79,12100,0
1697.80,10526,0
1697.82,12750,0
1697.84,10131,0
1697.86,9992,0
1697.88,11171,0
1697.90,10066,0
1697.92,10171,0
1697.94,10542,0
1697.96,10069,0
1697.98,10212,0
1698.00,10932,0
1698.02,9764,0
1698.04,9955,0
1698.06,9766,0
1698.08,9507,0
1698.10,11871,0
1698.12,9072,0
1698.14,9086,0
1698.16,12403,0
1698.18,10285,0
1698.20,10710,0
1698.22,11099,0
1698.24,10087,0
1698.26,11967,0
1698.28,10285,0
1698.30,12721,0
1698.32,10822,0
1698.34,10583,0
1698.36,10773,0
1698.38,9668,0
1698.40,11889,0
1698.42,9630,0
1698.44,11886,0
1698.46,10262,0
1698.48,9455,0
1698.50,11200,0
1698.52,10226,0
1698.54,10722,0
1698.56,9476,0
1698.58,11121,0
1698.60,8703,0
1698.62,10403,0
1698.64,11181,0
1698.66,12001,0
1698.68,10670,0
1698.70,11025,0
1698.72,11534,0
1698.74,10744,0
1698.76,12404,0
1698.78,11022,0
1698.80,10259,0
1698.82,9236,0
1698.84,10275,0
1698.86,12000,0
1698.88,9794,0
1698.90,11935,0
1698.91,9763,0
1698.93,8971,0
1698.95,9750,0
1698.97,12202,0
1698.99,10211,0
1699.01,9694,0
1699.03,10842,0
1699.05,10837,0
1699.07,10087,0
1699.09,10311,0
1699.11,8808,0
1699.13,10761,0
1699.15,12136,0
1699.17,10077,0
1699.19,11737,0
1699.21,10426,0
1699.23,11637,0
1699.25,12538,0
1699.27,10672,0
1699.29,9514,0
1699.31,11961,0
1699.33,9797,0
1699.35,10581,0
1699.37,12603,0
1699.39,9579,0
1699.41,9785,0
1699.43,10979,0
1699.45,11121,0
1699.47,10271,0
1699.49,10741,0
1699.51,11602,0
1699.53,9221,0
1699.55,10285,0
1699.57,10882,0
1699.59,10011,0
1699.61,12239,0
1699.63,9888,0
1699.65,10323,0
1699.67,10809,0
1699.69,9033,0
1699.71,10714,0
1699.73,11707,0
1699.75,8316,0
1699.77,11565,0
1699.79,9593,0
1699.81,11512,0
1699.83,10870,0
1699.85,9296,0
1699.87,10176,0
1699.89,12496,0
1699.91,9046,0
1699.93,11173,0
1699.95,10258,0
1699.97,11427,0
1699.98,10222,0
1700.00,9860,0
1700.02,11907,0
1700.04,7923,0
1700.06,10562,0
1700.08,10390,0
1700.10,11956,0
1700.12,10658,0
1700.14,11308,0
1700.16,8788,0
1700.18,11938,0
1700.20,10431,0
1700.22,11209,0
1700.24,9732,0
1700.26,12059,0
1700.28,9589,0
1700.30,12089,0
1700.32,10099,0
1700.34,12109,0
1700.36,8760,0
1700.38,12069,0
1700.40,9695,0
1700.42,11215,0
1700.44,10733,0
1700.46,9818,0
1700.48,11941,0
1700.50,10212,0
1700.52,11591,0
1700.54,10083,0
1700.56,11315,0
1700.58,9076,0
1700.60,12241,0
1700.62,10959,0
1700.64,9918,0
1700.66,9987,0
1700.68,11019,0
1700.70,11686,0
1700.72,13104,0
1700.74,9574,0
1700.76,12149,0
1700.78,9056,0
1700.80,12408,0
1700.82,11689,0
1700.84,9590,0
1700.86,11446,0
1700.88,8676,0
1700.90,11545,0
1700.92,9948,0
1700.94,11370,0
1700.96,11704,0
1700.98,9019,0
1701.00,10941,0
1701.02,10723,0
1701.04,10732,0
1701.06,9536,0
1701.08,11280,0
1701.09,10699,0
1701.11,10958,0
1701.13,9453,0
1701.15,11273,0
1701.17,10986,0
1701.19,11975,0
1701.21,9700,0
1701.23,11000,0
1701.25,10124,0
1701.27,12023,0
1701.29,11884,0
1701.31,10599,0
1701.33,10508,0
1701.35,10381,0
1701.37,10476,0
1701.39,10622,0
1701.41,9089,0
1701.43,11342,0
1701.45,10298,0
1701.47,11408,0
1701.49,9469,0
1701.51,12280,0
1701.53,10293,0
1701.55,10757,0
1701.57,10210,0
1701.59,12600,0
1701.61,10712,0
1701.63,10826,0
1701.65,10335,0
1701.67,8148,0
1701.69,11851,0
1701.71,9791,0
1701.73,11211,0
1701.75,8830,0
1701.77,10176,0
1701.79,11342,0
1701.81,10438,0
1701.83,12367,0
1701.85,10965,0
1701.87,11824,0
1701.89,9075,0
1701.91,11985,0
1701.93,11145,0
1701.95,12485,0
1701.97,9967,0
1701.99,11736,0
1702.01,9255,0
1702.03,11854,0
1702.05,11441,0
1702.07,9585,0
1702.09,10810,0
1702.11,9537,0
1702.13,11005,0
1702.15,9244,0
1702.17,10378,0
1702.19,11010,0
1702.20,11126,0
1702.22,10562,0
1702.24,10341,0
1702.26,10832,0
1702.28,9825,0
1702.30,12082,0
1702.32,10357,0
1702.34,11725,0
1702.36,9514,0
1702.38,11045,0
1702.40,10297,0
1702.42,11094,0
1702.44,11382,0
1702.46,10535,0
1702.48,12101,0
1702.50,10870,0
1702.52,10388,0
1702.54,9614,0
1702.56,11011,0
1702.58,10053,0
1702.60,11476,0
1702.62,11732,0
1702.64,10297,0
1702.66,11809,0
1702.68,10225,0
1702.70,10954,0
1702.72,10583,0
1702.74,11234,0
1702.76,9652,0
1702.78,11164,0
1702.80,10683,0
1702.82,11870,0
1702.84,9355,0
1702.86,10708,0
1702.88,10059,0
1702.90,11264,0
1702.92,9330,0
1702.94,12441,0
1702.96,9838,0
1702.98,12304,0
1703.00,9640,0
1703.02,11487,0
1703.04,9930,0
1703.06,10986,0
1703.08,11591,0
1703.10,10133,0
1703.12,10891,0
1703.14,9878,0
1703.16,11525,0
1703.18,11052,0
1703.20,11512,0
1703.22,10570,0
1703.24,12346,0
1703.26,10412,0
1703.28,10495,0
1703.29,11026,0
1703.31,11320,0
1703.33,12142,0
1703.35,9815,0
1703.37,12237,0
1703.39,9813,0
1703.41,12030,0
1703.43,10822,0
1703.45,11602,0
1703.47,11216,0
1703.49,12079,0
1703.51,9603,0
1703.53,12185,0
1703.55,9348,0
1703.57,11308,0
1703.59,10557,0
1703.61,10800,0
1703.63,10489,0
1703.65,11418,0
1703.67,11372,0
1703.69,10345,0
1703.71,11182,0
1703.73,9091,0
1703.75,11491,0
1703.77,11011,0
1703.79,12522,0
1703.81,12164,0
1703.83,9449,0
1703.85,10189,0
1703.87,11870,0
1703.89,9030,0
1703.91,10791,0
1703.93,9832,0
1703.95,11340,0
1703.97,9419,0
1703.99,11655,0
1704.01,9247,0
1704.03,10629,0
1704.05,9572,0
1704.07,12538,0
1704.09,11143,0
1704.11,12092,0
1704.13,11102,0
1704.15,9514,0
1704.17,12154,0
1704.19,10054,0
1704.21,11291,0
1704.23,12449,0
1704.25,9864,0
1704.27,11268,0
1704.29,10197,0
1704.31,10911,0
1704.33,12373,0
1704.35,9931,0
1704.37,10217,0
1704.38,12154,0
1704.40,9394,0
1704.42,11403,0
1704.44,9223,0
1704.46,10588,0
1704.48,12096,0
1704.50,9039,0
1704.52,12041,0
1704.54,10069,0
1704.56,12267,0
1704.58,11180,0
1704.60,10284,0
1704.62,11192,0
1704.64,10222,0
1704.66,9733,0
1704.68,12107,0
1704.70,9695,0
1704.72,11818,0
1704.74,10724,0
1704.76,10995,0
1704.78,10805,0
1704.80,9936,0
1704.82,10795,0
1704.84,9884,0
1704.86,12278,0
1704.88,11656,0
1704.90,10162,0
1704.92,10223,0
1704.94,9287,0
1704.96,11618,0
1704.98,9247,0
1705.00,12788,0
1705.02,10701,0
1705.04,12861,0
1705.06,10641,0
1705.08,9840,0
1705.10,11767,0
1705.12,10201,0
1705.14,11562,0
1705.16,11820,0
1705.18,10535,0
1705.20,11896,0
1705.22,9572,0
1705.24,11738,0
1705.26,9279,0
1705.28,11945,0
1705.30,11074,0
1705.32,10362,0
1705.34,13610,0
1705.36,9798,0
1705.38,11806,0
1705.40,10090,0
1705.42,11684,0
1705.44,10896,0
1705.46,10690,0
1705.48,11246,0
1705.49,9564,0
1705.51,10607,0
1705.53,12149,0
1705.55,9720,0
1705.57,11357,0
1705.59,11315,0
1705.61,9609,0
1705.63,11441,0
1705.65,11862,0
1705.67,8429,0
1705.69,11058,0
1705.71,10360,0
1705.73,9212,0
1705.75,11580,0
1705.77,10862,0
1705.79,10363,0
1705.81,10991,0
1705.83,9937,0
1705.85,10028,0
1705.87,11071,0
1705.89,9657,0
1705.91,11356,0
1705.93,10739,0
1705.95,10172,0
1705.97,10884,0
1705.99,10872,0
1706.01,10898,0
1706.03,12032,0
1706.05,9105,0
1706.07,12498,0
1706.09,11066,0
1706.11,10174,0
1706.13,10699,0
1706.15,9802,0
1706.17,11182,0
1706.19,11393,0
1706.21,12722,0
1706.23,10540,0
1706.25,11480,0
1706.27,9676,0
1706.29,10498,0
1706.31,12472,0
1706.33,10661,0
1706.35,11031,0
1706.37,10305,0
1706.39,10538,0
1706.41,10889,0
1706.43,11138,0
1706.45,9370,0
1706.47,9752,0
1706.49,10774,0
1706.51,11277,0
1706.53,10468,0
1706.55,12070,0
1706.57,10076,0
1706.59,10912,0
1706.60,9368,0
1706.62,12194,0
1706.64,9806,0
1706.66,10087,0
1706.68,11309,0
1706.70,9898,0
1706.72,14060,0
1706.74,9334,0
1706.76,11698,0
1706.78,9610,0
1706.80,12068,0
1706.82,12226,0
1706.84,9584,0
1706.86,11442,0
1706.88,9670,0
1706.90,11117,0
1706.92,10946,0
1706.94,11426,0
1706.96,10438,0
1706.98,11833,0
1707.00,9046,0
1707.02,11650,0
1707.04,11570,0
1707.06,8264,0
1707.08,12216,0
1707.10,12149,0
1707.12,9281,0
1707.14,11843,0
1707.16,9492,0
1707.18,9823,0
1707.20,12662,0
1707.22,8768,0
1707.24,12006,0
1707.26,10866,0
1707.28,12163,0
1707.30,8501,0
1707.32,8766,0
1707.34,10237,0
1707.36,11607,0
1707.38,11142,0
1707.40,10346,0
1707.42,12334,0
1707.44,12628,0
1707.46,12377,0
1707.48,9649,0
1707.50,8936,0
1707.52,9723,0
1707.54,10878,0
1707.56,11843,0
1707.58,11372,0
1707.60,9857,0
1707.62,11665,0
1707.64,8992,0
1707.66,10723,0
1707.68,10774,0
1707.69,10169,0
1707.71,12494,0
1707.73,10071,0
1707.75,12222,0
1707.77,10578,0
1707.79,11051,0
1707.81,11185,0
1707.83,10667,0
1707.85,10814,0
1707.87,12807,0
1707.89,9418,0
1707.91,10955,0
1707.93,9407,0
1707.95,11059,0
1707.97,11880,0
1707.99,9760,0
1708.01,13315,0
1708.03,9714,0
1708.05,12985,0
1708.07,11852,0
1708.09,10216,0
1708.11,9238,0
1708.13,12881,0
1708.15,9988,0
1708.17,12989,0
1708.19,10787,0
1708.21,11834,0
1708.23,10755,0
1708.25,9990,0
1708.27,10808,0
1708.29,11293,0
1708.31,10676,0
1708.33,9796,0
1708.35,12925,0
1708.37,12021,0
1708.39,11273,0
1708.41,12027,0
1708.43,9094,0
1708.45,11165,0
1708.47,10162,0
1708.49,12517,0
1708.51,9982,0
1708.53,10767,0
1708.55,10014,0
1708.57,8953,0
1708.59,12658,0
1708.61,11063,0
1708.63,11792,0
1708.65,10776,0
1708.67,10810,0
1708.69,11552,0
1708.71,9920,0
1708.73,12587,0
1708.75,10060,0
1708.77,12442,0
1708.79,11547,0
1708.80,10118,0
1708.82,10718,0
1708.84,9688,0
1708.86,10494,0
1708.88,8622,0
1708.90,12296,0
1708.92,11372,0
1708.94,9081,0
1708.96,11968,0
1708.98,9212,0
1709.00,11633,0
1709.02,9950,0
1709.04,12353,0
1709.06,10057,0
1709.08,12378,0
1709.10,8905,0
1709.12,12270,0
1709.14,10895,0
1709.16,13260,0
1709.18,10387,0
1709.20,12220,0
1709.22,9772,0
1709.24,11282,0
1709.26,8724,0
1709.28,11751,0
1709.30,10635,0
1709.32,11233,0
1709.34,9879,0
1709.36,11709,0
1709.38,9072,0
1709.40,10949,0
1709.42,11255,0
1709.44,10417,0
1709.46,10857,0
1709.48,10468,0
1709.50,11999,0
1709.52,10382,0
1709.54,12250,0
1709.56,9299,0
1709.58,10236,0
1709.60,10339,0
1709.62,10759,0
1709.64,12288,0
1709.66,9937,0
1709.68,11749,0
1709.70,9094,0
1709.72,11364,0
1709.74,8903,0
1709.76,11452,0
1709.78,12111,0
1709.80,8116,0
1709.82,12355,0
1709.84,10468,0
1709.86,10857,0
1709.88,8998,0
1709.90,10711,0
1709.91,10656,0
1709.93,10434,0
1709.95,10546,0
1709.97,9912,0
1709.99,11894,0
1710.01,10463,0
1710.03,9074,0
1710.05,10748,0
1710.07,12755,0
1710.09,9646,0
1710.11,9307,0
1710.13,12565,0
1710.15,10233,0
1710.17,9016,0
1710.19,10829,0
1710.21,10976,0
1710.23,10374,0
1710.25,12548,0
1710.27,9345,0
1710.29,10043,0
1710.31,12243,0
1710.33,10743,0
1710.35,10516,0
1710.37,10576,0
1710.39,8865,0
1710.41,11083,0
1710.43,8971,0
1710.45,11889,0
1710.47,11175,0
1710.49,11691,0
1710.51,11514,0
1710.53,9005,0
1710.55,11320,0
1710.57,12535,0
1710.59,9593,0
1710.61,11026,0
1710.63,11772,0
1710.65,8279,0
1710.67,10848,0
1710.69,12549,0
1710.71,9956,0
1710.73,12018,0
1710.75,10785,0
1710.77,10994,0
1710.79,11526,0
1710.81,12562,0
1710.83,10246,0
1710.85,9946,0
1710.87,9899,0
1710.89,8806,0
1710.91,10977,0
1710.93,11841,0
1710.95,11272,0
1710.97,9942,0
1710.99,11836,0
1711.01,11820,0
1711.02,9242,0
1711.04,10157,0
1711.06,11820,0
1711.08,12690,0
1711.10,9645,0
1711.12,9628,0
1711.14,10100,0
1711.16,11905,0
1711.18,12819,0
1711.20,11377,0
1711.22,8793,0
1711.24,11448,0
1711.26,11508,0
1711.28,9688,0
1711.30,10973,0
1711.32,13114,0
1711.34,9286,0
1711.36,9540,0
1711.38,11278,0
1711.40,8880,0
1711.42,10338,0
1711.44,13042,0
1711.46,10009,0
1711.48,10024,0
1711.50,11759,0
1711.52,10570,0
1711.54,10485,0
1711.56,10917,0
1711.58,10672,0
1711.60,11403,0
1711.62,11363,0
1711.64,6512,0
1711.66,11333,0
1711.68,10495,0
1711.70,9605,0
1711.72,11568,0
1711.74,10889,0
1711.76,11343,0
1711.78,12104,0
1711.80,9892,0
1711.82,12476,0
1711.84,8909,0
1711.86,10885,0
1711.88,10738,0
1711.90,11014,0
1711.92,10412,0
1711.94,9995,0
1711.96,10914,0
1711.98,11354,0
1712.00,10135,0
1712.02,9364,0
1712.04,11597,0
1712.06,9427,0
1712.08,10705,0
1712.10,13260,0
1712.11,10646,0
1712.13,9521,0
1712.15,11182,0
1712.17,10399,0
1712.19,10851,0
1712.21,11965,0
1712.23,9208,0
1712.25,13443,0
1712.27,8980,0
1712.29,12441,0
1712.31,10725,0
1712.33,9630,0
1712.35,11812,0
1712.37,10976,0
1712.39,9919,0
1712.41,11814,0
1712.43,9987,0
1712.45,10932,0
1712.47,12141,0
1712.49,8356,0
1712.51,10718,0
1712.53,10554,0
1712.55,10038,0
1712.57,11565,0
1712.59,10795,0
1712.61,9945,0
1712.63,12153,0
1712.65,11025,0
1712.67,9821,0
1712.69,9794,0
1712.71,10534,0
1712.73,8692,0
1712.75,12283,0
1712.77,9131,0
1712.79,10229,0
1712.81,11148,0
1712.83,9654,0
1712.85,10174,0
1712.87,11258,0
1712.89,11659,0
1712.91,9071,0
1712.93,13049,0
1712.95,12834,0
1712.97,8348,0
1712.99,10899,0
1713.01,10871,0
1713.03,10489,0
1713.05,9497,0
1713.07,11075,0
1713.09,11131,0
1713.11,9964,0
1713.13,10363,0
1713.15,12741,0
1713.17,9659,0
1713.19,10489,0
1713.21,10954,0
1713.22,10598,0
1713.24,10112,0
1713.26,9850,0
1713.28,10906,0
1713.30,9248,0
1713.32,10835,0
1713.34,12441,0
1713.36,10453,0
1713.38,10701,0
1713.40,11676,0
1713.42,10955,0
1713.44,9339,0
1713.46,9805,0
1713.48,11695,0
1713.50,10586,0
1713.52,9297,0
1713.54,11165,0
1713.56,11695,0
1713.58,9518,0
1713.60,11107,0
1713.62,11606,0
1713.64,11841,0
1713.66,8345,0
1713.68,11586,0
1713.70,11076,0
1713.72,9694,0
1713.74,10924,0
1713.76,11872,0
1713.78,12538,0
1713.80,11471,0
1713.82,9186,0
1713.84,11640,0
1713.86,11260,0
1713.88,10418,0
1713.90,10460,0
1713.92,9599,0
1713.94,13217,0
1713.96,10466,0
1713.98,12063,0
1714.00,11499,0
1714.02,9379,0
1714.04,9809,0
1714.06,11266,0
1714.08,10971,0
1714.10,8876,0
1714.12,10082,0
1714.14,11386,0
1714.16,11297,0
1714.18,9110,0
1714.20,9693,0
1714.22,12028,0
1714.24,12047,0
1714.26,9142,0
1714.28,8833,0
1714.30,10808,0
1714.32,11062,0
1714.33,9830,0
1714.35,9434,0
1714.37,10926,0
1714.39,11121,0
1714.41,10384,0
1714.43,10089,0
1714.45,11863,0
1714.47,10611,0
1714.49,10856,0
1714.51,9746,0
1714.53,11879,0
1714.55,11495,0
1714.57,10506,0
1714.59,9605,0
1714.61,10658,0
1714.63,12005,0
1714.65,10414,0
1714.67,8282,0
1714.69,11372,0
1714.71,12738,0
1714.73,10632,0
1714.75,9884,0
1714.77,8565,0
1714.79,11130,0
1714.81,12658,0
1714.83,10032,0
1714.85,10641,0
1714.87,12119,0
1714.89,8761,0
1714.91,10469,0
1714.93,12863,0
1714.95,10031,0
1714.97,10214,0
1714.99,14407,0
1715.01,9007,0
1715.03,10184,0
1715.05,12431,0
1715.07,10656,0
1715.09,10559,0
1715.11,10351,0
1715.13,11664,0
1715.15,9355,0
1715.17,10598,0
1715.19,10681,0
1715.21,12466,0
1715.23,8276,0
1715.25,9256,0
1715.27,11719,0
1715.29,11374,0
1715.31,9862,0
1715.33,10162,0
1715.35,9804,0
1715.37,10955,0
1715.39,12712,0
1715.41,10906,0
1715.43,8928,0
1715.44,12215,0
1715.46,9647,0
1715.48,11297,0
1715.50,9062,0
1715.52,11199,0
1715.54,10755,0
1715.56,9455,0
1715.58,11202,0
1715.60,10958,0
1715.62,9650,0
1715.64,11162,0
1715.66,8610,0
1715.68,10340,0
1715.70,11975,0
1715.72,9734,0
1715.74,11286,0
1715.76,11296,0
1715.78,10651,0
1715.80,11332,0
1715.82,9313,0
1715.84,10297,0
1715.86,10110,0
1715.88,11663,0
1715.90,11977,0
1715.92,9562,0
1715.94,10814,0
1715.96,10005,0
1715.98,9323,0
1716.00,12118,0
1716.02,12075,0
1716.04,9898,0
1716.06,11711,0
1716.08,10153,0
1716.10,12227,0
1716.12,9273,0
1716.14,9442,0
1716.16,10519,0
1716.18,11498,0
1716.20,10569,0
1716.22,10601,0
1716.24,11579,0
1716.26,11343,0
1716.28,9940,0
1716.30,10419,0
1716.32,12528,0
1716.34,9835,0
1716.36,10237,0
1716.38,10860,0
1716.40,11035,0
1716.42,11917,0
1716.44,10381,0
1716.46,8378,0
1716.48,11176,0
1716.50,12144,0
1716.52,9040,0
1716.54,11092,0
1716.56,10908,0
1716.57,9908,0
1716.59,10700,0
1716.61,12005,0
1716.63,10054,0
1716.65,7927,0
1716.67,10598,0
1716.69,10727,0
1716.71,10974,0
1716.73,12456,0
1716.75,11069,0
1716.77,11243,0
1716.79,11284,0
1716.81,9764,0
1716.83,11670,0
1716.85,11077,0
1716.87,11070,0
1716.89,11054,0
1716.91,10697,0
1716.93,12817,0
1716.95,11194,0
1716.97,11890,0
1716.99,9633,0
1717.01,11575,0
1717.03,12301,0
1717.05,11439,0
1717.07,11101,0
1717.09,8198,0
1717.11,11110,0
1717.13,11788,0
1717.15,9895,0
1717.17,12197,0
1717.19,10126,0
1717.21,11398,0
1717.23,10748,0
1717.25,8409,0
1717.27,11973,0
1717.29,10450,0
1717.31,11201,0
1717.33,12579,0
1717.35,10600,0
1717.37,10105,0
1717.39,11583,0
1717.41,9878,0
1717.43,10717,0
1717.45,10204,0
1717.47,12199,0
1717.49,10694,0
1717.51,10222,0
1717.53,12063,0
1717.55,8729,0
1717.57,11152,0
1717.59,10119,0
1717.61,12458,0
1717.63,9332,0
1717.65,11113,0
1717.66,10342,0
1717.68,10908,0
1717.70,9284,0
1717.72,9277,0
1717.74,13678,0
1717.76,9847,0
1717.78,10744,0
1717.80,11413,0
1717.82,8767,0
1717.84,10524,0
1717.86,10142,0
1717.88,10831,0
1717.90,11073,0
1717.92,10755,0
1717.94,9745,0
1717.96,11299,0
1717.98,10990,0
1718.00,8022,0
1718.02,11097,0
1718.04,9566,0
1718.06,13078,0
1718.08,10891,0
1718.10,9951,0
1718.12,10883,0
1718.14,11142,0
1718.16,8959,0
1718.18,12020,0
1718.20,11269,0
1718.22,10722,0
1718.24,11574,0
1718.26,10124,0
1718.28,11161,0
1718.30,10383,0
1718.32,10167,0
1718.34,10583,0
1718.36,10642,0
1718.38,11516,0
1718.40,10269,0
1718.42,11996,0
1718.44,9063,0
1718.46,11831,0
1718.48,11024,0
1718.50,11340,0
1718.52,11019,0
1718.54,9891,0
1718.56,12311,0
1718.58,9507,0
1718.60,8398,0
1718.62,12304,0
1718.64,9805,0
1718.66,11927,0
1718.68,10731,0
1718.70,12288,0
1718.72,10263,0
1718.74,8470,0
1718.76,11299,0
1718.77,9900,0
1718.79,9811,0
1718.81,11140,0
1718.83,10684,0
1718.85,11580,0
1718.87,8993,0
1718.89,10809,0
1718.91,11201,0
1718.93,10280,0
1718.95,11191,0
1718.97,9321,0
1718.99,11981,0
1719.01,10238,0
1719.03,9630,0
1719.05,12195,0
1719.07,9033,0
1719.09,11372,0
1719.11,12058,0
1719.13,9059,0
1719.15,12009,0
1719.17,9769,0
1719.19,12381,0
1719.21,9535,0
1719.23,12438,0
1719.25,10407,0
1719.27,9076,0
1719.29,10929,0
1719.31,10397,0
1719.33,11833,0
1719.35,9610,0
1719.37,11102,0
1719.39,12193,0
1719.41,9068,0
1719.43,12348,0
1719.45,10201,0
1719.47,9375,0
1719.49,8736,0
1719.51,10711,0
1719.53,10323,0
1719.55,10594,0
1719.57,12683,0
1719.59,9955,0
1719.61,11429,0
1719.63,10494,0
1719.65,9848,0
1719.67,11675,0
1719.69,11602,0
1719.71,10198,0
1719.73,10534,0
1719.75,12685,0
1719.77,10173,0
1719.79,10493,0
1719.81,11625,0
1719.83,9770,0
1719.85,12432,0
1719.87,11316,0
1719.88,12333,0
1719.90,12402,0
1719.92,9181,0
1719.94,10021,0
1719.96,9327,0
1719.98,11171,0
1720.00,9113,0
1720.02,12005,0
1720.04,11362,0
1720.06,9892,0
1720.08,9519,0
1720.10,11418,0
1720.12,11410,0
1720.14,10351,0
1720.16,12378,0
1720.18,10072,0
1720.20,10491,0
1720.22,10323,0
1720.24,9011,0
1720.26,12745,0
1720.28,11264,0
1720.30,9171,0
1720.32,12269,0
1720.34,9585,0
1720.36,10761,0
1720.38,9865,0
1720.40,10622,0
1720.42,10343,0
1720.44,10406,0
1720.46,11643,0
1720.48,10915,0
1720.50,11909,0
1720.52,11812,0
1720.54,10762,0
1720.56,11541,0
1720.58,8820,0
1720.60,11059,0
1720.62,8878,0
1720.64,10998,0
1720.66,11085,0
1720.68,10090,0
1720.70,11965,0
1720.72,9237,0
1720.74,9648,0
1720.76,12652,0
1720.78,10818,0
1720.80,9980,0
1720.82,10700,0
1720.84,8863,0
1720.86,10696,0
1720.88,9934,0
1720.90,10936,0
1720.92,11279,0
1720.94,11736,0
1720.96,10699,0
1720.97,10538,0
1720.99,12755,0
1721.01,10307,0
1721.03,9594,0
1721.05,10728,0
1721.07,9324,0
1721.09,12045,0
1721.11,10305,0
1721.13,10102,0
1721.15,11665,0
1721.17,8688,0
1721.19,11810,0
1721.21,9146,0
1721.23,12158,0
1721.25,11406,0
1721.27,9938,0
1721.29,10478,0
1721.31,12218,0
1721.33,10353,0
1721.35,10982,0
1721.37,9958,0
1721.39,10335,0
1721.41,12364,0
1721.43,11516,0
1721.45,10435,0
1721.47,11427,0
1721.49,10349,0
1721.51,10031,0
1721.53,13923,0
1721.55,9456,0
1721.57,11224,0
1721.59,11944,0
1721.61,11029,0
1721.63,10454,0
1721.65,10594,0
1721.67,10845,0
1721.69,10201,0
1721.71,9797,0
1721.73,12113,0
1721.75,9397,0
1721.77,11732,0
1721.79,9814,0
1721.81,9690,0
1721.83,10997,0
1721.85,9474,0
1721.87,11900,0
1721.89,9898,0
1721.91,10942,0
1721.93,10872,0
1721.95,10220,0
1721.97,10857,0
1721.99,10138,0
1722.01,12210,0
1722.03,9915,0
1722.05,10117,0
1722.07,11998,0
1722.08,9943,0
1722.10,10371,0
1722.12,11196,0
1722.14,8943,0
1722.16,11788,0
1722.18,12207,0
1722.20,11392,0
1722.22,9129,0
1722.24,9959,0
1722.26,11977,0
1722.28,11804,0
1722.30,8310,0
1722.32,10100,0
1722.34,11289,0
1722.36,9160,0
1722.38,12720,0
1722.40,9958,0
1722.42,10385,0
1722.44,12542,0
1722.46,10069,0
1722.48,12032,0
1722.50,10316,0
1722.52,12065,0
1722.54,10450,0
1722.56,10537,0
1722.58,11710,0
1722.60,8949,0
1722.62,12124,0
1722.64,10909,0
1722.66,11729,0
1722.68,10354,0
1722.70,9700,0
1722.72,11613,0
1722.74,8784,0
1722.76,12284,0
1722.78,9834,0
1722.80,11467,0
1722.82,12252,0
1722.84,10558,0
1722.86,10284,0
1722.88,11221,0
1722.90,9968,0
1722.92,11878,0
1722.94,11064,0
1722.96,10510,0
1722.98,12179,0
1723.00,11372,0
1723.02,10299,0
1723.04,10955,0
1723.06,9269,0
1723.08,11173,0
1723.10,10087,0
1723.12,10022,0
1723.14,10997,0
1723.16,10249,0
1723.18,11501,0
1723.19,9089,0
1723.21,11848,0
1723.23,11811,0
1723.25,9836,0
1723.27,11464,0
1723.29,10866,0
1723.31,9875,0
1723.33,11910,0
1723.35,9677,0
1723.37,10546,0
1723.39,10664,0
1723.41,10532,0
1723.43,11309,0
1723.45,12642,0
1723.47,9556,0
1723.49,11329,0
1723.51,8224,0
1723.53,12093,0
1723.55,10688,0
1723.57,10071,0
1723.59,12536,0
1723.61,10612,0
1723.63,10214,0
1723.65,11114,0
1723.67,9550,0
1723.69,11214,0
1723.71,10313,0
1723.73,11834,0
1723.75,10418,0
1723.77,11009,0
1723.79,8132,0
1723.81,12568,0
1723.83,9630,0
1723.85,13588,0
1723.87,9657,0
1723.89,10975,0
1723.91,11332,0
1723.93,9561,0
1723.95,11954,0
1723.97,9754,0
1723.99,11711,0
1724.01,9363,0
1724.03,11826,0
1724.05,10892,0
1724.07,11056,0
1724.09,10060,0
1724.11,9382,0
1724.13,11995,0
1724.15,9426,0
1724.17,12803,0
1724.19,8941,0
1724.21,11497,0
1724.23,10787,0
1724.25,11464,0
1724.27,9748,0
1724.29,11442,0
1724.30,9795,0
1724.32,11227,0
1724.34,10151,0
1724.36,11150,0
1724.38,9905,0
1724.40,10309,0
1724.42,9966,0
1724.44,10303,0
1724.46,11307,0
1724.48,10109,0
1724.50,11290,0
1724.52,10133,0
1724.54,12337,0
1724.56,10591,0
1724.58,12059,0
1724.60,11005,0
1724.62,9153,0
1724.64,10779,0
1724.66,9906,0
1724.68,11352,0
1724.70,10094,0
1724.72,10435,0
1724.74,12592,0
1724.76,9331,0
1724.78,12265,0
1724.80,10163,0
1724.82,10342,0
1724.84,10018,0
1724.86,9794,0
1724.88,10908,0
1724.90,9751,0
1724.92,11570,0
1724.94,10323,0
1724.96,9347,0
1724.98,11051,0
1725.00,12014,0
1725.02,9026,0
1725.04,11456,0
1725.06,9456,0
1725.08,9953,0
1725.10,10765,0
1725.12,10539,0
1725.14,11145,0
1725.16,10714,0
1725.18,11440,0
1725.20,11470,0
1725.22,9951,0
1725.24,11559,0
1725.26,9710,0
1725.28,9022,0
1725.30,9414,0
1725.32,10848,0
1725.34,13085,0
1725.36,9020,0
1725.38,12358,0
1725.40,9556,0
1725.41,12312,0
1725.43,9409,0
1725.45,10822,0
1725.47,11516,0
1725.49,11271,0
1725.51,11766,0
1725.53,10163,0
1725.55,11315,0
1725.57,10603,0
1725.59,10533,0
1725.61,10934,0
1725.63,8633,0
1725.65,11084,0
1725.67,8433,0
1725.69,11116,0
1725.71,9570,0
1725.73,11078,0
1725.75,11129,0
1725.77,9157,0
1725.79,10730,0
1725.81,10466,0
1725.83,10213,0
1725.85,10645,0
1725.87,9574,0
1725.89,11261,0
1725.91,10393,0
1725.93,11226,0
1725.95,11531,0
1725.97,9455,0
1725.99,11400,0
1726.01,11310,0
1726.03,10023,0
1726.05,11451,0
1726.07,11230,0
1726.09,9884,0
1726.11,11700,0
1726.13,10414,0
1726.15,10614,0
1726.17,11585,0
1726.19,8825,0
1726.21,13270,0
1726.23,10352,0
1726.25,12430,0
1726.27,8306,0
1726.29,11023,0
1726.31,8846,0
1726.33,12210,0
1726.35,9942,0
1726.37,12136,0
1726.39,8350,0
1726.41,10949,0
1726.43,9787,0
1726.45,12002,0
1726.47,10792,0
1726.49,10063,0
1726.51,9628,0
1726.52,10544,0
1726.54,11280,0
1726.56,10101,0
1726.58,11885,0
1726.60,8904,0
1726.62,10038,0
1726.64,12213,0
1726.66,8304,0
1726.68,11076,0
1726.70,12424,0
1726.72,9792,0
1726.74,8057,0
1726.76,10380,0
1726.78,13393,0
1726.80,11353,0
1726.82,9468,0
1726.84,10524,0
1726.86,10431,0
1726.88,8900,0
1726.90,11408,0
1726.92,10603,0
1726.94,10134,0
1726.96,8649,0
1726.98,12853,0
1727.00,11066,0
1727.02,8182,0
1727.04,11023,0
1727.06,12918,0
1727.08,10818,0
1727.10,9121,0
1727.12,10145,0
1727.14,9323,0
1727.16,10770,0
1727.18,13042,0
1727.20,8768,0
1727.22,10544,0
1727.24,9165,0
1727.26,10087,0
1727.28,12072,0
1727.30,10025,0
1727.32,9775,0
1727.34,12234,0
1727.36,9484,0
1727.38,9317,0
1727.40,12996,0
1727.42,10731,0
1727.44,10358,0
1727.46,9643,0
1727.48,11966,0
1727.50,9624,0
1727.52,10757,0
1727.54,11946,0
1727.56,8898,0
1727.58,11646,0
1727.60,8615,0
1727.61,11096,0
1727.63,9407,0
1727.65,10589,0
1727.67,9407,0
1727.69,8653,0
1727.71,12574,0
1727.73,9971,0
1727.75,9321,0
1727.77,11519,0
1727.79,11387,0
1727.81,9360,0
1727.83,9884,0
1727.85,9919,0
1727.87,8734,0
1727.89,11965,0
1727.91,10101,0
1727.93,8086,0
1727.95,11456,0
1727.97,8642,0
1727.99,11331,0
1728.01,8769,0
1728.03,10939,0
1728.05,10717,0
1728.07,9481,0
1728.09,10108,0
1728.11,12477,0
1728.13,9842,0
1728.15,11328,0
1728.17,10461,0
1728.19,11008,0
1728.21,9938,0
1728.23,11619,0
1728.25,11552,0
1728.27,10495,0
1728.29,7531,0
1728.31,10794,0
1728.33,12059,0
1728.35,10696,0
1728.37,8931,0
1728.39,8789,0
1728.41,10432,0
1728.43,11525,0
1728.45,12126,0
1728.47,9943,0
1728.49,9146,0
1728.51,11739,0
1728.53,11127,0
1728.55,10168,0
1728.57,8139,0
1728.59,10086,0
1728.61,10199,0
1728.63,10701,0
1728.65,10040,0
1728.67,10449,0
1728.69,11060,0
1728.71,10642,0
