653.61,8198,0
653.63,8231,0
653.65,8255,0
653.67,8201,0
653.69,8130,0
653.71,8186,0
653.73,8170,0
653.75,8202,0
653.77,8189,0
653.79,8131,0
653.81,8182,0
653.83,8138,0
653.85,8306,0
653.87,8184,0
653.89,8106,0
653.91,8193,0
653.93,8240,0
653.95,8221,0
653.97,8164,0
653.99,8196,0
654.01,8122,0
654.03,8188,0
654.05,8210,0
654.07,8179,0
654.09,8133,0
654.11,8188,0
654.13,8233,0
654.15,8137,0
654.17,8231,0
654.19,8141,0
654.21,8165,0
654.23,8272,0
654.25,8147,0
654.27,8130,0
654.29,8189,0
654.31,8264,0
654.33,8145,0
654.35,8184,0
654.37,8285,0
654.39,8166,0
654.41,8281,0
654.43,8241,0
654.45,8326,0
654.47,8381,0
654.49,8551,0
654.51,8451,0
654.52,8454,0
654.54,8634,0
654.56,8745,0
654.58,8841,0
654.60,8900,0
654.62,8871,0
654.64,8978,0
654.66,9116,0
654.68,9126,0
654.70,9132,0
654.72,9358,0
654.74,9414,0
654.76,9478,0
654.78,9796,0
654.80,9937,0
654.82,10300,0
654.84,10783,0
654.86,11340,0
654.88,11728,0
654.90,12140,0
654.92,12540,0
654.94,12546,0
654.96,12614,0
654.98,12563,0
655.00,12368,0
655.02,12194,0
655.04,11456,0
655.06,11008,0
655.08,10560,0
655.10,10259,0
655.12,10221,0
655.14,10065,0
655.16,10006,0
655.18,9782,0
655.20,9938,0
655.22,10093,0
655.24,10236,0
655.26,10012,0
655.28,9947,0
655.30,9992,0
655.32,9962,0
655.34,10022,0
655.36,9993,0
655.38,10038,0
655.40,10049,0
655.42,10063,0
655.44,10099,0
655.46,10091,0
655.48,10102,0
655.50,10111,0
655.52,10176,0
655.54,10134,0
655.55,10179,0
655.57,10178,0
655.59,10225,0
655.61,10221,0
655.63,10229,0
655.65,10204,0
655.67,10227,0
655.69,10224,0
655.71,10227,0
655.73,10188,0
655.75,10200,0
655.77,10195,0
655.79,10177,0
655.81,10206,0
655.83,10184,0
655.85,10178,0
655.87,10244,0
655.89,10253,0
655.91,10255,0
655.93,10306,0
655.95,10275,0
655.97,10346,0
655.99,10381,0
656.01,10354,0
656.03,10409,0
656.05,10437,0
656.07,10486,0
656.09,10532,0
656.11,10537,0
656.13,10556,0
656.15,10558,0
656.17,10561,0
656.19,10591,0
656.21,10601,0
656.23,10621,0
656.25,10676,0
656.27,10678,0
656.29,10722,0
656.31,10754,0
656.33,10760,0
656.35,10802,0
656.37,10845,0
656.39,10836,0
656.41,10889,0
656.43,10897,0
656.45,10930,0
656.47,10901,0
656.49,10961,0
656.51,10937,0
656.53,10973,0
656.55,10951,0
656.57,10977,0
656.58,11012,0
656.60,11004,0
656.62,11026,0
656.64,11018,0
656.66,11040,0
656.68,11048,0
656.70,11050,0
656.72,11083,0
656.74,11080,0
656.76,11085,0
656.78,11096,0
656.80,11106,0
656.82,11099,0
656.84,11140,0
656.86,11120,0
656.88,11155,0
656.90,11162,0
656.92,11175,0
656.94,11188,0
656.96,11174,0
656.98,11173,0
657.00,11191,0
657.02,11217,0
657.04,11183,0
657.06,11221,0
657.08,11206,0
657.10,11245,0
657.12,11256,0
657.14,11245,0
657.16,11252,0
657.18,11237,0
657.20,11260,0
657.22,11293,0
657.24,11270,0
657.26,11270,0
657.28,11275,0
657.30,11296,0
657.32,11317,0
657.34,11321,0
657.36,11298,0
657.38,11346,0
657.40,11330,0
657.42,11359,0
657.44,11337,0
657.46,11373,0
657.48,11372,0
657.50,11351,0
657.52,11407,0
657.54,11369,0
657.56,11410,0
657.58,11417,0
657.60,11374,0
657.61,11388,0
657.63,11430,0
657.65,11440,0
657.67,11414,0
657.69,11426,0
657.71,11438,0
657.73,11436,0
657.75,11442,0
657.77,11449,0
657.79,11439,0
657.81,11445,0
657.83,11501,0
657.85,11465,0
657.87,11472,0
657.89,11485,0
657.91,11482,0
657.93,11504,0
657.95,11511,0
657.97,11498,0
657.99,11556,0
658.01,11502,0
658.03,11547,0
658.05,11518,0
658.07,11551,0
658.09,11542,0
658.11,11590,0
658.13,11521,0
658.15,11598,0
658.17,11585,0
658.19,11586,0
658.21,11578,0
658.23,11588,0
658.25,11590,0
658.27,11650,0
658.29,11626,0
658.31,11561,0
658.33,11578,0
658.35,11632,0
658.37,11653,0
658.39,11631,0
658.41,11694,0
658.43,11633,0
658.45,11688,0
658.47,11639,0
658.49,11722,0
658.51,11656,0
658.53,11688,0
658.55,11699,0
658.57,11694,0
658.59,11717,0
658.61,11721,0
658.62,11691,0
658.64,11733,0
658.66,11751,0
658.68,11724,0
658.70,11751,0
658.72,11746,0
658.74,11758,0
658.76,11788,0
658.78,11680,0
658.80,11749,0
658.82,11655,0
658.84,11797,0
658.86,11795,0
658.88,11744,0
658.90,11779,0
658.92,11739,0
658.94,11723,0
658.96,11784,0
658.98,11805,0
659.00,11823,0
659.02,11746,0
659.04,11792,0
659.06,11808,0
659.08,11903,0
659.10,11827,0
659.12,11758,0
659.14,11830,0
659.16,11808,0
659.18,11913,0
659.20,11852,0
659.22,11865,0
659.24,11808,0
659.26,11874,0
659.28,11755,0
659.30,11956,0
659.32,11880,0
659.34,11813,0
659.36,11859,0
659.38,11814,0
659.40,11910,0
659.42,11901,0
659.44,11891,0
659.46,11847,0
659.48,11878,0
659.50,11904,0
659.52,11921,0
659.54,11936,0
659.56,11891,0
659.58,11907,0
659.60,11925,0
659.62,11917,0
659.63,11983,0
659.65,11930,0
659.67,11929,0
659.69,11912,0
659.71,11966,0
659.73,11917,0
659.75,11969,0
659.77,11918,0
659.79,11975,0
659.81,11929,0
659.83,11945,0
659.85,11920,0
659.87,11987,0
659.89,11945,0
659.91,11938,0
659.93,11917,0
659.95,11994,0
659.97,11956,0
659.99,12006,0
660.01,11935,0
660.03,12000,0
660.05,11948,0
660.07,11984,0
660.09,11966,0
660.11,11996,0
660.13,12005,0
660.15,11931,0
660.17,12038,0
660.19,11462,0
660.21,11969,0
660.23,11922,0
660.25,12021,0
660.27,11907,0
660.29,12072,0
660.31,11721,0
660.33,11807,0
660.35,12002,0
660.37,11826,0
660.39,11962,0
660.41,11634,0
660.43,11988,0
660.45,11980,0
660.47,11892,0
660.49,12043,0
660.51,11887,0
660.53,11811,0
660.55,11992,0
660.57,11848,0
660.59,11908,0
660.61,11766,0
660.63,11742,0
660.65,11898,0
660.66,11925,0
660.68,12056,0
660.70,11789,0
660.72,11971,0
660.74,11546,0
660.76,12146,0
660.78,12000,0
660.80,11624,0
660.82,11995,0
660.84,10662,0
660.86,14615,0
660.88,11272,0
660.90,11006,0
660.92,10582,0
660.94,11541,0
660.96,11135,0
660.98,12231,0
661.00,12517,0
661.02,12015,0
661.04,9997,0
661.06,10974,0
661.08,12412,0
661.10,11970,0
661.12,12736,0
661.14,10840,0
661.16,14178,0
661.18,10407,0
661.20,12034,0
661.22,12370,0
661.24,12335,0
661.26,11890,0
661.28,11381,0
661.30,12347,0
661.32,10455,0
661.34,11954,0
661.36,11674,0
661.38,13044,0
661.40,12104,0
661.42,12268,0
661.44,12396,0
661.46,11599,0
661.48,12099,0
661.50,11335,0
661.52,11311,0
661.54,12399,0
661.56,12171,0
661.58,11891,0
661.60,12063,0
661.62,12087,0
661.64,10793,0
661.66,11516,0
661.67,12092,0
661.69,10782,0
661.71,11486,0
661.73,13066,0
661.75,12598,0
661.77,12156,0
661.79,12262,0
661.81,11274,0
661.83,11380,0
661.85,12167,0
661.87,11547,0
661.89,12133,0
661.91,12042,0
661.93,11809,0
661.95,12210,0
661.97,11750,0
661.99,12227,0
662.01,11953,0
662.03,11953,0
662.05,12340,0
662.07,12155,0
662.09,12356,0
662.11,12123,0
662.13,11370,0
662.15,11655,0
662.17,11484,0
662.19,11987,0
662.21,12246,0
662.23,11809,0
662.25,12068,0
662.27,11606,0
662.29,12040,0
662.31,11618,0
662.33,12030,0
662.35,12188,0
662.37,11963,0
662.39,12642,0
662.41,11310,0
662.43,11938,0
662.45,11876,0
662.47,11888,0
662.49,12068,0
662.51,12037,0
662.53,12072,0
662.55,11950,0
662.57,11970,0
662.59,12056,0
662.61,11945,0
662.63,12016,0
662.65,11934,0
662.67,12048,0
662.68,11985,0
662.70,11831,0
662.72,12148,0
662.74,11869,0
662.76,12097,0
662.78,12147,0
662.80,11955,0
662.82,11973,0
662.84,12037,0
662.86,12039,0
662.88,12093,0
662.90,12041,0
662.92,12059,0
662.94,12045,0
662.96,12039,0
662.98,12097,0
663.00,12032,0
663.02,12076,0
663.04,12052,0
663.06,11983,0
663.08,12069,0
663.10,12041,0
663.12,12129,0
663.14,12048,0
663.16,12055,0
663.18,11965,0
663.20,12089,0
663.22,12006,0
663.24,12110,0
663.26,12047,0
663.28,12084,0
663.30,12037,0
663.32,12090,0
663.34,12092,0
663.36,12076,0
663.38,12141,0
663.40,12082,0
663.42,12040,0
663.44,12108,0
663.46,12049,0
663.48,12163,0
663.50,12060,0
663.52,12139,0
663.54,12114,0
663.56,12074,0
663.58,12058,0
663.60,12080,0
663.62,12042,0
663.64,12110,0
663.66,12100,0
663.68,12060,0
663.69,12108,0
663.71,12039,0
663.73,12118,0
663.75,12044,0
663.77,12098,0
663.79,12071,0
663.81,12062,0
663.83,12098,0
663.85,11995,0
663.87,12058,0
663.89,12034,0
663.91,12121,0
663.93,12060,0
663.95,12045,0
663.97,11951,0
663.99,12082,0
664.01,12032,0
664.03,12068,0
664.05,11948,0
664.07,12072,0
664.09,11965,0
664.11,12085,0
664.13,12031,0
664.15,12073,0
664.17,12019,0
664.19,12074,0
664.21,12000,0
664.23,12083,0
664.25,11997,0
664.27,12069,0
664.29,12014,0
664.31,12051,0
664.33,12004,0
664.35,12013,0
664.37,12024,0
664.39,12077,0
664.41,12062,0
664.43,12078,0
664.45,12009,0
664.47,12058,0
664.49,12004,0
664.51,12075,0
664.53,12054,0
664.55,11992,0
664.57,12030,0
664.59,12031,0
664.61,12006,0
664.63,12052,0
664.65,12000,0
664.67,11994,0
664.69,12033,0
664.71,11980,0
664.72,11994,0
664.74,12048,0
664.76,11929,0
664.78,11964,0
664.80,11919,0
664.82,11970,0
664.84,11959,0
664.86,11950,0
664.88,11967,0
664.90,11894,0
664.92,11971,0
664.94,11924,0
664.96,11990,0
664.98,11883,0
665.00,11965,0
665.02,11922,0
665.04,11922,0
665.06,11952,0
665.08,11870,0
665.10,11860,0
665.12,11903,0
665.14,11896,0
665.16,11860,0
665.18,11914,0
665.20,11802,0
665.22,11882,0
665.24,11789,0
665.26,11856,0
665.28,11839,0
665.30,11827,0
665.32,11852,0
665.34,11797,0
665.36,11830,0
665.38,11810,0
665.40,11789,0
665.42,11774,0
665.44,11770,0
665.46,11814,0
665.48,11768,0
665.50,11797,0
665.52,11780,0
665.54,11750,0
665.56,11770,0
665.58,11698,0
665.60,11752,0
665.62,11739,0
665.64,11755,0
665.66,11732,0
665.68,11744,0
665.70,11771,0
665.72,11739,0
665.73,11758,0
665.75,11810,0
665.77,11764,0
665.79,11788,0
665.81,11784,0
665.83,11784,0
665.85,11802,0
665.87,11777,0
665.89,11784,0
665.91,11820,0
665.93,11798,0
665.95,11811,0
665.97,11753,0
665.99,11804,0
666.01,11795,0
666.03,11769,0
666.05,11784,0
666.07,11780,0
666.09,11781,0
666.11,11770,0
666.13,11775,0
666.15,11760,0
666.17,11746,0
666.19,11772,0
666.21,11744,0
666.23,11768,0
666.25,11748,0
666.27,11749,0
666.29,11734,0
666.31,11728,0
666.33,11721,0
666.35,11691,0
666.37,11707,0
666.39,11685,0
666.41,11711,0
666.43,11682,0
666.45,11686,0
666.47,11671,0
666.49,11697,0
666.51,11694,0
666.53,11687,0
666.55,11679,0
666.57,11676,0
666.59,11666,0
666.61,11657,0
666.63,11689,0
666.65,11674,0
666.67,11658,0
666.69,11680,0
666.71,11668,0
666.73,11705,0
666.74,11650,0
666.76,11652,0
666.78,11658,0
666.80,11670,0
666.82,11652,0
666.84,11670,0
666.86,11625,0
666.88,11654,0
666.90,11624,0
666.92,11622,0
666.94,11627,0
666.96,11647,0
666.98,11598,0
667.00,11645,0
667.02,11596,0
667.04,11659,0
667.06,11616,0
667.08,11640,0
667.10,11623,0
667.12,11653,0
667.14,11633,0
667.16,11617,0
667.18,11607,0
667.20,11636,0
667.22,11636,0
667.24,11599,0
667.26,11595,0
667.28,11576,0
667.30,11588,0
667.32,11580,0
667.34,11586,0
667.36,11580,0
667.38,11575,0
667.40,11614,0
667.42,11603,0
667.44,11601,0
667.46,11599,0
667.48,11581,0
667.50,11595,0
667.52,11563,0
667.54,11592,0
667.56,11590,0
667.58,11550,0
667.60,11545,0
667.62,11545,0
667.64,11532,0
667.66,11542,0
667.68,11520,0
667.70,11540,0
667.72,11517,0
667.74,11538,0
667.76,11514,0
667.77,11520,0
667.79,11539,0
667.81,11503,0
667.83,11532,0
667.85,11501,0
667.87,11517,0
667.89,11529,0
667.91,11502,0
667.93,11507,0
667.95,11522,0
667.97,11487,0
667.99,11535,0
668.01,11543,0
668.03,11532,0
668.05,11549,0
668.07,11516,0
668.09,11554,0
668.11,11548,0
668.13,11586,0
668.15,11571,0
668.17,11592,0
668.19,11619,0
668.21,11606,0
668.23,11618,0
668.25,11605,0
668.27,11646,0
668.29,11635,0
668.31,11626,0
668.33,11648,0
668.35,11639,0
668.37,11667,0
668.39,11670,0
668.41,11668,0
668.43,11655,0
668.45,11668,0
668.47,11658,0
668.49,11644,0
668.51,11656,0
668.53,11656,0
668.55,11660,0
668.57,11647,0
668.59,11624,0
668.61,11607,0
668.63,11686,0
668.65,11646,0
668.67,11656,0
668.69,11643,0
668.71,11652,0
668.73,11644,0
668.75,11672,0
668.77,11641,0
668.78,11645,0
668.80,11649,0
668.82,11627,0
668.84,11630,0
668.86,11656,0
668.88,11670,0
668.90,11664,0
668.92,11639,0
668.94,11675,0
668.96,11688,0
668.98,11653,0
669.00,11667,0
669.02,11669,0
669.04,11675,0
669.06,11707,0
669.08,11680,0
669.10,11665,0
669.12,11712,0
669.14,11670,0
669.16,11712,0
669.18,11694,0
669.20,11624,0
669.22,11720,0
669.24,11709,0
669.26,11757,0
669.28,11734,0
669.30,11681,0
669.32,11719,0
669.34,11703,0
669.36,11744,0
669.38,11713,0
669.40,11800,0
669.42,11620,0
669.44,11736,0
669.46,11755,0
669.48,11748,0
669.50,11724,0
669.52,11666,0
669.54,11801,0
669.56,11627,0
669.58,11801,0
669.60,11826,0
669.62,11684,0
669.64,11803,0
669.66,11803,0
669.68,11814,0
669.70,11800,0
669.72,11612,0
669.74,11802,0
669.76,11757,0
669.78,11730,0
669.80,11829,0
669.82,11716,0
669.83,11718,0
669.85,11780,0
669.87,11794,0
669.89,11784,0
669.91,11750,0
669.93,11732,0
669.95,11698,0
669.97,11874,0
669.99,11734,0
670.01,11796,0
670.03,11669,0
670.05,11773,0
670.07,11767,0
670.09,11772,0
670.11,11664,0
670.13,11826,0
670.15,11668,0
670.17,11676,0
670.19,11602,0
670.21,11849,0
670.23,11612,0
670.25,11792,0
670.27,11612,0
670.29,11781,0
670.31,11754,0
670.33,11929,0
670.35,11532,0
670.37,11690,0
670.39,11519,0
670.41,11786,0
670.43,11704,0
670.45,11866,0
670.47,11563,0
670.49,11786,0
670.51,11629,0
670.53,11781,0
670.55,11766,0
670.57,11891,0
670.59,11667,0
670.61,11753,0
670.63,11685,0
670.65,11775,0
670.67,11831,0
670.69,11782,0
670.71,11934,0
670.73,11597,0
670.75,11716,0
670.77,12012,0
670.79,11687,0
670.81,11927,0
670.83,11687,0
670.84,11962,0
670.86,11807,0
670.88,11800,0
670.90,11914,0
670.92,11595,0
670.94,11763,0
670.96,11872,0
670.98,11814,0
671.00,11758,0
671.02,11842,0
671.04,11707,0
671.06,11888,0
671.08,11785,0
671.10,11875,0
671.12,11914,0
671.14,11760,0
671.16,11866,0
671.18,11820,0
671.20,11998,0
671.22,11911,0
671.24,11665,0
671.26,11843,0
671.28,11732,0
671.30,11808,0
671.32,11834,0
671.34,11613,0
671.36,11850,0
671.38,11584,0
671.40,11784,0
671.42,11938,0
671.44,11899,0
671.46,11618,0
671.48,11650,0
671.50,11757,0
671.52,11774,0
671.54,11858,0
671.56,11778,0
671.58,11897,0
671.60,11621,0
671.62,11920,0
671.64,11657,0
671.66,11958,0
671.68,11824,0
671.70,11776,0
671.72,11622,0
671.74,11633,0
671.76,11868,0
671.78,11714,0
671.80,11920,0
671.82,11936,0
671.84,11818,0
671.85,11818,0
671.87,11662,0
671.89,11619,0
671.91,11603,0
671.93,11564,0
671.95,11940,0
671.97,11963,0
671.99,11834,0
672.01,11843,0
672.03,11557,0
672.05,11664,0
672.07,11756,0
672.09,11792,0
672.11,12304,0
672.13,11820,0
672.15,11553,0
672.17,11604,0
672.19,11921,0
672.21,11794,0
672.23,11968,0
672.25,11678,0
672.27,11962,0
672.29,11661,0
672.31,11851,0
672.33,11828,0
672.35,11639,0
672.37,11819,0
672.39,11780,0
672.41,11524,0
672.43,11871,0
672.45,11556,0
672.47,11924,0
672.49,11582,0
672.51,11751,0
672.53,11644,0
672.55,11800,0
672.57,11801,0
672.59,11895,0
672.61,11820,0
672.63,11577,0
672.65,11939,0
672.67,11724,0
672.69,11971,0
672.71,11751,0
672.73,11864,0
672.75,11650,0
672.77,11692,0
672.79,11783,0
672.81,11670,0
672.83,11958,0
672.85,11652,0
672.86,11608,0
672.88,11848,0
672.90,11660,0
672.92,11860,0
672.94,11515,0
672.96,11634,0
672.98,11859,0
673.00,11784,0
673.02,11713,0
673.04,11510,0
673.06,11646,0
673.08,11678,0
673.10,11591,0
673.12,11832,0
673.14,11769,0
673.16,11645,0
673.18,11937,0
673.20,11682,0
673.22,11703,0
673.24,11793,0
673.26,11812,0
673.28,11779,0
673.30,11737,0
673.32,11826,0
673.34,11662,0
673.36,11587,0
673.38,11632,0
673.40,11769,0
673.42,11749,0
673.44,11790,0
673.46,11559,0
673.48,11845,0
673.50,11810,0
673.52,11699,0
673.54,11857,0
673.56,11597,0
673.58,11716,0
673.60,11990,0
673.62,11782,0
673.64,11525,0
673.66,11802,0
673.68,11909,0
673.70,11840,0
673.72,11789,0
673.74,11495,0
673.76,11715,0
673.78,11636,0
673.80,11794,0
673.82,11651,0
673.84,11824,0
673.86,11437,0
673.88,11760,0
673.89,11636,0
673.91,11985,0
673.93,11601,0
673.95,11704,0
673.97,11604,0
673.99,11705,0
674.01,11608,0
674.03,11788,0
674.05,11704,0
674.07,11721,0
674.09,11480,0
674.11,11698,0
674.13,11522,0
674.15,11856,0
674.17,11704,0
674.19,11744,0
674.21,11624,0
674.23,11528,0
674.25,11770,0
674.27,11605,0
674.29,11819,0
674.31,11629,0
674.33,11750,0
674.35,11559,0
674.37,11619,0
674.39,11729,0
674.41,11794,0
674.43,11596,0
674.45,11799,0
674.47,11436,0
674.49,11713,0
674.51,11742,0
674.53,11640,0
674.55,11760,0
674.57,11809,0
674.59,11428,0
674.61,11759,0
674.63,11477,0
674.65,11885,0
674.67,11757,0
674.69,11746,0
674.71,11563,0
674.73,11736,0
674.75,11536,0
674.77,11866,0
674.79,11593,0
674.81,11856,0
674.83,11594,0
674.85,11711,0
674.87,11699,0
674.89,11861,0
674.90,11730,0
674.92,11808,0
674.94,11675,0
674.96,11676,0
674.98,11772,0
675.00,11881,0
675.02,11699,0
675.04,11753,0
675.06,11636,0
675.08,11559,0
675.10,11779,0
675.12,11828,0
675.14,11743,0
675.16,11580,0
675.18,11650,0
675.20,11678,0
675.22,11830,0
675.24,11687,0
675.26,11612,0
675.28,11618,0
675.30,11598,0
675.32,11723,0
675.34,11752,0
675.36,11663,0
675.38,11708,0
675.40,11502,0
675.42,11612,0
675.44,11669,0
675.46,11669,0
675.48,11812,0
675.50,11488,0
675.52,11691,0
675.54,11636,0
675.56,11752,0
675.58,11695,0
675.60,11664,0
675.62,11616,0
675.64,11413,0
675.66,11792,0
675.68,11674,0
675.70,11721,0
675.72,11499,0
675.74,11608,0
675.76,11715,0
675.78,11713,0
675.80,11826,0
675.82,11622,0
675.84,11711,0
675.86,11692,0
675.88,11734,0
675.90,11737,0
675.92,11752,0
675.93,11726,0
675.95,11740,0
675.97,11766,0
675.99,11756,0
676.01,11765,0
676.03,11765,0
676.05,11758,0
676.07,11764,0
676.09,11787,0
676.11,11705,0
676.13,11747,0
676.15,11728,0
676.17,11776,0
676.19,11734,0
676.21,11755,0
676.23,11701,0
676.25,11629,0
676.27,11698,0
676.29,11662,0
676.31,11700,0
676.33,11706,0
676.35,11722,0
676.37,11528,0
676.39,11686,0
676.41,11691,0
676.43,11710,0
676.45,11713,0
676.47,11693,0
676.49,11714,0
676.51,11628,0
676.53,11521,0
676.55,11563,0
676.57,11638,0
676.59,11685,0
676.61,11643,0
676.63,11663,0
676.65,11648,0
676.67,11658,0
676.69,11657,0
676.71,11613,0
676.73,11707,0
676.75,11581,0
676.77,11631,0
676.79,11607,0
676.81,11630,0
676.83,11592,0
676.85,11710,0
676.87,11607,0
676.89,11634,0
676.91,11544,0
676.93,11726,0
676.94,11665,0
676.96,11563,0
676.98,11532,0
677.00,11634,0
677.02,11505,0
677.04,11736,0
677.06,11669,0
677.08,11603,0
677.10,11593,0
677.12,11493,0
677.14,11692,0
677.16,11535,0
677.18,11779,0
677.20,11556,0
677.22,11697,0
677.24,11426,0
677.26,11706,0
677.28,11602,0
677.30,11755,0
677.32,11669,0
677.34,11468,0
677.36,11577,0
677.38,11344,0
677.40,11870,0
677.42,11527,0
677.44,11763,0
677.46,11641,0
677.48,11708,0
677.50,11484,0
677.52,11676,0
677.54,11632,0
677.56,11628,0
677.58,11430,0
677.60,11609,0
677.62,11602,0
677.64,11710,0
677.66,11517,0
677.68,11641,0
677.70,11417,0
677.72,11486,0
677.74,11456,0
677.76,11652,0
677.78,11628,0
677.80,11626,0
677.82,11479,0
677.84,11504,0
677.86,11449,0
677.88,11695,0
677.90,11512,0
677.92,11616,0
677.94,11452,0
677.96,11691,0
677.97,11506,0
677.99,11674,0
678.01,11598,0
678.03,11592,0
678.05,11473,0
678.07,11492,0
678.09,11589,0
678.11,11732,0
678.13,11556,0
678.15,11684,0
678.17,11358,0
678.19,11689,0
678.21,11568,0
678.23,11744,0
678.25,11475,0
678.27,11694,0
678.29,11316,0
678.31,11635,0
678.33,11171,0
678.35,11784,0
678.37,11428,0
678.39,11763,0
678.41,11442,0
678.43,11603,0
678.45,11638,0
678.47,11750,0
678.49,11661,0
678.51,11800,0
678.53,11477,0
678.55,11664,0
678.57,11657,0
678.59,11698,0
678.61,11649,0
678.63,11710,0
678.65,11687,0
678.67,11728,0
678.69,11711,0
678.71,11725,0
678.73,11707,0
678.75,11716,0
678.77,11710,0
678.79,11702,0
678.81,11739,0
678.83,11732,0
678.85,11711,0
678.87,11712,0
678.89,11700,0
678.91,11671,0
678.93,11685,0
678.95,11681,0
678.97,11684,0
678.98,11707,0
679.00,11679,0
679.02,11684,0
679.04,11665,0
679.06,11671,0
679.08,11659,0
679.10,11660,0
679.12,11670,0
679.14,11654,0
679.16,11656,0
679.18,11629,0
679.20,11638,0
679.22,11614,0
679.24,11642,0
679.26,11600,0
679.28,11646,0
679.30,11623,0
679.32,11623,0
679.34,11631,0
679.36,11623,0
679.38,11640,0
679.40,11626,0
679.42,11640,0
679.44,11629,0
679.46,11634,0
679.48,11640,0
679.50,11631,0
679.52,11652,0
679.54,11614,0
679.56,11663,0
679.58,11637,0
679.60,11657,0
679.62,11645,0
679.64,11659,0
679.66,11652,0
679.68,11629,0
679.70,11681,0
679.72,11651,0
679.74,11666,0
679.76,11662,0
679.78,11660,0
679.80,11657,0
679.82,11678,0
679.84,11670,0
679.86,11686,0
679.88,11689,0
679.90,11696,0
679.92,11686,0
679.94,11688,0
679.96,11706,0
679.98,11702,0
679.99,11718,0
680.01,11723,0
680.03,11721,0
680.05,11723,0
680.07,11734,0
680.09,11735,0
680.11,11754,0
680.13,11720,0
680.15,11730,0
680.17,11743,0
680.19,11727,0
680.21,11751,0
680.23,11737,0
680.25,11713,0
680.27,11685,0
680.29,11679,0
680.31,11672,0
680.33,11682,0
680.35,11688,0
680.37,11658,0
680.39,11683,0
680.41,11664,0
680.43,11677,0
680.45,11685,0
680.47,11662,0
680.49,11670,0
680.51,11654,0
680.53,11674,0
680.55,11640,0
680.57,11651,0
680.59,11656,0
680.61,11654,0
680.63,11637,0
680.65,11658,0
680.67,11645,0
680.69,11644,0
680.71,11645,0
680.73,11624,0
680.75,11656,0
680.77,11646,0
680.79,11653,0
680.81,11653,0
680.83,11654,0
680.85,11655,0
680.87,11646,0
680.89,11669,0
680.91,11657,0
680.93,11679,0
680.95,11652,0
680.97,11679,0
680.99,11668,0
681.01,11678,0
681.02,11676,0
681.04,11670,0
681.06,11687,0
681.08,11692,0
681.10,11690,0
681.12,11713,0
681.14,11664,0
681.16,11686,0
681.18,11681,0
681.20,11718,0
681.22,11696,0
681.24,11724,0
681.26,11723,0
681.28,11737,0
681.30,11724,0
681.32,11742,0
681.34,11738,0
681.36,11736,0
681.38,11744,0
681.40,11728,0
681.42,11720,0
681.44,11750,0
681.46,11756,0
681.48,11738,0
681.50,11774,0
681.52,11736,0
681.54,11739,0
681.56,11731,0
681.58,11718,0
681.60,11709,0
681.62,11717,0
681.64,11690,0
681.66,11696,0
681.68,11680,0
681.70,11710,0
681.72,11688,0
681.74,11705,0
681.76,11688,0
681.78,11697,0
681.80,11677,0
681.82,11686,0
681.84,11666,0
681.86,11683,0
681.88,11665,0
681.90,11665,0
681.92,11629,0
681.94,11685,0
681.96,11652,0
681.98,11664,0
682.00,11662,0
682.02,11657,0
682.03,11654,0
682.05,11659,0
682.07,11667,0
682.09,11674,0
682.11,11678,0
682.13,11665,0
682.15,11662,0
682.17,11669,0
682.19,11667,0
682.21,11670,0
682.23,11661,0
682.25,11675,0
682.27,11659,0
682.29,11684,0
682.31,11678,0
682.33,11678,0
682.35,11698,0
682.37,11673,0
682.39,11701,0
682.41,11688,0
682.43,11668,0
682.45,11692,0
682.47,11683,0
682.49,11708,0
682.51,11693,0
682.53,11690,0
682.55,11718,0
682.57,11696,0
682.59,11724,0
682.61,11707,0
682.63,11732,0
682.65,11731,0
682.67,11726,0
682.69,11737,0
682.71,11728,0
682.73,11713,0
682.75,11759,0
682.77,11745,0
682.79,11760,0
682.81,11742,0
682.83,11745,0
682.85,11719,0
682.87,11748,0
682.89,11686,0
682.91,11703,0
682.93,11686,0
682.95,11679,0
682.97,11691,0
682.99,11689,0
683.01,11682,0
683.03,11697,0
683.04,11676,0
683.06,11656,0
683.08,11696,0
683.10,11671,0
683.12,11681,0
683.14,11651,0
683.16,11637,0
683.18,11662,0
683.20,11667,0
683.22,11641,0
683.24,11653,0
683.26,11627,0
683.28,11634,0
683.30,11624,0
683.32,11653,0
683.34,11636,0
683.36,11644,0
683.38,11638,0
683.40,11647,0
683.42,11663,0
683.44,11639,0
683.46,11643,0
683.48,11643,0
683.50,11653,0
683.52,11632,0
683.54,11636,0
683.56,11658,0
683.58,11632,0
683.60,11646,0
683.62,11636,0
683.64,11637,0
683.66,11648,0
683.68,11651,0
683.70,11661,0
683.72,11642,0
683.74,11648,0
683.76,11675,0
683.78,11686,0
683.80,11715,0
683.82,11696,0
683.84,11699,0
683.86,11701,0
683.88,11728,0
683.90,11733,0
683.92,11721,0
683.94,11731,0
683.96,11739,0
683.98,11743,0
684.00,11738,0
684.02,11770,0
684.04,11763,0
684.05,11736,0
684.07,11763,0
684.09,11763,0
684.11,11767,0
684.13,11747,0
684.15,11778,0
684.17,11747,0
684.19,11738,0
684.21,11735,0
684.23,11736,0
684.25,11724,0
684.27,11715,0
684.29,11714,0
684.31,11735,0
684.33,11706,0
684.35,11741,0
684.37,11725,0
684.39,11733,0
684.41,11709,0
684.43,11717,0
684.45,11728,0
684.47,11723,0
684.49,11746,0
684.51,11713,0
684.53,11740,0
684.55,11700,0
684.57,11718,0
684.59,11728,0
684.61,11734,0
684.63,11736,0
684.65,11727,0
684.67,11736,0
684.69,11707,0
684.71,11740,0
684.73,11738,0
684.75,11750,0
684.77,11750,0
684.79,11755,0
684.81,11742,0
684.83,11749,0
684.85,11772,0
684.87,11706,0
684.89,11765,0
684.91,11797,0
684.93,11739,0
684.95,11786,0
684.97,11732,0
684.99,11769,0
685.01,11735,0
685.03,11769,0
685.05,11825,0
685.07,11737,0
685.08,11791,0
685.10,11638,0
685.12,11763,0
685.14,11727,0
685.16,11879,0
685.18,11654,0
685.20,11814,0
685.22,11640,0
685.24,11898,0
685.26,11776,0
685.28,11870,0
685.30,11846,0
685.32,11788,0
685.34,11655,0
685.36,11868,0
685.38,11671,0
685.40,11894,0
685.42,11694,0
685.44,11791,0
685.46,11706,0
685.48,11810,0
685.50,11600,0
685.52,11637,0
685.54,11818,0
685.56,11677,0
685.58,11716,0
685.60,11798,0
685.62,11614,0
685.64,11751,0
685.66,11782,0
685.68,11737,0
685.70,11775,0
685.72,11887,0
685.74,11693,0
685.76,11643,0
685.78,11682,0
685.80,11703,0
685.82,11671,0
685.84,11597,0
685.86,11813,0
685.88,11620,0
685.90,11721,0
685.92,11697,0
685.94,11758,0
685.96,11747,0
685.98,11738,0
686.00,11747,0
686.02,11744,0
686.04,11748,0
686.06,11750,0
686.08,11744,0
686.09,11760,0
686.11,11738,0
686.13,11734,0
686.15,11805,0
686.17,11687,0
686.19,11732,0
686.21,11788,0
686.23,11810,0
686.25,11802,0
686.27,11805,0
686.29,11819,0
686.31,11796,0
686.33,11830,0
686.35,11832,0
686.37,11834,0
686.39,11865,0
686.41,11835,0
686.43,11827,0
686.45,11812,0
686.47,11843,0
686.49,11800,0
686.51,11808,0
686.53,11786,0
686.55,11780,0
686.57,11764,0
686.59,11743,0
686.61,11728,0
686.63,11725,0
686.65,11684,0
686.67,11826,0
686.69,11636,0
686.71,11674,0
686.73,11481,0
686.75,11810,0
686.77,11687,0
686.79,11725,0
686.81,11736,0
686.83,11721,0
686.85,11691,0
686.87,11703,0
686.89,11708,0
686.91,11689,0
686.93,11684,0
686.95,11716,0
686.97,11697,0
686.99,11707,0
687.01,11708,0
687.03,11691,0
687.05,11675,0
687.07,11720,0
687.09,11718,0
687.11,11760,0
687.12,11718,0
687.14,11691,0
687.16,11734,0
687.18,11681,0
687.20,11726,0
687.22,11756,0
687.24,11699,0
687.26,11737,0
687.28,11832,0
687.30,11738,0
687.32,11747,0
687.34,11842,0
687.36,11742,0
687.38,11663,0
687.40,11756,0
687.42,11742,0
687.44,11908,0
687.46,11846,0
687.48,11765,0
687.50,11780,0
687.52,11822,0
687.54,11635,0
687.56,11812,0
687.58,11722,0
687.60,11788,0
687.62,11815,0
687.64,11736,0
687.66,11873,0
687.68,11694,0
687.70,11831,0
687.72,11811,0
687.74,11835,0
687.76,11814,0
687.78,11823,0
687.80,11814,0
687.82,11833,0
687.84,11843,0
687.86,11846,0
687.88,11851,0
687.90,11844,0
687.92,11826,0
687.94,11840,0
687.96,11856,0
687.98,11842,0
688.00,11866,0
688.02,11864,0
688.04,11877,0
688.06,11859,0
688.08,11877,0
688.10,11869,0
688.11,11878,0
688.13,11878,0
688.15,11887,0
688.17,11870,0
688.19,11899,0
688.21,11879,0
688.23,11895,0
688.25,11890,0
688.27,11898,0
688.29,11910,0
688.31,11893,0
688.33,11904,0
688.35,11897,0
688.37,11898,0
688.39,11932,0
688.41,11949,0
688.43,11935,0
688.45,11932,0
688.47,11941,0
688.49,11917,0
688.51,11959,0
688.53,11949,0
688.55,11937,0
688.57,11970,0
688.59,11960,0
688.61,11955,0
688.63,11944,0
688.65,11928,0
688.67,11939,0
688.69,11926,0
688.71,11915,0
688.73,11915,0
688.75,11910,0
688.77,11920,0
688.79,11913,0
688.81,11914,0
688.83,11924,0
688.85,11905,0
688.87,11914,0
688.89,11892,0
688.91,11900,0
688.93,11910,0
688.95,11904,0
688.97,11874,0
688.99,11925,0
689.01,11882,0
689.03,11876,0
689.05,11888,0
689.07,11892,0
689.09,11875,0
689.11,11904,0
689.13,11923,0
689.14,11870,0
689.16,11916,0
689.18,11888,0
689.20,11895,0
689.22,11920,0
689.24,11909,0
689.26,11914,0
689.28,11953,0
689.30,11909,0
689.32,11923,0
689.34,11936,0
689.36,11933,0
689.38,11949,0
689.40,11912,0
689.42,11960,0
689.44,11906,0
689.46,11947,0
689.48,11934,0
689.50,11944,0
689.52,11915,0
689.54,11951,0
689.56,11960,0
689.58,11950,0
689.60,11954,0
689.62,11972,0
689.64,11971,0
689.66,11982,0
689.68,11944,0
689.70,11945,0
689.72,11980,0
689.74,11982,0
689.76,11995,0
689.78,11985,0
689.80,11951,0
689.82,11975,0
689.84,11918,0
689.86,11948,0
689.88,11922,0
689.90,11930,0
689.92,11923,0
689.94,11919,0
689.96,11946,0
689.98,11923,0
690.00,11954,0
690.02,11918,0
690.04,11932,0
690.06,11941,0
690.08,11938,0
690.10,11926,0
690.12,11934,0
690.14,11903,0
690.15,11922,0
690.17,11910,0
690.19,11928,0
690.21,11917,0
690.23,11906,0
690.25,11912,0
690.27,11912,0
690.29,11898,0
690.31,11906,0
690.33,11910,0
690.35,11920,0
690.37,11926,0
690.39,11939,0
690.41,11921,0
690.43,11918,0
690.45,11954,0
690.47,11940,0
690.49,11956,0
690.51,11948,0
690.53,11964,0
690.55,11967,0
690.57,11967,0
690.59,11960,0
690.61,11957,0
690.63,11973,0
690.65,11959,0
690.67,11990,0
690.69,11971,0
690.71,11999,0
690.73,11959,0
690.75,11980,0
690.77,11966,0
690.79,11974,0
690.81,11980,0
690.83,11983,0
690.85,11984,0
690.87,11992,0
690.89,11957,0
690.91,12000,0
690.93,11992,0
690.95,11967,0
690.97,11974,0
690.99,11980,0
691.01,11971,0
691.03,11965,0
691.05,11967,0
691.07,11973,0
691.09,11941,0
691.11,11966,0
691.13,11968,0
691.15,11942,0
691.17,11950,0
691.18,11953,0
691.20,11959,0
691.22,12008,0
691.24,11974,0
691.26,11983,0
691.28,11994,0
691.30,11976,0
691.32,12018,0
691.34,11986,0
691.36,12012,0
691.38,11995,0
691.40,12010,0
691.42,12015,0
691.44,12003,0
691.46,12024,0
691.48,12025,0
691.50,12039,0
691.52,12022,0
691.54,12056,0
691.56,12032,0
691.58,12022,0
691.60,12052,0
691.62,12038,0
691.64,12044,0
691.66,12026,0
691.68,12050,0
691.70,12093,0
691.72,12056,0
691.74,12082,0
691.76,12065,0
691.78,12079,0
691.80,12090,0
691.82,12054,0
691.84,12086,0
691.86,12088,0
691.88,12092,0
691.90,12084,0
691.92,12113,0
691.94,12074,0
691.96,12108,0
691.98,12103,0
692.00,12110,0
692.02,12102,0
692.04,12092,0
692.06,12113,0
692.08,12079,0
692.10,12089,0
692.12,12100,0
692.14,12052,0
692.16,12080,0
692.17,12053,0
692.19,12062,0
692.21,12070,0
692.23,12061,0
692.25,12044,0
692.27,12058,0
692.29,12063,0
692.31,12092,0
692.33,12068,0
692.35,12077,0
692.37,12072,0
692.39,12068,0
692.41,12070,0
692.43,12040,0
692.45,12098,0
692.47,12064,0
692.49,12083,0
692.51,12082,0
692.53,12059,0
692.55,12085,0
692.57,12098,0
692.59,12092,0
692.61,12081,0
692.63,12095,0
692.65,12112,0
692.67,12124,0
692.69,12098,0
692.71,12120,0
692.73,12125,0
692.75,12129,0
692.77,12121,0
692.79,12125,0
692.81,12130,0
692.83,12159,0
692.85,12139,0
692.87,12148,0
692.89,12135,0
692.91,12156,0
692.93,12116,0
692.95,12149,0
692.97,12165,0
692.99,12131,0
693.01,12164,0
693.03,12149,0
693.05,12156,0
693.07,12162,0
693.09,12142,0
693.11,12167,0
693.13,12174,0
693.15,12164,0
693.17,12181,0
693.19,12165,0
693.20,12175,0
693.22,12161,0
693.24,12156,0
693.26,12125,0
693.28,12134,0
693.30,12120,0
693.32,12144,0
693.34,12136,0
693.36,12130,0
693.38,12110,0
693.40,12118,0
693.42,12115,0
693.44,12129,0
693.46,12129,0
693.48,12138,0
693.50,12155,0
693.52,12122,0
693.54,12131,0
693.56,12139,0
693.58,12135,0
693.60,12150,0
693.62,12116,0
693.64,12153,0
693.66,12126,0
693.68,12146,0
693.70,12152,0
693.72,12141,0
693.74,12129,0
693.76,12151,0
693.78,12161,0
693.80,12148,0
693.82,12133,0
693.84,12167,0
693.86,12157,0
693.88,12169,0
693.90,12152,0
693.92,12183,0
693.94,12182,0
693.96,12184,0
693.98,12160,0
694.00,12176,0
694.02,12161,0
694.04,12185,0
694.06,12182,0
694.08,12192,0
694.10,12180,0
694.12,12180,0
694.14,12176,0
694.16,12186,0
694.18,12204,0
694.20,12199,0
694.21,12188,0
694.23,12210,0
694.25,12195,0
694.27,12225,0
694.29,12208,0
694.31,12207,0
694.33,12168,0
694.35,12189,0
694.37,12180,0
694.39,12182,0
694.41,12153,0
694.43,12167,0
694.45,12136,0
694.47,12158,0
694.49,12133,0
694.51,12181,0
694.53,12153,0
694.55,12173,0
694.57,12154,0
694.59,12176,0
694.61,12164,0
694.63,12170,0
694.65,12152,0
694.67,12170,0
694.69,12158,0
694.71,12144,0
694.73,12182,0
694.75,12158,0
694.77,12159,0
694.79,12151,0
694.81,12154,0
694.83,12174,0
694.85,12160,0
694.87,12183,0
694.89,12153,0
694.91,12173,0
694.93,12171,0
694.95,12172,0
694.97,12196,0
694.99,12173,0
695.01,12181,0
695.03,12191,0
695.05,12173,0
695.07,12190,0
695.09,12195,0
695.11,12181,0
695.13,12202,0
695.15,12214,0
695.17,12191,0
695.19,12183,0
695.21,12157,0
695.23,12228,0
695.24,12206,0
695.26,12185,0
695.28,12200,0
695.30,12182,0
695.32,12245,0
695.34,12208,0
695.36,12232,0
695.38,12211,0
695.40,12214,0
695.42,12177,0
695.44,12212,0
695.46,12177,0
695.48,12190,0
695.50,12162,0
695.52,12160,0
695.54,12166,0
695.56,12195,0
695.58,12180,0
695.60,12174,0
695.62,12165,0
695.64,12200,0
695.66,12185,0
695.68,12165,0
695.70,12174,0
695.72,12159,0
695.74,12174,0
695.76,12166,0
695.78,12166,0
695.80,12168,0
695.82,12178,0
695.84,12163,0
695.86,12152,0
695.88,12183,0
695.90,12167,0
695.92,12166,0
695.94,12173,0
695.96,12160,0
695.98,12187,0
696.00,12177,0
696.02,12174,0
696.04,12180,0
696.06,12152,0
696.08,12190,0
696.10,12180,0
696.12,12188,0
696.14,12200,0
696.16,12180,0
696.18,12208,0
696.20,12203,0
696.22,12203,0
696.24,12201,0
696.25,12187,0
696.27,12187,0
696.29,12225,0
696.31,12195,0
696.33,12212,0
696.35,12200,0
696.37,12191,0
696.39,12208,0
696.41,12211,0
696.43,12251,0
696.45,12198,0
696.47,12216,0
696.49,12190,0
696.51,12204,0
696.53,12183,0
696.55,12162,0
696.57,12168,0
696.59,12147,0
696.61,12154,0
696.63,12173,0
696.65,12152,0
696.67,12151,0
696.69,12162,0
696.71,12155,0
696.73,12180,0
696.75,12181,0
696.77,12134,0
696.79,12151,0
696.81,12162,0
696.83,12157,0
696.85,12147,0
696.87,12136,0
696.89,12136,0
696.91,12141,0
696.93,12149,0
696.95,12146,0
696.97,12142,0
696.99,12176,0
697.01,12170,0
697.03,12152,0
697.05,12171,0
697.07,12148,0
697.09,12161,0
697.11,12160,0
697.13,12159,0
697.15,12175,0
697.17,12162,0
697.19,12200,0
697.21,12163,0
697.23,12191,0
697.25,12174,0
697.27,12161,0
697.28,12184,0
697.30,12176,0
697.32,12214,0
697.34,12195,0
697.36,12179,0
697.38,12180,0
697.40,12211,0
697.42,12190,0
697.44,12196,0
697.46,12193,0
697.48,12225,0
697.50,12196,0
697.52,12222,0
697.54,12218,0
697.56,12194,0
697.58,12176,0
697.60,12182,0
697.62,12162,0
697.64,12164,0
697.66,12144,0
697.68,12152,0
697.70,12182,0
697.72,12146,0
697.74,12146,0
697.76,12159,0
697.78,12148,0
697.80,12156,0
697.82,12166,0
697.84,12167,0
697.86,12143,0
697.88,12148,0
697.90,12137,0
697.92,12160,0
697.94,12121,0
697.96,12132,0
697.98,12133,0
698.00,12144,0
698.02,12111,0
698.04,12168,0
698.06,12123,0
698.08,12150,0
698.10,12135,0
698.12,12149,0
698.14,12124,0
698.16,12160,0
698.18,12154,0
698.20,12154,0
698.22,12151,0
698.24,12174,0
698.26,12150,0
698.28,12154,0
698.29,12139,0
698.31,12169,0
698.33,12164,0
698.35,12175,0
698.37,12157,0
698.39,12164,0
698.41,12163,0
698.43,12202,0
698.45,12162,0
698.47,12183,0
698.49,12177,0
698.51,12143,0
698.53,12198,0
698.55,12178,0
698.57,12175,0
698.59,12194,0
698.61,12197,0
698.63,12177,0
698.65,12206,0
698.67,12182,0
698.69,12191,0
698.71,12158,0
698.73,12142,0
698.75,12132,0
698.77,12157,0
698.79,12116,0
698.81,12138,0
698.83,12116,0
698.85,12113,0
698.87,12103,0
698.89,12114,0
698.91,12106,0
698.93,12119,0
698.95,12120,0
698.97,12129,0
698.99,12082,0
699.01,12130,0
699.03,12106,0
699.05,12112,0
699.07,12092,0
699.09,12109,0
699.11,12095,0
699.13,12102,0
699.15,12088,0
699.17,12104,0
699.19,12118,0
699.21,12099,0
699.23,12122,0
699.25,12096,0
699.27,12123,0
699.29,12118,0
699.30,12123,0
699.32,12100,0
699.34,12101,0
699.36,12146,0
699.38,12126,0
699.40,12130,0
699.42,12126,0
699.44,12141,0
699.46,12133,0
699.48,12139,0
699.50,12122,0
699.52,12113,0
699.54,12139,0
699.56,12138,0
699.58,12156,0
699.60,12147,0
699.62,12165,0
699.64,12158,0
699.66,12152,0
699.68,12154,0
699.70,12168,0
699.72,12172,0
699.74,12173,0
699.76,12168,0
699.78,12172,0
699.80,12204,0
699.82,12176,0
699.84,12176,0
699.86,12124,0
699.88,12129,0
699.90,12107,0
699.92,12107,0
699.94,12111,0
699.96,12124,0
699.98,12118,0
700.00,12110,0
700.02,12131,0
700.04,12140,0
700.06,12121,0
700.08,12116,0
700.10,12132,0
700.12,12097,0
700.14,12148,0
700.16,12099,0
700.18,12102,0
700.20,12090,0
700.22,12113,0
700.24,12084,0
700.26,12111,0
700.28,12102,0
700.30,12089,0
700.32,12114,0
700.33,12112,0
700.35,12123,0
700.37,12086,0
700.39,12095,0
700.41,12120,0
700.43,12116,0
700.45,12119,0
700.47,12128,0
700.49,12127,0
700.51,12117,0
700.53,12131,0
700.55,12127,0
700.57,12150,0
700.59,12131,0
700.61,12142,0
700.63,12138,0
700.65,12114,0
700.67,12156,0
700.69,12124,0
700.71,12148,0
700.73,12142,0
700.75,12131,0
700.77,12161,0
700.79,12138,0
700.81,12176,0
700.83,12142,0
700.85,12178,0
700.87,12139,0
700.89,12168,0
700.91,12168,0
700.93,12190,0
700.95,12157,0
700.97,12142,0
700.99,12172,0
701.01,12115,0
701.03,12160,0
701.05,12082,0
701.07,12117,0
701.09,12035,0
701.11,12089,0
701.13,12001,0
701.15,12084,0
701.17,12051,0
701.19,12025,0
701.21,12023,0
701.23,12031,0
701.25,12060,0
701.27,12014,0
701.29,12093,0
701.31,12009,0
701.33,12057,0
701.34,12043,0
701.36,12067,0
701.38,12053,0
701.40,12051,0
701.42,12056,0
701.44,12057,0
701.46,12055,0
701.48,12063,0
701.50,12088,0
701.52,12076,0
701.54,12079,0
701.56,12101,0
701.58,12079,0
701.60,12107,0
701.62,12085,0
701.64,12081,0
701.66,12097,0
701.68,12109,0
701.70,12111,0
701.72,12097,0
701.74,12116,0
701.76,12108,0
701.78,12112,0
701.80,12136,0
701.82,12123,0
701.84,12160,0
701.86,12128,0
701.88,12141,0
701.90,12137,0
701.92,12152,0
701.94,12140,0
701.96,12146,0
701.98,12163,0
702.00,12159,0
702.02,12163,0
702.04,12175,0
702.06,12148,0
702.08,12168,0
702.10,12177,0
702.12,12182,0
702.14,12166,0
702.16,12192,0
702.18,12172,0
702.20,12148,0
702.22,12147,0
702.24,12131,0
702.26,12115,0
702.28,12106,0
702.30,12087,0
702.32,12107,0
702.34,12084,0
702.36,12118,0
702.37,12113,0
702.39,12102,0
702.41,12122,0
702.43,12089,0
702.45,12121,0
702.47,12121,0
702.49,12098,0
702.51,12116,0
702.53,12110,0
702.55,12100,0
702.57,12098,0
702.59,12090,0
702.61,12114,0
702.63,12094,0
702.65,12105,0
702.67,12086,0
702.69,12123,0
702.71,12121,0
702.73,12100,0
702.75,12136,0
702.77,12134,0
702.79,12129,0
702.81,12110,0
702.83,12130,0
702.85,12127,0
702.87,12154,0
702.89,12122,0
702.91,12127,0
702.93,12133,0
702.95,12135,0
702.97,12141,0
702.99,12163,0
703.01,12149,0
703.03,12148,0
703.05,12130,0
703.07,12160,0
703.09,12149,0
703.11,12157,0
703.13,12164,0
703.15,12153,0
703.17,12183,0
703.19,12144,0
703.21,12168,0
703.23,12169,0
703.25,12182,0
703.27,12193,0
703.29,12190,0
703.31,12184,0
703.33,12178,0
703.35,12174,0
703.37,12176,0
703.38,12168,0
703.40,12157,0
703.42,12124,0
703.44,12108,0
703.46,12086,0
703.48,12109,0
703.50,12078,0
703.52,12091,0
703.54,12089,0
703.56,12090,0
703.58,12082,0
703.60,12082,0
703.62,12102,0
703.64,12088,0
703.66,12087,0
703.68,12080,0
703.70,12093,0
703.72,12068,0
703.74,12073,0
703.76,12069,0
703.78,12056,0
703.80,12081,0
703.82,12050,0
703.84,12066,0
703.86,12066,0
703.88,12073,0
703.90,12065,0
703.92,12069,0
703.94,12062,0
703.96,12075,0
703.98,12072,0
704.00,12099,0
704.02,12068,0
704.04,12102,0
704.06,12074,0
704.08,12087,0
704.10,12081,0
704.12,12108,0
704.14,12088,0
704.16,12107,0
704.18,12095,0
704.20,12079,0
704.22,12088,0
704.24,12095,0
704.26,12098,0
704.28,12119,0
704.30,12100,0
704.32,12142,0
704.34,12106,0
704.36,12144,0
704.38,12127,0
704.40,12128,0
704.41,12131,0
704.43,12141,0
704.45,12132,0
704.47,12120,0
704.49,12144,0
704.51,12131,0
704.53,12119,0
704.55,12121,0
704.57,12087,0
704.59,12060,0
704.61,12057,0
704.63,12059,0
704.65,12068,0
704.67,12047,0
704.69,12046,0
704.71,12022,0
704.73,12051,0
704.75,12068,0
704.77,12044,0
704.79,12048,0
704.81,12034,0
704.83,12043,0
704.85,12039,0
704.87,12048,0
704.89,12035,0
704.91,12018,0
704.93,12023,0
704.95,12017,0
704.97,12032,0
704.99,12032,0
705.01,12017,0
705.03,12042,0
705.05,12031,0
705.07,12042,0
705.09,12047,0
705.11,12048,0
705.13,12075,0
705.15,12046,0
705.17,12032,0
705.19,12054,0
705.21,12061,0
705.23,12065,0
705.25,12041,0
705.27,12058,0
705.29,12052,0
705.31,12066,0
705.33,12065,0
705.35,12050,0
705.37,12076,0
705.39,12061,0
705.41,12080,0
705.42,12085,0
705.44,12075,0
705.46,12106,0
705.48,12080,0
705.50,12086,0
705.52,12071,0
705.54,12083,0
705.56,12091,0
705.58,12124,0
705.60,12104,0
705.62,12120,0
705.64,12115,0
705.66,12097,0
705.68,12107,0
705.70,12101,0
705.72,12066,0
705.74,12039,0
705.76,12017,0
705.78,11988,0
705.80,12030,0
705.82,12010,0
705.84,12021,0
705.86,12004,0
705.88,12025,0
705.90,12010,0
705.92,12045,0
705.94,12017,0
705.96,12016,0
705.98,11998,0
706.00,12004,0
706.02,11988,0
706.04,11991,0
706.06,11992,0
706.08,11991,0
706.10,11989,0
706.12,11976,0
706.14,11980,0
706.16,11986,0
706.18,11999,0
706.20,11995,0
706.22,11996,0
706.24,11987,0
706.26,12018,0
706.28,12015,0
706.30,12005,0
706.32,12004,0
706.34,11993,0
706.36,12024,0
706.38,12015,0
706.40,12022,0
706.42,12022,0
706.43,12023,0
706.45,12008,0
706.47,12018,0
706.49,12018,0
706.51,12038,0
706.53,12024,0
706.55,12022,0
706.57,12052,0
706.59,12039,0
706.61,12041,0
706.63,12054,0
706.65,12042,0
706.67,12057,0
706.69,12046,0
706.71,12075,0
706.73,12052,0
706.75,12078,0
706.77,12083,0
706.79,12063,0
706.81,12076,0
706.83,12067,0
706.85,12059,0
706.87,12084,0
706.89,12029,0
706.91,12025,0
706.93,12016,0
706.95,11985,0
706.97,11976,0
706.99,11967,0
707.01,11953,0
707.03,11974,0
707.05,11978,0
707.07,11967,0
707.09,11963,0
707.11,11983,0
707.13,11995,0
707.15,11968,0
707.17,11960,0
707.19,11967,0
707.21,11947,0
707.23,11938,0
707.25,11967,0
707.27,11930,0
707.29,11932,0
707.31,11921,0
707.33,11941,0
707.35,11938,0
707.37,11936,0
707.39,11937,0
707.41,11940,0
707.43,11948,0
707.45,11954,0
707.46,11951,0
707.48,11961,0
707.50,11978,0
707.52,11957,0
707.54,11958,0
707.56,11992,0
707.58,11955,0
707.60,11984,0
707.62,11962,0
707.64,11976,0
707.66,11967,0
707.68,11993,0
707.70,11997,0
707.72,11996,0
707.74,11985,0
707.76,11992,0
707.78,12013,0
707.80,11994,0
707.82,12014,0
707.84,12008,0
707.86,12003,0
707.88,12007,0
707.90,12012,0
707.92,12020,0
707.94,12037,0
707.96,12031,0
707.98,12044,0
708.00,12040,0
708.02,12026,0
708.04,12049,0
708.06,12048,0
708.08,12021,0
708.10,11969,0
708.12,11966,0
708.14,11959,0
708.16,11948,0
708.18,11920,0
708.20,11922,0
708.22,11917,0
708.24,11926,0
708.26,11925,0
708.28,11914,0
708.30,11910,0
708.32,11939,0
708.34,11919,0
708.36,11911,0
708.38,11948,0
708.40,11899,0
708.42,11918,0
708.44,11891,0
708.46,11897,0
708.48,11882,0
708.49,11870,0
708.51,11891,0
708.53,11873,0
708.55,11874,0
708.57,11898,0
708.59,11896,0
708.61,11887,0
708.63,11890,0
708.65,11862,0
708.67,11926,0
708.69,11927,0
708.71,11903,0
708.73,11908,0
708.75,11932,0
708.77,11902,0
708.79,11930,0
708.81,11910,0
708.83,11912,0
708.85,11926,0
708.87,11925,0
708.89,11933,0
708.91,11932,0
708.93,11930,0
708.95,11934,0
708.97,11958,0
708.99,11938,0
709.01,11947,0
709.03,11952,0
709.05,11940,0
709.07,11966,0
709.09,11950,0
709.11,11956,0
709.13,11963,0
709.15,11958,0
709.17,11976,0
709.19,11968,0
709.21,11932,0
709.23,11932,0
709.25,11895,0
709.27,11871,0
709.29,11863,0
709.31,11841,0
709.33,11840,0
709.35,11823,0
709.37,11830,0
709.39,11825,0
709.41,11824,0
709.43,11827,0
709.45,11823,0
709.47,11828,0
709.49,11830,0
709.51,11820,0
709.52,11804,0
709.54,11817,0
709.56,11790,0
709.58,11777,0
709.60,11789,0
709.62,11795,0
709.64,11788,0
709.66,11776,0
709.68,11777,0
709.70,11796,0
709.72,11808,0
709.74,11795,0
709.76,11808,0
709.78,11806,0
709.80,11800,0
709.82,11807,0
709.84,11815,0
709.86,11800,0
709.88,11832,0
709.90,11819,0
709.92,11851,0
709.94,11826,0
709.96,11825,0
709.98,11850,0
710.00,11838,0
710.02,11828,0
710.04,11850,0
710.06,11835,0
710.08,11855,0
710.10,11863,0
710.12,11876,0
710.14,11868,0
710.16,11865,0
710.18,11887,0
710.20,11886,0
710.22,11890,0
710.24,11915,0
710.26,11883,0
710.28,11899,0
710.30,11910,0
710.32,11904,0
710.34,11919,0
710.36,11890,0
710.38,11889,0
710.40,11905,0
710.42,11854,0
710.44,11839,0
710.46,11806,0
710.48,11791,0
710.50,11787,0
710.52,11774,0
710.53,11774,0
710.55,11768,0
710.57,11756,0
710.59,11780,0
710.61,11756,0
710.63,11768,0
710.65,11768,0
710.67,11765,0
710.69,11752,0
710.71,11770,0
710.73,11759,0
710.75,11746,0
710.77,11733,0
710.79,11720,0
710.81,11744,0
710.83,11709,0
710.85,11754,0
710.87,11719,0
710.89,11739,0
710.91,11736,0
710.93,11750,0
710.95,11746,0
710.97,11788,0
710.99,11751,0
711.01,11771,0
711.03,11774,0
711.05,11744,0
711.07,11798,0
711.09,11779,0
711.11,11772,0
711.13,11790,0
711.15,11773,0
711.17,11793,0
711.19,11780,0
711.21,11788,0
711.23,11795,0
711.25,11789,0
711.27,11809,0
711.29,11778,0
711.31,11828,0
711.33,11816,0
711.35,11820,0
711.37,11830,0
711.39,11839,0
711.41,11834,0
711.43,11839,0
711.45,11845,0
711.47,11864,0
711.49,11844,0
711.51,11876,0
711.53,11880,0
711.54,11887,0
711.56,11863,0
711.58,11882,0
711.60,11873,0
711.62,11867,0
711.64,11836,0
711.66,11807,0
711.68,11789,0
711.70,11779,0
711.72,11748,0
711.74,11772,0
711.76,11759,0
711.78,11753,0
711.80,11756,0
711.82,11736,0
711.84,11762,0
711.86,11772,0
711.88,11765,0
711.90,11764,0
711.92,11785,0
711.94,11768,0
711.96,11746,0
711.98,11745,0
712.00,11740,0
712.02,11741,0
712.04,11731,0
712.06,11754,0
712.08,11736,0
712.10,11754,0
712.12,11754,0
712.14,11776,0
712.16,11766,0
712.18,11779,0
712.20,11781,0
712.22,11784,0
712.24,11778,0
712.26,11816,0
712.28,11800,0
712.30,11810,0
712.32,11784,0
712.34,11826,0
712.36,11804,0
712.38,11826,0
712.40,11812,0
712.42,11825,0
712.44,11822,0
712.46,11833,0
712.48,11826,0
712.50,11861,0
712.52,11843,0
712.54,11855,0
712.55,11878,0
712.57,11859,0
712.59,11874,0
712.61,11856,0
712.63,11867,0
712.65,11871,0
712.67,11877,0
712.69,11878,0
712.71,11889,0
712.73,11901,0
712.75,11876,0
712.77,11886,0
712.79,11865,0
712.81,11807,0
712.83,11806,0
712.85,11768,0
712.87,11775,0
712.89,11752,0
712.91,11755,0
712.93,11763,0
712.95,11777,0
712.97,11761,0
712.99,11760,0
713.01,11759,0
