885,11479,
1905,10852,
1925,11289,
1945,11176,
1964,11583,
1984,10976,
2004,11032,
2024,10926,11164.125
2044,11188,
2063,11749,
2083,11533,
2103,11508,
2123,10987,
2143,11439,
2162,11374,
2182,11734,
2202,10898,
2222,11036,
2242,10989,
2261,10927,
2281,11118,
2301,11253,
2321,11484,
2341,11456,
2360,11456,
2380,10971,
2400,11497,
2420,11607,
2440,11116,
2459,11419,
2479,11358,
2499,11633,
2519,11511,
2539,10923,
2559,11263,
2578,11493,
2598,11317,
2618,11295,
2638,11284,
2657,11636,
2677,11411,
2697,11074,
2717,10796,
2737,10992,
2756,10975,
2776,11286,
2796,11643,
2816,11492,
2836,11572,
2855,11073,
2875,10929,
2895,10884,
2915,11298,
2935,10941,
2954,11536,
2974,11531,
2994,11592,
3014,11075,
3034,10990,
3054,11056,
3073,11634,
3093,10819,
3113,11148,
3133,11022,
3153,10978,
3172,11335,
3192,11197,
3212,11364,
3232,11231,
3252,11570,
3271,11449,
3291,11548,
3311,11528,
3331,11021,
3351,11391,
3370,11370,
3390,11681,
3410,11241,
3430,11029,
3450,10781,
3469,10986,
3489,11550,
3509,10990,
3529,11111,
3549,11048,
3568,10923,
3588,11479,
3608,10911,
3628,11046,
3648,11551,
3667,10882,
3687,11022,
3707,11491,
3727,11333,
3747,10984,
3766,11241,
3786,11655,
3806,11457,
3826,11341,
3846,11328,
3865,11684,
3885,11550,
3905,10992,
3925,11547,
3945,11528,
3964,11279,
3984,11579,
4004,11454,
4024,11617,
4044,11611,
4064,11027,
4083,11205,
4103,11619,
4123,11637,
4143,11472,
4163,10876,
4182,11180,
4202,11213,
4222,11404,
4242,10986,
4261,10940,
4281,11107,
4301,10980,
4321,11432,
4341,11191,
4360,11049,
4380,11287,
4400,11216,
4420,11056,
4440,10952,
4460,11029,
4479,11483,
4499,11119,
4519,11045,
4539,11177,
4559,11272,
4578,11422,
4598,11205,
4618,11548,
4638,11282,
4658,11592,
4677,11505,
4697,11019,
4717,11444,
4737,11667,
4757,11370,
4776,11519,
4796,11409,
4816,11555,
4836,11283,
4856,11040,
4875,11611,
4895,11732,
4915,11430,
4935,11275,
4955,11406,
4974,11472,
4994,11347,
5014,11021,
5034,11268,
5054,11336,
5073,11155,
5093,10928,
5113,11620,
5133,11231,
5153,11233,
5172,11077,
5192,11179,
5212,11509,
5232,11135,
5252,11016,
5271,11534,
5291,11180,
5311,11175,
5331,11124,
5351,11073,
5371,11432,
5390,10946,
5410,10992,
5430,11693,
5450,10902,
5470,11093,
5489,11624,
5509,11234,
5529,10979,
5549,11476,
5569,11627,
5588,11108,
5608,11619,
5628,11708,
5648,11421,
5668,11405,
5687,11429,
5707,11426,
5727,11139,
5747,11139,
5767,11160,
5786,11183,
5806,11038,
5826,11113,
5846,11638,
5866,11061,
5885,11062,
5905,11586,
5925,10972,
5945,10940,
5965,10961,
5984,10839,
6004,11431,
6024,10972,
6044,11076,
6064,11697,
6084,11077,
6103,11069,
6123,11597,
6143,11589,
6163,10913,
6182,11705,
6202,11467,
6222,11028,
6242,11290,
6262,11230,
6281,10988,
6301,10943,
6321,11598,
6341,10988,
6361,11037,
6380,11682,
6400,11123,
6420,11046,
6440,11183,
6460,11423,
6479,11475,
6499,10929,
6519,10948,
6539,11219,
6559,10940,
6578,11295,
6598,11016,
6618,10924,
6638,11635,
6658,10891,
6678,11025,
6697,11012,
6717,10928,
6737,11695,
6757,10975,
6777,10941,
6796,11505,
6816,10971,
6836,10957,
6856,11043,
6876,10912,
6895,11494,
6915,10949,
6935,10944,
6955,11606,
6975,11025,
6994,11022,
7014,11222,
7034,10851,
7054,11265,
7074,10913,
7093,10923,
7113,11573,
7133,10891,
7153,11050,
7173,10996,
7192,11024,
7212,11509,
7232,11069,
7252,10870,
7272,11260,
7291,11008,
7311,11313,
7331,11120,
7351,11236,
7371,11048,
7390,11525,
7410,11653,
7430,11566,
7450,11201,
7470,11065,
7490,10867,
7509,10889,
7529,11660,
7549,11023,
7569,11170,
7589,11012,
7608,11079,
7628,11428,
7648,11143,
7668,11214,
7687,10994,
7707,11417,
7727,11366,
7747,11237,
7767,11478,
7786,11198,
7806,11483,
7826,11538,
7846,11471,
7866,10911,
7885,10937,
7905,11090,
7925,10851,
7945,11545,
7965,10870,
7985,11110,
8004,11081,
8024,11242,
8044,11565,
8064,11372,
8084,11255,
8103,11261,
8123,11333,
8143,11375,
8163,11006,
8183,11463,
8202,11561,
8222,11715,
8242,11515,
8262,11305,
8282,10945,
8301,11034,
8321,11117,
8341,11002,
8361,11272,
8381,11140,
8400,11169,
8420,11629,
8440,11231,
8460,11051,
8480,10971,
8499,11159,
8519,11812,
8539,11424,
8559,11472,
8579,10975,
8598,11545,
8618,11712,
8638,11830,
8658,11390,
8678,11124,
8697,11018,
8717,11219,
8737,11565,
8757,10895,
8777,10975,
8796,10925,
8816,11049,
8836,11805,
8856,11299,
8876,11262,
8895,11045,
8915,11514,
8935,11783,
8955,11476,
8975,11669,
8995,10975,
9014,11037,
9034,11060,
9054,11767,
9074,10969,
9094,11009,
9113,11202,
9133,11101,
9153,11213,
9173,11534,
9193,11615,
9212,11455,
9232,11210,
9252,11185,
9272,11618,
9291,11450,
9311,11161,
9331,11207,
9351,11714,
9371,11291,
9390,11561,
9410,11476,
9430,11615,
9450,11533,
9470,11144,
9490,11292,
9509,11255,
9529,11805,
9549,10990,
9569,11088,
9589,10874,
9608,10940,
9628,11513,
9648,10993,
9668,11080,
9688,11012,
9707,11020,
9727,11442,
9747,10981,
9767,10976,
9787,11658,
9806,11007,
9826,11012,
9846,11025,
9866,11012,
9886,11705,
9905,11090,
9925,11093,
9945,11159,
9965,11303,
9985,11352,
10004,11109,
10024,11205,
10044,11616,
10064,11406,
10084,11428,
10104,11067,
10123,11583,
10143,11695,
10163,11654,
10183,11543,
10202,11211,
10222,10789,
10242,10953,
10262,11712,
10282,11037,
10301,11041,
10321,11192,
10341,10869,
10361,11584,
10381,10973,
10400,11194,
10420,11109,
10440,11547,
10460,11248,
10480,11438,
10500,11168,
10519,11361,
10539,10967,
10559,10924,
10579,10999,
10599,11032,
10618,11392,
10638,11289,
10658,11297,
10678,11072,
10698,11547,
10717,11715,
10737,11595,
10757,11192,
10777,11127,
10797,10960,
10816,10851,
10836,11633,
10856,11033,
10876,10997,
10895,11100,
10915,11001,
10935,11677,
10955,11237,
10975,11269,
10995,11063,
11014,11614,
11034,11608,
11054,11486,
11074,11589,
11094,11058,
11113,11608,
11133,11586,
11153,11461,
11173,11024,
11193,10995,
11212,11347,
11232,10989,
11252,11187,
11272,10929,
11292,10858,
11311,11542,
11331,11028,
11351,11301,
11371,11131,
11391,11336,
11411,11174,
11430,11453,
11450,11603,
11470,11528,
11490,11157,
11509,11013,
11529,10991,
11549,10877,
11569,11648,
11589,11018,
11608,11072,
11628,10957,
11648,11155,
11668,11451,
11688,11317,
11707,11210,
11727,11078,
11747,11532,
11767,11571,
11787,11303,
11807,11615,
11826,11134,
11846,11597,
11866,11442,
11886,11385,
11906,10924,
11925,10983,
11945,11115,
11965,10949,
11985,11453,
12004,11169,
12024,11324,
12044,10950,
12064,11535,
12084,11597,
12103,11528,
12123,11447,
12143,11043,
12163,11245,
12183,11427,
12203,11534,
12222,10865,
12242,11006,
12262,11085,
12282,10948,
12302,11250,
12321,10880,
12341,11010,
12361,11725,
12381,10982,
12401,11002,
12420,11010,
12440,10839,
12460,11628,
12480,10844,
12500,11038,
12519,11555,
12539,11035,
12559,11037,
12579,11166,
12599,11118,
12618,11434,
12638,11426,
12658,11650,
12678,11479,
12698,11074,
12717,10965,
12737,11011,
12757,10952,
12777,11593,
12797,11041,
12816,10917,
12836,11003,
12856,11033,
12876,11641,
12896,11222,
12915,11204,
12935,11012,
12955,11472,
12975,11732,
12995,11610,
13014,11276,
13034,11058,
13054,10960,
13074,10945,
13094,11707,
13114,10961,
13133,10985,
13153,11062,
13173,10993,
13193,11305,
13212,11123,
13232,10955,
13252,11017,
13272,11462,
13292,11699,
13311,11730,
13331,11213,
13351,11128,
13371,10981,
13391,10878,
13410,11328,
13430,11199,
13450,11508,
13470,11429,
13490,11611,
13510,10989,
13529,10887,
13549,11076,
13569,11649,
13589,10983,
13609,10984,
13628,10995,
13648,10955,
13668,11684,
13688,11389,
13708,11553,
13727,11158,
13747,11563,
13767,11260,
13787,11440,
13807,10953,
13826,11493,
13846,11127,
13866,11171,
13886,11027,
13906,11125,
13925,11696,
13945,11522,
13965,11580,
13985,11057,
14005,10933,
14024,11037,
14044,11280,
14064,11007,
14084,11288,
14104,11080,
14123,10927,
14143,11797,
14163,11221,
14183,11240,
14203,11140,
14222,11524,
14242,11052,
14262,11125,
14282,11144,
14302,11680,
14321,10957,
14341,11237,
14361,11096,
14381,11357,
14401,11100,
14420,11156,
14440,10967,
14460,11672,
14480,11024,
14500,11099,
14519,11020,
14539,11140,
14559,11480,
14579,11497,
14599,11682,
14618,11524,
14638,10881,
14658,10996,
14678,11001,
14698,10924,
14717,11759,
14737,11457,
14757,11596,
14777,11702,
14797,10945,
14817,11371,
14836,11346,
14856,11632,
14876,11175,
14896,10922,
14916,10916,
14935,10976,
14955,11180,
14975,11766,
14995,11637,
15014,11406,
15034,11272,
15054,10926,
15074,10961,
15094,10899,
15113,11132,
15133,11627,
15153,11336,
15173,11351,
15193,10880,
15212,11556,
15232,11550,
15252,11650,
15272,11249,
15292,11035,
15312,10885,
15331,11026,
15351,11438,
15371,11089,
15391,11148,
15411,11085,
15430,11140,
15450,11694,
15470,11400,
15490,11581,
15510,11146,
15529,11263,
15549,11116,
15569,11016,
15589,11076,
15609,11742,
15628,11352,
15648,11296,
15668,11040,
15688,11578,
15707,11382,
15727,11554,
15747,11106,
15767,11201,
15787,10995,
15807,10879,
15826,11249,
15846,11437,
15866,11677,
15886,11363,
15906,11425,
15925,10989,
15945,11395,
15965,11689,
15985,11331,
16005,11102,
16024,11137,
16044,11603,
16064,11552,
16084,10880,
16104,11269,
16123,11103,
16143,11686,
16163,10808,
16183,10954,
16203,11118,
16222,11018,
16242,11763,
16262,11192,
16282,11206,
16302,10975,
16322,11439,
16341,11601,
16361,11731,
16381,11480,
16401,11121,
16420,11298,
16440,11606,
16460,11550,
16480,11476,
16500,11197,
16519,11639,
16539,11444,
16559,10991,
16579,11231,
16599,11601,
16618,11529,
16638,11584,
16658,11234,
16678,11603,
16698,11349,
16718,11074,
16737,11418,
16757,11515,
16777,11638,
16797,11296,
16817,10889,
16836,10988,
16856,11016,
16876,11579,
16896,10724,
16916,10860,
16935,10863,
16955,10917,
16975,11399,
16995,11009,
17015,10835,
17034,10940,
17054,11028,
17074,11313,
17094,11105,
17114,11233,
17133,11015,
17153,11328,
17173,11510,
17193,11146,
17213,11180,
17232,10852,
17252,11083,
17272,10702,
17292,11127,
17312,10695,
17331,10783,
17351,10790,
17371,11050,
17391,11434,
17411,11101,
17430,11108,
17450,10673,
17470,11312,
17490,11269,
17510,10947,
17529,11063,
17549,10652,
17569,10690,
17589,10670,
17609,11366,
17628,10725,
17648,10713,
17668,10607,
17688,10833,
17708,11283,
17727,10870,
17747,10960,
17767,10576,
17787,11142,
17807,11233,
17827,10916,
17846,11177,
17866,10952,
17886,11194,
17906,11125,
17925,10542,
17945,11140,
17965,11149,
17985,10923,
18005,11083,
18024,10733,
18044,11033,
18064,11168,
18084,10611,
18104,11035,
18124,11225,
18143,10696,
18163,10812,
18183,11162,
18203,10766,
18223,10547,
18242,11116,
18262,10476,
18282,10467,
18302,10912,
18322,10576,
18341,10562,
18361,10459,
18381,10872,
18401,10797,
18421,10867,
18440,10993,
18460,11057,
18480,11022,
18500,10576,
18520,11024,
18539,10915,
18559,10496,
18579,10882,
18599,10933,
18619,10590,
18638,10452,
18658,11111,
18678,10518,
18698,10457,
18718,10779,
18737,10457,
18757,10531,
18777,10452,
18797,10400,
18817,10876,
18836,10395,
18856,10404,
18876,10932,
18896,10452,
18916,10502,
18936,10525,
18955,10514,
18975,10656,
18995,10506,
19015,10908,
19035,11121,
19054,10880,
19074,10468,
19094,10533,
19114,10679,
19133,10714,
19153,10407,
19173,10502,
19193,10882,
19213,10431,
19232,10656,
19252,10445,
19272,10444,
19292,11156,
19312,10447,
19332,10477,
19351,10465,
19371,10460,
19391,10772,
19411,10405,
19431,10501,
19450,11142,
19470,10436,
19490,10399,
19510,10897,
19530,10761,
19549,10417,
19569,10993,
19589,11045,
19609,10551,
19629,11011,
19648,10975,
19668,10669,
19688,10600,
19708,11148,
19728,10613,
19747,10497,
19767,11027,
19787,10367,
19807,10383,
19827,10973,
19846,10868,
19866,10464,
19886,10969,
19906,10979,
19926,10569,
19945,10822,
19965,10799,
19985,10634,
20005,10479,
20025,11080,
20044,10364,
20064,10679,
20084,10935,
20104,11008,
20124,11049,
20144,11083,
20163,10882,
20183,10746,
20203,10784,
20223,10621,
20243,10862,
20262,10477,
20282,10592,
20302,10681,
20322,10837,
20342,10918,
20361,10506,
20381,10749,
20401,11285,
20421,10856,
20441,10682,
20460,11140,
20480,11121,
20500,10620,
20520,11191,
20540,10783,
20559,10701,
20579,10687,
20599,10842,
20619,10584,
20639,10622,
20658,11008,
20678,10799,
20698,11072,
20718,11279,
20738,11192,
20757,10766,
20777,11177,
20797,11143,
20817,10655,
20837,10863,
20856,10789,
20876,10686,
20896,10723,
20916,10880,
20936,10641,
20956,10795,
20975,11552,
20995,10746,
21015,10809,
21035,10785,
21055,10760,
21074,11348,
21094,10746,
21114,10998,
21134,11428,
21153,11036,
21173,11335,
21193,11496,
21213,11483,
21233,10844,
21252,11385,
21272,11491,
21292,11160,
21312,11470,
21332,11609,
21352,11392,
21371,11320,
21391,11341,
21411,11288,
21431,11171,
21451,10899,
21470,11266,
21490,11307,
21510,11077,
21530,11003,
21550,11372,
21569,11284,
21589,11077,
21609,10865,
21629,11192,
21649,11378,
21668,11061,
21688,11093,
21708,11680,
21728,11012,
21748,10913,
21767,11020,
21787,10840,
21807,11120,
21827,10892,
21847,10830,
21866,11706,
21886,10884,
21906,11381,
21926,11472,
21946,11021,
21965,10981,
21985,11416,
22005,11246,
22025,11015,
22045,11187,
22064,11607,
22084,11525,
22104,11380,
22124,10875,
22144,11168,
22164,11193,
22183,11465,
22203,10839,
22223,10937,
22243,11588,
22263,11223,
22282,10919,
22302,11269,
22322,11674,
22342,11054,
22361,11491,
22381,11536,
22401,11560,
22421,11437,
22441,10972,
22460,10979,
22480,11106,
22500,11392,
22520,11073,
22540,11041,
22559,11357,
22579,11057,
22599,11054,
22619,11160,
22639,11501,
22659,11313,
22678,11052,
22698,10867,
22718,11230,
22738,10969,
22758,11094,
22777,10905,
22797,11292,
22817,11712,
22837,10985,
22857,10910,
22876,11418,
22896,11424,
22916,11107,
22936,11343,
22956,11531,
22975,11064,
22995,11351,
23015,11489,
23035,11043,
23055,11110,
23074,11617,
23094,11041,
23114,10918,
23134,11526,
23154,10816,
23174,10823,
23193,11542,
23213,11425,
23233,10969,
23253,11451,
23272,11552,
23292,11206,
23312,11376,
23332,11774,
23352,11140,
23371,11023,
23391,11651,
23411,10882,
23431,10896,
23451,11555,
23471,11162,
23490,10942,
23510,11502,
23530,11226,
23550,11286,
23570,10977,
23589,10860,
23609,11028,
23629,11058,
23649,10937,
23669,11231,
23688,11576,
23708,11006,
23728,11379,
23748,11376,
23768,11002,
23787,10986,
23807,11415,
23827,10981,
23847,10896,
23867,11804,
23886,10877,
23906,11431,
23926,11663,
23946,11433,
23966,11376,
23985,11284,
24005,11066,
24025,11141,
24045,10975,
24065,10999,
24084,10892,
24104,10858,
24124,11420,
24144,10845,
24164,10937,
24183,11550,
24203,10850,
24223,10946,
24243,11592,
24263,11573,
24283,10941,
24302,11272,
24322,11161,
24342,11008,
24362,11064,
24382,10968,
24401,10926,
24421,10923,
24441,11208,
24461,10916,
24481,11199,
24500,11559,
24520,11373,
24540,11180,
24560,11636,
24579,11399,
24599,11116,
24619,11315,
24639,11048,
24659,11005,
24679,11022,
24698,11364,
24718,10955,
24738,10918,
24758,11587,
24778,10825,
24797,11009,
24817,11518,
24837,11265,
24857,10955,
24877,11503,
24896,11616,
24916,11039,
24936,11530,
24956,11566,
24976,11219,
24995,11349,
25015,11566,
25035,11299,
25055,11065,
25075,11026,
25095,11285,
25114,11265,
25134,11072,
25154,11111,
25174,11621,
25194,11122,
25213,10988,
25233,11452,
25253,10805,
25273,10941,
25292,11169,
25312,10891,
25332,11130,
25352,10953,
25372,11478,
25391,11542,
25411,11008,
25431,11205,
25451,11579,
25471,11194,
25491,11077,
25510,10874,
25530,11152,
25550,11519,
25570,11068,
25590,11281,
25609,11641,
25629,11616,
25649,10868,
25669,11458,
25689,11485,
25708,11199,
25728,11565,
25748,11633,
25768,11293,
25788,10970,
25807,11715,
25827,11002,
25847,10923,
25867,11396,
25887,10826,
25906,10932,
25926,10874,
25946,11071,
25966,11100,
25986,11256,
26005,11531,
26025,11354,
26045,11552,
26065,11318,
26085,11541,
26104,11235,
26124,11039,
26144,11116,
26164,10912,
26184,11238,
26203,10832,
26223,10910,
26243,11341,
26263,11547,
26283,10864,
26303,11344,
26322,11087,
26342,10939,
26362,10828,
26382,11188,
26402,10871,
26421,10967,
26441,11424,
26461,11163,
26481,11405,
26501,11622,
26520,11476,
26540,11541,
26560,11192,
26580,10964,
26600,11376,
26619,10981,
26639,10936,
26659,10882,
26679,10823,
26699,11120,
26718,10819,
26738,10915,
26758,11612,
26778,11211,
26798,11179,
26817,11602,
26837,11476,
26857,11000,
26877,11464,
26897,11275,
26916,10957,
26936,11163,
26956,11316,
26976,10977,
26996,10864,
27015,11404,
27035,10912,
27055,11090,
27075,11500,
27095,11483,
27115,11619,
27134,11486,
27154,11185,
27174,11515,
27194,11008,
27214,10966,
27233,11333,
27253,10961,
27273,10913,
27293,11321,
27312,11617,
27332,10972,
27352,11557,
27372,11322,
27392,11059,
27411,11301,
27431,11641,
27451,11072,
27471,10961,
27491,11316,
27511,10999,
27530,11106,
27550,10975,
27570,10881,
27590,11044,
27610,10930,
27629,11297,
27649,11307,
27669,11241,
27689,11741,
27709,11403,
27728,11481,
27748,11375,
27768,11349,
27788,11353,
27808,11089,
27827,11477,
27847,11554,
27867,11513,
27887,11621,
27907,10874,
27926,11221,
27946,11646,
27966,11427,
27986,11204,
28006,11402,
28025,11689,
28045,11546,
28065,10887,
28085,11507,
28105,11535,
28124,10945,
28144,11365,
28164,11510,
28184,11347,
28204,11343,
28223,11013,
28243,11438,
28263,11650,
28283,11425,
28303,11067,
28322,10884,
28342,11507,
28362,11437,
28382,11082,
28402,11141,
28422,11402,
28441,11500,
28461,11124,
28481,10885,
28501,11403,
28521,11461,
28540,11156,
28560,11023,
28580,11199,
28600,11678,
28619,10962,
28639,10978,
28659,11372,
28679,11480,
28699,11230,
28719,11056,
28738,11256,
28758,11622,
28778,11210,
28798,11082,
28818,11205,
28837,11252,
28857,11213,
28877,11001,
28897,11056,
28917,11578,
28936,11045,
28956,11040,
28976,10904,
28996,10987,
29016,11464,
29035,10892,
29055,10872,
29075,11415,
29095,10955,
29115,10996,
29134,10915,
29154,11243,
29174,11227,
29194,11278,
29214,11555,
29233,11601,
29253,11519,
29273,11052,
29293,11404,
29313,11195,
29332,10847,
29352,11100,
29372,11085,
29392,10988,
29412,10941,
29431,11633,
29451,10935,
29471,10855,
29491,11653,
29511,10771,
29531,11007,
29550,10890,
29570,10881,
29590,11241,
29610,10747,
29630,11070,
29649,11593,
29669,10878,
29689,10979,
29709,11097,
29728,11108,
29748,11288,
29768,10791,
29788,11001,
29808,11418,
29827,10920,
29847,11174,
29867,11104,
29887,10849,
29907,11680,
29927,11136,
29946,11181,
29966,11094,
29986,11253,
30006,11689,
30026,11275,
30045,11291,
30065,11028,
30085,11573,
30105,11482,
30125,11029,
30144,11368,
30164,11687,
30184,11450,
30204,11032,
30224,11342,
30243,11084,
30263,11114,
30283,10939,
30303,10940,
30323,11397,
30342,10957,
30362,11003,
30382,10957,
30402,11308,
30422,11501,
30442,11288,
30461,11468,
30481,10997,
30501,11049,
30521,11259,
30540,11442,
30560,10863,
30580,10876,
30600,11196,
30620,11007,
30639,11252,
30659,10971,
30679,10883,
30699,11095,
30719,11049,
30738,11372,
30758,11075,
30778,11196,
30798,11400,
30818,11346,
30838,11216,
30857,11040,
30877,11510,
30897,11340,
30917,11280,
30937,10819,
30956,11438,
30976,10928,
30996,11001,
31016,10973,
31035,11156,
31055,11571,
31075,11513,
31095,11591,
31115,10896,
31134,11274,
31154,11358,
31174,11574,
31194,11031,
31214,10844,
31234,11016,
31253,10823,
31273,11442,
31293,10814,
31313,10978,
31333,11137,
31352,10999,
31372,11020,
31392,10966,
31412,10766,
31432,11643,
31451,10901,
31471,11069,
31491,10926,
31511,10963,
31531,11226,
31550,10937,
31570,10989,
31590,11125,
31610,11283,
31630,11379,
31649,11057,
31669,11479,
31689,11272,
31709,11638,
31729,11562,
31748,11123,
31768,11267,
31788,11455,
31808,11701,
31828,11322,
31847,11013,
31867,10923,
31887,10955,
31907,11608,
31927,11133,
31946,11096,
31966,11132,
31986,11308,
32006,11082,
32026,11469,
32045,11379,
32065,11629,
32085,10980,
32105,11068,
32125,11015,
32145,11401,
32164,10978,
32184,10798,
32204,10975,
32224,11181,
32244,11217,
32263,11559,
32283,11547,
32303,11546,
32323,10948,
32342,10855,
32362,10923,
32382,11332,
32402,10894,
32422,11137,
32441,11085,
32461,10944,
32481,11466,
32501,11396,
32521,11414,
32540,11024,
32560,11516,
32580,11421,
32600,11687,
32620,11561,
32640,10997,
32659,10995,
32679,11025,
32699,11671,
32719,10846,
32739,11321,
32758,11149,
32778,11281,
32798,10944,
32818,11168,
32838,11428,
32857,11625,
32877,10924,
32897,11043,
32917,10897,
32936,11079,
32956,10971,
32976,11557,
32996,11607,
33016,11626,
33036,11044,
33055,10995,
33075,10848,
33095,10745,
33115,11805,
33135,11040,
33154,11088,
33174,10930,
33194,11177,
33214,11591,
33234,11261,
33253,11114,
33273,10983,
33293,11510,
33313,11664,
33333,11677,
33352,11359,
33372,11036,
33392,10914,
33412,10974,
33432,11381,
33451,11200,
33471,11149,
33491,11058,
33511,11319,
33531,11020,
33551,11534,
33570,11562,
33590,11312,
33610,11100,
33630,11137,
33649,11558,
33669,11206,
33689,11238,
33709,10911,
33729,10886,
33748,11235,
33768,10991,
33788,11236,
33808,11163,
33828,11212,
33847,11127,
33867,11546,
33887,11536,
33907,11081,
33927,11519,
33947,11196,
33966,11648,
33986,11629,
34006,10978,
34026,11172,
34046,11548,
34065,11450,
34085,11296,
34105,11106,
34125,11391,
34145,11203,
34164,11339,
34184,10910,
34204,10920,
34224,11014,
34243,11319,
34263,11679,
34283,11460,
34303,11418,
34323,11001,
34342,11222,
34362,11374,
34382,11580,
34402,11229,
34422,10923,
34442,11064,
34461,11347,
34481,11268,
34501,11041,
34521,11344,
34541,11685,
34560,11164,
34580,11033,
34600,10948,
34620,11015,
34640,11676,
34659,10888,
34679,10929,
34699,11008,
34719,10902,
34739,11270,
34758,10925,
34778,10841,
34798,11392,
34818,11025,
34838,11047,
34858,10868,
34877,11017,
34897,11383,
34917,11483,
34937,11534,
34956,11157,
34976,11423,
34996,10943,
35016,11172,
35036,10858,
35055,11561,
35075,10977,
35095,11037,
35115,10981,
35135,11029,
35154,11171,
35174,11090,
35194,10919,
35214,11390,
35234,11485,
35253,11250,
35273,11054,
35293,11577,
35313,11419,
35333,11580,
35353,11689,
35372,11103,
35392,11080,
35412,11444,
35432,11647,
35452,10890,
35471,10937,
35491,10923,
35511,10913,
35531,11381,
35551,10915,
35570,10928,
35590,11366,
35610,10805,
35630,11224,
35649,10957,
35669,10983,
35689,11207,
35709,11260,
35729,11156,
35749,11165,
35768,11431,
35788,11304,
35808,11417,
35828,11506,
35848,11242,
35867,10845,
35887,10912,
35907,11075,
35927,10893,
35947,11631,
35966,11162,
35986,11358,
36006,11047,
36026,11132,
36046,11061,
36065,11153,
36085,10895,
36105,11258,
36125,10902,
36145,10857,
36164,11300,
36184,11065,
36204,11243,
36224,11177,
36244,11502,
36263,10988,
36283,11368,
36303,11487,
36323,11527,
36343,10864,
36362,10986,
36382,10951,
36402,10894,
36422,11588,
36442,11335,
36461,11325,
36481,11022,
36501,11648,
36521,11311,
36541,11699,
36560,11397,
36580,11054,
36600,10898,
36620,11088,
36640,11638,
36659,10943,
36679,11053,
36699,10879,
36719,11011,
36739,11595,
36759,11099,
36778,11116,
36798,11108,
36818,11078,
36838,11603,
36858,11249,
36877,11278,
36897,11027,
36917,11305,
36937,11142,
36957,11049,
36976,11326,
36996,11486,
37016,11456,
37036,11445,
37055,11002,
37075,11437,
37095,11470,
37115,11760,
37135,11126,
37155,11034,
37174,10845,
37194,11038,
37214,11546,
37234,10894,
37254,10887,
37273,11176,
37293,10882,
37313,11082,
37333,10856,
37353,11260,
37372,11324,
37392,11357,
37412,11526,
37432,11480,
37452,11451,
37471,11260,
37491,11476,
37511,11488,
37531,10996,
37551,11523,
37570,11485,
37590,11662,
37610,11534,
37630,11015,
37650,11367,
37669,11652,
37689,11375,
37709,11486,
37729,11273,
37749,11593,
37768,11530,
37788,11013,
37808,11503,
37828,11476,
37848,11281,
37867,11554,
37887,11043,
37907,11432,
37927,11245,
37947,11280,
37966,10887,
37986,11049,
38006,11578,
38026,10973,
38046,10924,
38066,10823,
38085,10843,
38105,11646,
38125,10802,
38145,10899,
38165,11239,
38184,10865,
38204,11046,
38224,10817,
38244,10851,
38264,11673,
38283,10990,
38303,11142,
38323,10980,
38343,11292,
38362,11171,
38382,11466,
38402,11551,
38422,11331,
38442,11064,
38461,10977,
38481,11165,
38501,10785,
38521,11291,
38541,10945,
38561,10952,
38580,11158,
38600,11009,
38620,11178,
38640,11028,
38660,10962,
38679,11600,
38699,11322,
38719,11166,
38739,10912,
38759,11495,
38778,11487,
38798,11665,
38818,11277,
38838,11048,
38858,10759,
38877,10927,
38897,11591,
38917,10786,
38937,10877,
38957,10888,
38976,10932,
38996,11208,
39016,10801,
39036,11241,
39056,11610,
39075,11231,
39095,11001,
39115,11472,
39135,11283,
39155,11113,
39174,10876,
39194,10927,
39214,11382,
39234,10877,
39254,10934,
39273,11074,
39293,11340,
39313,10974,
39333,11396,
39353,11469,
39372,11417,
39392,11621,
39412,11321,
39432,11556,
39452,11541,
39472,11008,
39491,11453,
39511,11551,
39531,11124,
39551,11369,
39571,11442,
39590,11498,
39610,11385,
39630,11026,
39650,11222,
39670,11160,
39689,11638,
39709,11430,
39729,10890,
39749,11278,
39769,11344,
39788,11354,
39808,10894,
39828,11107,
39848,11303,
39867,10893,
39887,11225,
39907,10812,
39927,10880,
39947,11156,
39967,11012,
39986,11217,
40006,11199,
40026,11433,
40046,10988,
40066,11267,
40085,11408,
40105,11390,
40125,11286,
40145,10895,
40165,11485,
40184,11355,
40204,11009,
40224,10939,
40244,11255,
40264,11678,
40283,10922,
40303,10898,
40323,10866,
40343,10850,
40363,11519,
40383,10865,
40402,10919,
40422,11227,
40442,10867,
40462,10967,
40482,10818,
40501,10816,
40521,11417,
40541,10872,
40561,10992,
40580,10846,
40600,11197,
40620,11639,
40640,11498,
40660,11426,
40679,11097,
40699,11423,
40719,11442,
40739,11657,
40759,11480,
40778,10878,
40798,11157,
40818,11317,
40838,11546,
40858,10919,
40877,10969,
40897,11035,
40917,10908,
40937,11695,
40957,11283,
40977,11078,
40996,10900,
41016,11223,
41036,11514,
41056,11370,
41076,11560,
41095,10867,
41115,11217,
41135,11557,
41155,11239,
41175,11436,
41194,11608,
41214,11724,
41234,11481,
41254,10970,
41274,11011,
41293,11022,
41313,11752,
41333,10883,
41353,10962,
41373,10960,
41392,10947,
41412,11569,
41432,10963,
41452,10853,
41472,11316,
41491,10922,
41511,11291,
41531,10953,
41551,10976,
41571,11201,
41590,11420,
41610,11324,
41630,11150,
41650,11593,
41670,11215,
41689,11328,
41709,11083,
41729,11407,
41749,10813,
41769,11076,
41789,10916,
41808,10927,
41828,11664,
41848,11502,
41868,11421,
41887,11450,
41907,10941,
41927,11177,
41947,10945,
41967,11295,
41986,11414,
42006,11506,
42026,11453,
42046,11382,
42066,10823,
42085,11050,
42105,11029,
42125,11068,
42145,11566,
42165,11284,
42184,11424,
42204,11025,
42224,11226,
42244,11024,
42264,11336,
42284,10828,
42303,11155,
42323,10835,
42343,10959,
42363,11467,
42383,10937,
42402,11060,
42422,10998,
42442,10936,
42462,11555,
42481,11215,
42501,11174,
42521,11088,
42541,11393,
42561,11369,
42580,11430,
42600,11076,
42620,11165,
42640,10803,
42660,10815,
42679,11382,
42699,10828,
42719,11008,
42739,10995,
42759,10996,
42779,11684,
42798,11139,
42818,11375,
42838,11035,
42858,11592,
42878,11465,
42897,11540,
42917,11510,
42937,11120,
42957,10902,
42977,10879,
42996,11193,
43016,10855,
43036,11279,
43056,10976,
43076,11002,
43095,11047,
43115,11320,
43135,11678,
43155,11325,
43175,11444,
43194,10951,
43214,11096,
43234,10890,
43254,11731,
43274,10915,
43293,11009,
43313,10869,
43333,10979,
43353,11659,
43373,11145,
43392,11176,
43412,10837,
43432,11598,
43452,11662,
43472,11677,
43491,11129,
43511,11051,
43531,10891,
43551,10819,
43571,11529,
43590,10998,
43610,11125,
43630,10955,
43650,11318,
43670,11351,
43689,11482,
43709,11616,
43729,11122,
43749,11056,
43769,10893,
43789,10910,
43808,10911,
43828,11512,
43848,11256,
43868,11333,
43888,11155,
43907,11470,
43927,11396,
43947,11666,
43967,11404,
43986,10948,
44006,10837,
44026,10981,
44046,11381,
44066,11024,
44085,11055,
44105,10994,
44125,11113,
44145,11213,
44165,11455,
44185,11561,
44204,11056,
44224,11465,
44244,11522,
44264,11500,
44284,11618,
44303,10968,
44323,11207,
44343,11343,
44363,11693,
44383,10913,
44402,10813,
44422,11227,
44442,11067,
44462,11363,
44482,10866,
44501,10833,
44521,11222,
44541,10893,
44561,11124,
44581,11003,
44600,10899,
44620,11758,
44640,10928,
44660,10937,
44680,11170,
44699,10817,
44719,11059,
44739,10920,
44759,11196,
44779,11144,
44798,10904,
44818,11126,
44838,11543,
44858,11091,
44878,10935,
44897,10897,
44917,11054,
44937,11480,
44957,10849,
44977,10867,
44996,10918,
45016,10835,
45036,11015,
45056,10820,
45076,10886,
45096,11663,
45115,10865,
45135,11089,
45155,11018,
45175,10919,
45195,11340,
45214,10918,
45234,10948,
45254,10922,
45274,11224,
45294,11598,
45313,11486,
45333,11541,
45353,10928,
45373,11348,
45392,11561,
45412,11326,
45432,11234,
45452,11002,
45472,11349,
45491,10950,
45511,11277,
45531,10894,
45551,10927,
45571,11284,
45591,10925,
45610,10949,
45630,10957,
45650,10853,
45670,11319,
45690,10809,
45709,10935,
45729,11665,
45749,10796,
45769,10903,
45789,11052,
45808,11219,
45828,11022,
45848,11166,
45868,11469,
45888,11314,
45907,11613,
45927,11640,
45947,11062,
45967,10967,
45987,11705,
46007,10964,
46026,10879,
46046,11392,
46066,10963,
46086,10792,
46105,11317,
46125,11477,
46145,11027,
46165,11501,
46185,11453,
46204,11099,
46224,11314,
46244,11744,
46264,11263,
46284,11033,
46303,10973,
46323,11199,
46343,11205,
46363,11006,
46383,10978,
46403,11616,
46422,11034,
46442,10930,
46462,11442,
46482,10962,
46502,10957,
46521,10830,
46541,10942,
46561,11418,
46581,11037,
46600,10906,
46620,10973,
46640,11084,
46660,11272,
46680,11226,
46700,11373,
46719,11286,
46739,11394,
46759,11359,
46779,11037,
46799,11455,
46818,11172,
46838,11516,
46858,11029,
46878,11204,
46898,10893,
46917,11032,
46937,10845,
46957,11336,
46977,11716,
46997,11655,
47016,11443,
47036,10961,
47056,10827,
47076,10876,
47096,11467,
47115,10827,
47135,11021,
47155,11008,
47175,10998,
47195,11452,
47214,11335,
47234,11587,
47254,11348,
47274,11251,
47294,10914,
47313,10845,
47333,10901,
47353,11535,
47373,10967,
47393,11096,
47412,10897,
47432,11159,
47452,11653,
47472,11297,
47492,11396,
47511,10897,
47531,11398,
47551,11569,
47571,11441,
47591,11340,
47610,11162,
47630,11587,
47650,11580,
47670,10957,
47690,11348,
47710,11485,
47729,11635,
47749,11484,
47769,11154,
47789,11430,
47809,11516,
47828,11040,
47848,11464,
47868,11650,
47888,11439,
47907,11477,
47927,10970,
47947,11334,
47967,11453,
47987,11081,
48006,11008,
48026,11203,
48046,11605,
48066,11169,
48086,10993,
48106,10858,
48125,10899,
48145,11441,
48165,11012,
48185,11068,
48205,11024,
48224,11373,
48244,11277,
48264,11552,
48284,11359,
48304,11055,
48323,11271,
48343,11174,
48363,11486,
48383,11138,
48403,11013,
48422,10833,
48442,10934,
48462,11457,
48482,10944,
48502,11116,
48521,10924,
48541,11056,
48561,11693,
48581,11088,
48601,11063,
48620,11000,
48640,11320,
48660,11456,
48680,11232,
48700,11293,
48719,10992,
48739,11360,
48759,11600,
48779,11461,
48799,11270,
48818,10954,
48838,11228,
48858,11117,
48878,11119,
48898,10955,
48917,11177,
48937,11590,
48957,10853,
48977,10999,
48997,11117,
49016,11124,
49036,10892,
49056,11492,
49076,11609,
49096,11451,
49116,11232,
49135,10959,
49155,10967,
49175,10859,
49195,11552,
49215,10960,
49234,11003,
49254,11032,
49274,11160,
49294,11598,
49314,11404,
49333,11290,
49353,10924,
49373,11604,
49393,11595,
49412,11368,
49432,11566,
49452,11198,
49472,11545,
49492,11551,
49511,10927,
49531,11480,
49551,11585,
49571,11500,
49591,11164,
49611,11030,
49630,10929,
49650,10852,
49670,11462,
49690,10928,
49710,10931,
49729,11738,
49749,11106,
49769,10884,
49789,11362,
49809,11543,
49828,10923,
49848,11455,
49868,11478,
49888,11137,
49908,11218,
49927,11441,
49947,11359,
49967,11133,
49987,10967,
50007,11249,
50026,11380,
50046,11221,
50066,11086,
50086,11693,
50106,11205,
50125,11149,
50145,10848,
50165,11287,
50185,11512,
50205,11348,
50224,11380,
50244,11220,
50264,11322,
50284,11178,
50304,11014,
50324,11488,
50343,11680,
50363,11529,
50383,11325,
50403,10929,
50423,11479,
50442,11193,
50462,10890,
50482,11257,
50502,11465,
50522,11104,
50541,11121,
50561,11490,
50581,11169,
50601,10909,
50620,10912,
50640,10855,
50660,10955,
50680,10953,
50700,10984,
50720,11258,
50739,10947,
50759,11069,
50779,11644,
50799,11120,
50819,11026,
50838,11269,
50858,11373,
50878,11211,
50898,11070,
50918,11279,
50937,11599,
50957,11407,
50977,10924,
50997,11479,
51017,11499,
51036,10936,
51056,11365,
51076,11602,
51096,11653,
51116,10991,
51135,10976,
51155,10896,
51175,10845,
51195,11601,
51215,10862,
51235,11011,
51254,10878,
51274,10953,
51294,11585,
51314,11080,
51333,10823,
51353,11229,
51373,10972,
51393,11115,
51413,10961,
51432,11059,
51452,11597,
51472,11146,
51492,10943,
51512,10955,
51531,11242,
51551,11241,
51571,11125,
51591,11165,
51611,11613,
51631,11106,
51650,11085,
51670,10972,
51690,11600,
51710,11642,
51730,11523,
51749,11503,
51769,10924,
51789,11475,
51809,11487,
51829,11178,
51848,11557,
51868,11431,
51888,11568,
51908,11280,
51928,10929,
51947,10909,
51967,11373,
51987,11734,
52007,10782,
52026,10889,
52046,10943,
52066,10924,
52086,11422,
52106,10807,
52126,10844,
52145,11336,
52165,10805,
52185,11027,
52205,10956,
52225,10865,
52244,11423,
52264,10853,
52284,10812,
52304,11508,
52324,10820,
52343,10966,
52363,10985,
52383,10937,
52403,11639,
52423,11093,
52442,11043,
52462,10940,
52482,11210,
52502,11700,
52522,11367,
52541,11472,
52561,10872,
52581,11326,
52601,11347,
52621,11595,
52641,10874,
52660,10954,
52680,11027,
52700,11250,
52720,11249,
52739,10950,
52759,11037,
52779,11701,
52799,10871,
52819,10990,
52838,10985,
52858,11387,
52878,11207,
52898,11127,
52918,11083,
52937,11664,
52957,10934,
52977,11053,
52997,10820,
53017,10939,
53037,11499,
53056,11034,
53076,10905,
53096,10943,
53116,10966,
53136,11639,
53155,11144,
53175,11118,
53195,10871,
53215,11576,
53235,11409,
53254,11544,
53274,11213,
53294,11021,
53314,10832,
53334,10940,
53353,11233,
53373,11104,
53393,11358,
53413,11204,
53433,11535,
53452,10955,
53472,11112,
53492,11301,
53512,11636,
53532,10849,
53551,10836,
53571,10918,
53591,10916,
53611,11647,
53631,11429,
53650,11571,
53670,11331,
53690,11105,
53710,11026,
53730,11209,
53749,10876,
53769,11345,
53789,10954,
53809,11067,
53829,10868,
53848,11107,
53868,11540,
53888,11370,
53908,11318,
53928,10943,
53947,11238,
53967,11099,
53987,11499,
54007,10847,
54027,11286,
54046,11052,
54066,11045,
54086,10982,
54106,11501,
54126,11585,
54145,11542,
54165,10928,
54185,11061,
54205,10865,
54225,10958,
54244,11512,
54264,11277,
54284,11340,
54304,11305,
54324,11425,
54343,10936,
54363,10878,
54383,10941,
54403,11383,
54423,11487,
54442,11572,
54462,11562,
54482,11220,
54502,10877,
54522,10879,
54541,10901,
54561,11487,
54581,11229,
54601,11355,
54621,11346,
54641,11499,
54660,10964,
54680,11068,
54700,11039,
54720,11709,
54740,10908,
54759,10994,
54779,11042,
54799,11069,
54819,11535,
54839,11270,
54858,11475,
54878,10991,
54898,11347,
54918,11438,
54937,11615,
54957,10909,
54977,11063,
54997,10785,
55017,10914,
55037,11552,
55056,10917,
55076,10929,
55096,11097,
55116,10774,
55136,11408,
55155,10854,
55175,10884,
55195,10995,
55215,11462,
55235,11601,
55254,11291,
55274,11509,
55294,10864,
55314,11314,
55334,11583,
55353,11576,
55373,10775,
55393,10887,
55413,10951,
55433,10855,
55452,11539,
55472,10944,
55492,10873,
55512,11204,
55532,10958,
55551,11191,
55571,11108,
55591,11148,
55611,11330,
55631,11354,
55650,11529,
55670,11104,
55690,11525,
55710,11052,
55730,11424,
55749,11422,
55769,10937,
55789,11476,
55809,11583,
55829,11129,
55848,11580,
55868,11529,
55888,11569,
55908,11263,
55928,11117,
55947,11317,
55967,10989,
55987,10857,
56007,11007,
56027,11547,
56047,11234,
56066,11172,
56086,11006,
56106,11412,
56126,11134,
56146,11101,
56165,11414,
56185,11672,
56205,11257,
56225,11300,
56244,10838,
56264,11497,
56284,11449,
56304,11658,
56324,11236,
56344,10971,
56363,11061,
56383,11302,
56403,11145,
56423,11274,
56443,11261,
56462,11791,
56482,11307,
56502,11033,
56522,11531,
56542,11427,
56561,10917,
56581,11527,
56601,11465,
56621,11154,
56641,11545,
56660,11233,
56680,11589,
56700,11535,
56720,11005,
56740,11286,
56759,11031,
56779,11291,
56799,10822,
56819,11152,
56839,10839,
56858,11003,
56878,11745,
56898,10877,
56918,10969,
56938,10980,
56957,10814,
56977,11534,
56997,11003,
57017,11028,
57037,10835,
57056,11335,
57076,11617,
57096,11599,
57116,11495,
57136,10982,
57155,10851,
57175,10892,
57195,11413,
57215,10994,
57235,11493,
57255,11651,
57274,11540,
57294,11081,
57314,10831,
57334,10971,
57354,11745,
57373,10835,
57393,11002,
57413,10975,
57433,11032,
57452,11613,
57472,11150,
57492,11190,
57512,11006,
57532,11490,
57551,11563,
57571,11693,
57591,11583,
57611,11122,
57631,10837,
57651,10802,
57670,11455,
57690,10846,
57710,11139,
57730,11117,
57750,10921,
57769,11052,
57789,11319,
57809,11379,
57829,11064,
57849,11580,
57868,11255,
57888,11595,
57908,11557,
57928,11118,
57948,10945,
57967,11347,
57987,11606,
58007,11297,
58027,11004,
58047,11243,
58066,11319,
58086,11187,
58106,10969,
58126,11079,
58146,11613,
58165,10996,
58185,11029,
58205,10933,
58225,10879,
58245,11263,
58264,11265,
58284,11359,
58304,11097,
58324,11562,
58344,11201,
58363,11539,
58383,11648,
58403,11178,
58423,11175,
58443,11016,
58462,11025,
58482,10943,
58502,11435,
58522,11002,
58542,11025,
58561,10975,
58581,11353,
58601,11588,
58621,11307,
58641,11424,
58661,11045,
58680,11487,
58700,11626,
58720,11215,
58740,11408,
58760,11105,
58779,11410,
58799,11219,
58819,11161,
58839,10982,
58859,10913,
58878,11428,
58898,11100,
58918,11501,
58938,11473,
58957,11477,
58977,10982,
58997,10823,
59017,10876,
59037,11513,
59056,10824,
59076,11100,
59096,11151,
59116,11283,
59136,11036,
59156,11477,
59175,11427,
59195,11634,
59215,10865,
59235,11254,
59255,11080,
59274,11221,
59294,10985,
59314,11427,
59334,11453,
59354,11697,
59373,10826,
59393,11043,
59413,10900,
59433,10977,
59453,11196,
59472,11575,
59492,11449,
59512,11415,
59532,11165,
59551,11032,
59571,11115,
59591,11086,
59611,11019,
59631,11311,
59651,10993,
59670,11173,
59690,10863,
59710,11235,
59730,11207,
59750,11497,
59769,11069,
59789,10981,
59809,11229,
59829,11478,
59849,10839,
59868,11123,
59888,10924,
59908,11054,
59928,10941,
59948,11399,
59967,11583,
59987,11504,
60007,11171,
60027,10850,
60047,10833,
60066,10830,
60086,11320,
60106,11250,
60126,11473,
60146,11647,
60166,10966,
60185,11028,
60205,10892,
60225,11021,
60245,10844,
60264,11368,
60284,11583,
60304,11579,
60324,11211,
60344,10916,
60363,10825,
60383,10896,
60403,10943,
60423,11340,
60443,11573,
60462,11393,
60482,11584,
60502,10940,
60522,10952,
60542,10871,
60561,11350,
60581,10966,
60601,11206,
60621,11124,
60641,11502,
60661,10830,
60680,10776,
60700,10853,
60720,11215,
60740,10934,
60760,11268,
60779,11198,
60799,11283,
60819,11231,
60839,11491,
60859,11329,
60878,11085,
60898,11424,
60918,11322,
60938,11638,
60958,11503,
60977,11120,
60997,10848,
61017,11128,
61037,11583,
61056,10893,
61076,11200,
61096,10997,
61116,11165,
61136,10991,
61155,11509,
61175,11559,
61195,11536,
61215,10920,
61235,11015,
61255,10963,
61274,11029,
61294,11221,
61314,11375,
61334,11545,
61354,11477,
61373,11049,
61393,10999,
61413,10859,
61433,10827,
61453,11587,
61472,11035,
61492,11202,
61512,10973,
61532,11579,
61552,10930,
61571,11168,
61591,11085,
61611,11513,
61631,11052,
61651,11097,
61670,10929,
61690,11378,
61710,11236,
61730,11557,
61750,11458,
61769,11188,
61789,10936,
61809,11253,
61829,11635,
61849,10986,
61868,11015,
61888,10803,
61908,10865,
61928,11180,
61948,11153,
61967,11288,
61987,11093,
62007,11401,
62027,11207,
62047,11604,
62066,11562,
62086,10961,
62106,11504,
62126,11649,
62146,11295,
62165,11337,
62185,11236,
62205,11537,
62225,11568,
62245,11133,
62264,11283,
62284,11181,
62304,11459,
62324,10877,
62344,11449,
62364,10982,
62383,11006,
62403,10959,
62423,11185,
62443,11493,
62463,11144,
62482,11239,
62502,11129,
62522,11392,
62542,11218,
62561,11025,
62581,11445,
62601,11564,
62621,11633,
62641,11541,
62660,10987,
62680,11044,
62700,11055,
62720,11598,
62740,10905,
62759,11133,
62779,11049,
62799,11113,
62819,10958,
62839,11595,
62859,11461,
62878,11729,
62898,10836,
62918,11023,
62938,10928,
62958,10820,
62977,11636,
62997,11116,
63017,11307,
63037,11105,
63057,11603,
63076,11050,
63096,11194,
63116,11041,
63136,11593,
63156,11036,
63175,11198,
63195,11097,
63215,11665,
63235,10893,
63255,11010,
63274,10985,
63294,11461,
63314,10949,
63334,10925,
63354,10967,
63373,10964,
63393,11594,
63413,11301,
63433,11451,
63453,11247,
63472,11017,
63492,10949,
63512,11022,
63532,10848,
63552,11467,
63571,11068,
63591,11277,
63611,11026,
63631,11233,
63651,11200,
63670,11358,
63690,10861,
63710,11646,
63730,11210,
63750,11540,
63770,11162,
63789,11255,
63809,10852,
63829,11190,
63849,10936,
63869,11501,
63888,10981,
63908,10866,
63928,11139,
63948,10976,
63967,11246,
63987,11109,
64007,11059,
64027,11423,
64047,11321,
64066,11270,
64086,11025,
64106,11500,
64126,11443,
64146,11492,
64166,11208,
64185,11200,
64205,10804,
64225,11002,
64245,11021,
64265,11108,
64284,11627,
64304,11409,
64324,11601,
64344,10958,
64364,11267,
64383,11142,
64403,11611,
64423,10945,
64443,11301,
64462,11147,
64482,11127,
64502,11017,
64522,11400,
64542,11290,
64561,11766,
64581,10925,
64601,11108,
64621,10948,
64641,10907,
64661,11160,
64680,11300,
64700,11536,
64720,11241,
64740,11486,
64760,10898,
64779,10886,
64799,10828,
64819,11635,
64839,11126,
64859,11315,
64878,11188,
64898,11350,
64918,11501,
64938,11424,
64958,11489,
64977,11051,
64997,11510,
65017,11214,
65037,11572,
65057,10975,
65076,11025,
65096,10753,
65116,10985,
65136,11229,
65156,11147,
65175,11164,
65195,11096,
65215,11460,
65235,10889,
65255,11347,
65275,11380,
65294,11513,
65314,10993,
65334,10917,
65354,11243,
65373,11212,
65393,11051,
65413,10898,
65433,11214,
65453,11706,
65472,10921,
65492,10862,
65512,11105,
65532,10915,
65552,11592,
65571,10931,
65591,10956,
65611,11059,
65631,11090,
65651,11496,
65671,11339,
65690,11483,
65710,10982,
65730,11502,
65750,11575,
65770,11692,
65789,10981,
65809,11067,
65829,10874,
65849,10971,
65869,11600,
65888,10977,
65908,11121,
65928,11133,
65948,11676,
65968,10987,
65987,11180,
66007,10983,
66027,11688,
66047,10920,
66067,10851,
66086,11100,
66106,10919,
66126,11409,
66146,10893,
66165,10892,
66185,11618,
66205,10887,
66225,11030,
66245,11111,
66265,10996,
66284,11561,
66304,11129,
66324,10919,
66344,10945,
66364,11427,
66383,11508,
66403,11165,
66423,11439,
66443,11030,
66463,11530,
66482,11492,
66502,11133,
66522,11571,
66542,11615,
66562,11452,
66581,11580,
66601,11018,
66621,11580,
66641,11643,
66661,11188,
66680,11413,
66700,11458,
66720,11723,
66740,11625,
66760,10927,
66780,11435,
66799,11501,
66819,11039,
66839,11519,
66859,11657,
66879,11662,
66898,11522,
66918,10938,
66938,11331,
66958,11602,
66977,11223,
66997,11485,
67017,11074,
67037,11457,
67057,11233,
67076,11303,
67096,10904,
67116,10920,
67136,10974,
67156,11171,
67175,11666,
67195,11512,
67215,11452,
67235,11406,
67255,10867,
67275,11034,
67294,11047,
67314,10924,
67334,11510,
67354,11244,
67374,11389,
67393,11111,
67413,10978,
67433,10845,
67453,10906,
67473,11019,
67492,11742,
67512,11405,
67532,11245,
67552,10977,
67572,11487,
67591,11516,
67611,11579,
67631,11174,
67651,11072,
67670,11039,
67690,11371,
67710,11474,
67730,10889,
67750,10864,
67770,11183,
67789,10909,
67809,11245,
67829,10809,
67849,10972,
67869,11382,
67888,10960,
67908,11139,
67928,11094,
67948,11028,
67968,11641,
67987,10927,
68007,11045,
68027,10897,
68047,11397,
68067,11577,
68086,11559,
68106,11552,
68126,10969,
68146,11000,
68166,11054,
68185,11557,
68205,10921,
68225,11114,
68245,10908,
68265,11028,
68284,11147,
68304,11529,
68324,11575,
68344,11389,
68364,11418,
68384,10955,
68403,11056,
68423,10793,
68443,11582,
68463,10919,
68482,11006,
68502,11051,
68522,11048,
68542,11352,
68562,11067,
68581,11197,
68601,11083,
68621,11380,
68641,11316,
68661,11215,
68680,11433,
68700,11152,
68720,11510,
68740,11565,
68760,11053,
68780,11251,
68799,11423,
68819,11707,
68839,11214,
68859,11074,
68879,10840,
68898,10943,
68918,11647,
68938,10884,
68958,10990,
68978,10960,
68997,10981,
69017,11580,
69037,11202,
69057,11080,
69077,10938,
69096,11484,
69116,11770,
69136,11552,
69156,11363,
69175,11122,
69195,10829,
69215,10928,
69235,11369,
69255,11044,
69275,11449,
69294,11472,
69314,11637,
69334,11104,
69354,10988,
69374,10868,
69393,11109,
69413,11258,
69433,11651,
69453,11561,
69473,11621,
69492,11113,
69512,10838,
69532,10851,
69552,11047,
69572,11345,
69591,11433,
69611,11597,
69631,11364,
69651,11418,
69671,10882,
69690,10971,
69710,10967,
69730,11331,
69750,10963,
69770,11011,
69789,10835,
69809,11641,
69829,11245,
69849,11343,
69869,11325,
69888,11517,
69908,10955,
69928,10849,
69948,10925,
69968,11302,
69987,11404,
70007,11647,
70027,11692,
70047,11205,
70067,11077,
70086,11000,
70106,10936,
70126,10886,
70146,11514,
70166,11447,
70185,11516,
70205,10776,
70225,11568,
70245,11171,
70265,11110,
70284,11074,
70304,11501,
70324,11532,
70344,11575,
70364,11100,
70384,11298,
70403,10876,
70423,11067,
70443,11018,
70463,11542,
70482,11328,
70502,11138,
70522,10943,
70542,11519,
70562,10944,
70581,11174,
70601,11147,
70621,11455,
70641,10957,
70661,11019,
70680,10844,
70700,11785,
70720,11309,
70740,11504,
70760,11384,
70780,10884,
70799,10985,
70819,11036,
70839,11216,
70859,10933,
70879,11371,
70898,11287,
70918,11409,
70938,10929,
70958,11455,
70978,11417,
70997,11630,
71017,11108,
71037,10876,
71057,10967,
71077,10955,
71096,11215,
71116,11559,
71136,11534,
71156,11508,
71176,11264,
71195,10751,
71215,11063,
71235,10970,
71255,11248,
71275,11257,
71294,11574,
71314,11581,
71334,11196,
71354,10936,
71374,10856,
71393,11081,
71413,10989,
71433,11691,
71453,11223,
71473,11226,
71492,10943,
71512,11570,
71532,11559,
71552,11625,
71572,11302,
71591,11295,
71611,10884,
71631,11065,
71651,10952,
71671,11313,
71690,11621,
71710,11597,
71730,11461,
71750,11105,
71770,10860,
71789,10938,
71809,10972,
71829,11121,
71849,11543,
71869,11530,
71888,11575,
71908,10943,
71928,10992,
71948,11044,
71968,11357,
71987,10952,
72007,11238,
72027,11188,
72047,11219,
72067,10984,
72086,10914,
72106,11029,
72126,11413,
72146,10884,
72166,11374,
72185,11157,
72205,11436,
72225,11131,
72245,10965,
72265,10911,
72284,11001,
72304,11042,
72324,11543,
72344,11484,
72364,11304,
72383,11632,
72403,10905,
72423,11003,
72443,11053,
72463,11340,
72483,10965,
72502,11304,
72522,11440,
72542,11634,
72562,10896,
72582,11007,
72601,11195,
72621,11505,
72641,10988,
72661,10903,
72680,10928,
72700,11473,
72720,11115,
72740,11303,
72760,11228,
72779,11576,
72799,10975,
72819,10890,
72839,10856,
72859,11221,
72878,11078,
72898,11242,
72918,11165,
72938,11408,
72958,11033,
72978,11225,
72997,11274,
73017,11646,
73037,10821,
73057,11142,
73077,11176,
73096,11237,
73116,10976,
73136,10998,
73156,10929,
73176,10936,
73195,11195,
73215,11356,
73235,11167,
73255,10874,
73275,11211,
73294,11656,
73314,11174,
73334,11098,
73354,11200,
73374,11580,
73393,11172,
73413,10898,
73433,11343,
73453,11526,
73472,11467,
73492,11472,
73512,11113,
73532,11471,
73552,11341,
73572,10854,
73591,11103,
73611,11533,
73631,11659,
73651,11592,
73671,11047,
73690,11173,
73710,11104,
73730,11188,
73750,11070,
73770,10857,
73789,10902,
73809,11073,
73829,11520,
73849,10921,
73869,10753,
73888,10888,
73908,11056,
73928,11482,
73948,11670,
73968,11587,
73987,10951,
74007,11517,
74027,11043,
74047,11374,
74067,11084,
74086,10991,
74106,10875,
74126,10875,
74146,10953,
74166,11358,
74185,11471,
74205,11716,
74225,11510,
74245,10875,
74265,10942,
74284,10905,
74304,11060,
74324,11133,
74344,11358,
74364,11304,
74383,11624,
74403,11029,
74423,11369,
74443,11241,
74463,11497,
74482,11007,
74502,11042,
74522,11165,
74542,11333,
74562,10994,
74581,11403,
74601,11397,
74621,11607,
74641,11080,
74661,10911,
74680,10841,
74700,10897,
74720,11252,
74740,11564,
74760,11557,
74779,11295,
74799,11676,
74819,10964,
74839,10901,
74859,11010,
74879,11569,
74898,11221,
74918,11273,
74938,10980,
74958,11717,
74977,11031,
74997,11147,
75017,11091,
75037,11643,
75057,10888,
75076,10907,
75096,10838,
75116,11214,
75136,11436,
75156,11681,
75175,11749,
75195,10877,
75215,11210,
75235,11138,
75255,11109,
75274,11075,
75294,11301,
75314,11078,
75334,10956,
75354,10954,
75374,11419,
75393,11410,
75413,11012,
75433,11347,
75453,11047,
75473,11731,
75492,11647,
75512,10984,
75532,11403,
75552,10900,
75572,10984,
75591,10914,
75611,11520,
75631,11672,
75651,11664,
75670,10973,
75690,11672,
75710,10985,
75730,11145,
75750,11186,
75769,11394,
75789,10849,
75809,10871,
75829,10935,
75849,11570,
75869,11275,
75888,11442,
75908,11525,
75928,10924,
75948,11035,
75968,10976,
75987,11153,
76007,10926,
76027,11509,
76047,11706,
76067,11596,
76086,10962,
76106,11015,
76126,10999,
76146,10944,
76166,11220,
76185,11429,
76205,11665,
76225,11615,
76245,10969,
76265,11099,
76284,10994,
76304,10944,
76324,11094,
76344,11505,
76364,11617,
76383,11590,
76403,11264,
76423,11016,
76443,10806,
76463,10946,
76482,11379,
76502,11023,
76522,11102,
76542,11165,
76562,11243,
76581,11316,
76601,11468,
76621,11459,
76641,11627,
76661,10874,
76680,11182,
76700,11206,
76720,11511,
76740,11054,
76760,10805,
76779,10940,
76799,11582,
76819,10905,
76839,11109,
76859,11039,
76878,11143,
76898,11437,
76918,11482,
76938,11490,
76958,11447,
76977,11220,
76997,10870,
77017,10993,
77037,10995,
77057,11446,
77076,11514,
77096,11540,
77116,11681,
77136,10915,
77156,11166,
77175,11147,
77195,11219,
77215,10942,
77235,11435,
77255,11572,
77275,11656,
77294,11423,
77314,10945,
77334,11006,
77354,11096,
77373,11236,
77393,10877,
77413,10994,
77433,10923,
77453,10996,
77472,11657,
77492,11139,
77512,11084,
77532,11192,
77552,11292,
77572,11302,
77591,11105,
77611,11413,
77631,11255,
77651,11506,
77671,11531,
77690,11094,
77710,11364,
77730,11525,
77750,11588,
77770,11499,
77789,10944,
77809,10998,
77829,11052,
77849,11777,
77869,10954,
77888,10984,
77908,10887,
77928,11006,
77948,11613,
77967,11274,
77987,11353,
78007,11124,
78027,11447,
78047,11179,
78067,11381,
78086,10985,
78106,11230,
78126,10851,
78146,10949,
78166,11100,
78185,11016,
78205,11371,
78225,11034,
78245,11064,
78265,11375,
78284,11436,
78304,11329,
78324,11096,
78344,11521,
78364,11124,
78383,11625,
78403,11407,
78423,11162,
78443,10811,
78463,10935,
78482,11088,
78502,10931,
78522,11634,
78542,11420,
78562,11521,
78582,11056,
78601,10795,
78621,10950,
78641,11071,
78661,10936,
78680,11691,
78700,11386,
78720,11585,
78740,11036,
78760,11373,
78779,11280,
78799,11678,
78819,11110,
78839,11006,
78859,10792,
78878,10898,
78898,11389,
78918,11213,
78938,11521,
78958,11345,
78978,11465,
78997,10931,
79017,11051,
79037,10958,
79057,11591,
79077,11007,
79096,11162,
79116,11123,
79136,11374,
79156,11135,
79176,11441,
79195,11538,
79215,11460,
79235,11003,
79255,10891,
79274,10904,
79294,10922,
79314,11564,
79334,11355,
79354,11416,
79374,11390,
79393,10893,
79413,11007,
79433,10970,
79453,10988,
79473,11563,
79492,11187,
79512,11314,
79532,11238,
79552,11650,
79572,11482,
79591,11661,
79611,11494,
79631,11003,
79651,11129,
79671,11297,
79690,11649,
79710,10807,
79730,11208,
79750,11016,
79770,11067,
79789,11012,
79809,11615,
79829,11600,
79849,11630,
79869,10933,
79888,10997,
79908,10899,
79928,10826,
79948,11572,
79968,10977,
79987,11101,
80007,11039,
80027,11399,
80047,11193,
80067,11447,
80086,11467,
80106,11299,
80126,10804,
80146,11010,
80166,10948,
80185,11044,
80205,11406,
80225,11521,
80245,11532,
80265,11547,
80284,10910,
80304,11362,
80324,11274,
80344,11482,
80364,11080,
80383,10860,
80403,10936,
80423,11368,
80443,11086,
80463,11295,
80482,11368,
80502,11670,
80522,11080,
80542,10840,
80562,10794,
80582,10983,
80601,11407,
80621,11576,
80641,11717,
80661,11224,
80680,11236,
80700,10848,
80720,10967,
80740,10954,
80760,11405,
80779,11598,
80799,11657,
80819,11598,
80839,11133,
80859,10844,
80878,10972,
80898,11003,
80918,11088,
80938,11631,
80958,11416,
80977,11521,
80997,11009,
81017,10848,
81037,10910,
81057,11285,
81077,11000,
81096,11512,
81116,11360,
81136,11411,
81156,10972,
81176,11081,
81195,11111,
81215,11534,
81235,10889,
81255,11130,
81275,10881,
81294,11008,
81314,11432,
81334,11085,
81354,11156,
81373,11172,
81393,11600,
81413,10900,
81433,11265,
81453,11541,
81473,11177,
81492,11399,
81512,11340,
81532,11446,
81552,10815,
81572,11246,
81591,10926,
81611,11151,
81631,10960,
81651,11579,
81671,11215,
81690,11580,
81710,10974,
81730,11079,
81750,10923,
81770,10903,
81789,11057,
81809,11071,
81829,11616,
81849,11321,
81869,11363,
81888,10884,
81908,11316,
81928,11434,
81948,11622,
81968,10950,
81987,11131,
82007,11154,
82027,11143,
82047,11103,
82067,11513,
82086,11520,
82106,11544,
82126,11028,
82146,10859,
82166,11046,
82185,10930,
82205,11696,
82225,11200,
82245,11369,
82265,11335,
82284,11401,
82304,10868,
82324,11070,
82344,10958,
82364,11621,
82383,10872,
82403,10884,
82423,10927,
82443,11147,
82463,11593,
82483,11506,
82502,11562,
82522,11203,
82542,11263,
82562,11050,
82582,11382,
82601,10915,
82621,11344,
82641,11054,
82661,11069,
82680,10979,
82700,11448,
82720,11255,
82740,11371,
82760,10911,
82779,11766,
82799,11500,
82819,11567,
82839,11175,
82859,10891,
82878,10913,
82898,10967,
82918,10969,
82938,11421,
82958,11093,
82978,11116,
82997,10919,
83017,11607,
83037,11584,
83057,11715,
83077,11395,
83096,11033,
83116,11171,
83136,11254,
83156,11721,
83176,10947,
83195,10928,
83215,10979,
83235,10862,
83255,11436,
83275,10968,
83294,11154,
83314,11043,
83334,11476,
83354,11337,
83373,11611,
83393,11224,
83413,11173,
83433,10827,
83453,10886,
83473,11101,
83492,11131,
83512,11518,
83532,11307,
83552,11532,
83572,11116,
83591,11062,
83611,11290,
83631,11710,
83651,10869,
83671,10933,
83690,10901,
83710,10804,
83730,11799,
83750,11016,
83770,11120,
83789,11084,
83809,11434,
83829,11226,
83849,11497,
83869,11247,
83888,11378,
83908,11035,
83928,11085,
83948,11020,
83968,11275,
83987,11447,
84007,11692,
84027,11516,
84047,11202,
84067,10840,
84086,10976,
84106,10975,
84126,11497,
84146,11206,
84166,11442,
84185,11228,
84205,11527,
84225,10908,
84245,10972,
84265,10932,
84284,11308,
84304,11254,
84324,11405,
84344,11098,
84364,11531,
84384,11009,
84403,11198,
84423,11229,
84443,11503,
84463,10967,
84483,10877,
84502,11021,
84522,10904,
84542,11567,
84562,11075,
84582,10919,
84601,10855,
84621,11733,
84641,11476,
84661,11527,
84680,11581,
84700,10797,
84720,11123,
84740,11154,
84760,11356,
84779,10986,
84799,10974,
84819,10947,
84839,11419,
84859,10993,
84878,11430,
84898,11308,
84918,11441,
84938,11075,
84958,10969,
84978,10882,
84997,10978,
85017,11089,
85037,11669,
85057,11555,
85077,11537,
85096,11063,
85116,10850,
85136,10989,
85156,10949,
85176,11119,
85195,11629,
85215,11334,
85235,11318,
85255,10886,
85275,11638,
85294,11666,
85314,11573,
85334,11054,
85354,10946,
85373,10919,
85393,10851,
85413,11595,
85433,11001,
85453,11202,
85473,11069,
85492,11342,
85512,11325,
85532,11618,
85552,11613,
85572,11125,
85591,10988,
85611,11093,
85631,11528,
85651,11328,
85671,10934,
85690,11041,
85710,11435,
85730,11342,
85750,10981,
85770,11385,
85789,11594,
85809,11196,
85829,11055,
85849,10813,
85869,10879,
85888,11267,
85908,11028,
85928,11436,
85948,11424,
85968,11479,
85988,10950,
86007,11373,
86027,11480,
86047,11567,
86067,10945,
86086,11098,
86106,10948,
86126,11091,
86146,11459,
86166,11351,
86185,11398,
86205,11081,
86225,11577,
86245,11228,
86265,11240,
86284,10812,
86304,11669,
86324,10970,
86344,11046,
86364,11114,
86383,11470,
86403,11487,
86423,11442,
86443,11023,
86463,11458,
86482,10933,
86502,10891,
86522,11017,
86542,10991,
86562,11173,
86582,10989,
86601,11004,
86621,11493,
86641,11193,
86661,11440,
86681,11119,
86700,11489,
86720,11167,
86740,11533,
86760,11451,
86780,11542,
86799,10882,
86819,10906,
86839,11051,
86859,11035,
86878,11580,
86898,11199,
86918,11144,
86938,10965,
86958,11515,
86978,11606,
86997,11584,
87017,11494,
87037,11006,
87057,10918,
87077,10924,
87096,11641,
87116,10976,
87136,11114,
87156,11140,
87176,11563,
87195,10856,
87215,10873,
87235,10907,
87255,11194,
87275,11205,
87294,11680,
87314,11659,
87334,11199,
87354,11239,
87374,10960,
87393,11100,
87413,10961,
87433,11426,
87453,10910,
87473,11000,
87492,11085,
87512,11560,
87532,11530,
87552,11465,
87572,11634,
87591,10815,
87611,11235,
87631,11079,
87651,11123,
87671,11025,
87690,11290,
87710,11204,
87730,11472,
87750,10978,
87770,11459,
87789,11296,
87809,11545,
87829,11119,
87849,10851,
87869,10972,
87888,10913,
87908,11405,
87928,11169,
87948,11120,
87968,10842,
87987,11053,
88007,11522,
88027,11345,
88047,11404,
88067,10984,
88086,11674,
88106,11594,
88126,11520,
88146,11414,
88166,10925,
88186,11133,
88205,11249,
88225,11067,
88245,11019,
88265,10931,
88284,11142,
88304,10902,
88324,11396,
88344,11177,
88364,11575,
88383,10843,
88403,11461,
88423,11457,
88443,11496,
88463,11376,
88482,10987,
88502,10999,
88522,10869,
88542,11057,
88562,11325,
88581,11453,
88601,11272,
88621,11621,
88641,11052,
88661,11243,
88680,11220,
88700,11524,
88720,10846,
88740,10837,
88760,10916,
88780,11326,
88799,11071,
88819,11224,
88839,11322,
88859,11460,
88879,10943,
88898,10942,
88918,10969,
88938,11588,
88958,10878,
88977,11164,
88997,11147,
89017,11226,
89037,11119,
89057,11509,
89076,11673,
89096,11297,
89116,11065,
89136,10873,
89156,11114,
89176,10863,
89195,11324,
89215,10909,
89235,11154,
89255,11044,
89275,11406,
89294,10948,
89314,10999,
89334,10887,
89354,11719,
89374,11310,
89393,11259,
89413,11132,
89433,11506,
89453,11115,
89473,11528,
89492,11264,
89512,11369,
89532,10929,
89552,10911,
89572,10934,
89591,11216,
89611,11622,
89631,11613,
89651,11565,
89671,11199,
89690,10846,
89710,10977,
89730,11021,
89750,11488,
89770,11105,
89789,11109,
89809,11152,
89829,11651,
89849,11021,
89869,11208,
89888,11100,
89908,11547,
89928,11007,
89948,11268,
89968,11175,
89987,11640,
90007,10919,
90027,11098,
90047,11160,
90067,11507,
90086,11013,
90106,11257,
90126,11139,
90146,11685,
90166,11119,
90185,11121,
90205,11168,
90225,11439,
90245,11211,
90265,11570,
90285,11525,
90304,11213,
90324,11507,
90344,11370,
90364,11514,
90383,10952,
90403,11228,
90423,11046,
90443,11073,
90463,10959,
90482,11533,
90502,11511,
90522,11684,
90542,11071,
90562,11197,
90581,10954,
90601,10996,
90621,11008,
90641,11427,
90661,11609,
90680,11652,
90700,11582,
90720,11127,
90740,10840,
90760,11095,
90780,11507,
90799,10945,
90819,11448,
90839,11331,
90859,11660,
90879,11047,
90898,10813,
90918,10981,
90938,11151,
90958,11058,
90977,11653,
90997,11671,
91017,11305,
91037,11467,
91057,11046,
91076,11174,
91096,10989,
91116,11577,
91136,11103,
91156,11238,
91176,11110,
91195,11316,
91215,10897,
91235,11005,
91255,10878,
91275,11256,
91294,11702,
91314,11563,
91334,11490,
91354,11011,
91374,11309,
91393,11509,
91413,11700,
91433,11225,
91453,10919,
91473,10918,
91492,10941,
91512,11540,
91532,11202,
91552,11597,
91572,11368,
91591,11563,
91611,10837,
91631,11003,
91651,10903,
91671,11722,
91690,10949,
91710,10974,
91730,11062,
91750,11023,
91770,11443,
91789,11312,
91809,11428,
91829,11173,
91849,11621,
91869,11524,
91888,11657,
91908,11281,
91928,11025,
91948,10797,
91968,10957,
91987,11427,
92007,11169,
92027,11425,
92047,11275,
92067,11551,
92087,10995,
92106,10953,
92126,10954,
92146,11651,
92166,10926,
92185,10988,
92205,11045,
92225,11221,
92245,11165,
92265,11566,
92284,11516,
92304,11558,
92324,10921,
92344,11010,
92364,10895,
92383,10989,
92403,11409,
92423,11535,
92443,11579,
92463,11612,
92482,10846,
92502,11076,
92522,11246,
92542,11161,
92562,10884,
92581,11311,
92601,11400,
92621,11666,
92641,10809,
92661,11171,
92681,11093,
92700,11251,
92720,10959,
92740,11297,
92760,11326,
92780,11659,
92799,10840,
92819,11149,
92839,10985,
92859,11203,
92878,11001,
92898,11434,
92918,11396,
92938,11585,
92958,10855,
92977,11167,
92997,11018,
93017,10987,
93037,10961,
93057,11490,
93077,11569,
93096,11639,
93116,11145,
93136,10961,
93156,10890,
93176,10921,
93195,11212,
93215,11300,
93235,11656,
93255,11438,
93275,11582,
93294,10842,
93314,11306,
93334,11343,
93354,11590,
93374,10889,
93393,11081,
93413,10982,
93433,11156,
93453,11659,
93473,11499,
93492,11655,
93512,11162,
93532,11232,
93552,11056,
93572,11466,
93591,10880,
93611,11247,
93631,10883,
93651,11039,
93671,11050,
93690,11073,
93710,11305,
93730,11095,
93750,11298,
93770,11271,
93789,11474,
93809,11522,
93829,11112,
93849,11460,
93869,11169,
93888,11339,
93908,10912,
93928,11417,
93948,11043,
93968,11001,
93987,10954,
94007,11108,
94027,11478,
94047,11271,
94067,11372,
94086,11034,
94106,11534,
94126,11591,
94146,11519,
94166,11161,
94185,10988,
94205,11002,
94225,10920,
94245,11759,
94265,11125,
94285,11167,
94304,11133,
94324,11572,
94344,11199,
94364,11406,
94384,11108,
94403,11547,
94423,10960,
94443,10989,
94463,11159,
94483,11592,
94502,11104,
94522,11181,
94542,11102,
94562,11521,
94581,10954,
94601,10887,
94621,11033,
94641,11177,
94661,11763,
94680,11281,
94700,11348,
94720,11036,
94740,11485,
94760,11534,
94779,11432,
94799,11489,
94819,11147,
94839,11528,
94859,11319,
94879,11472,
94898,10861,
94918,11027,
94938,11066,
94958,10934,
94978,11626,
94997,10975,
95017,11019,
95037,11302,
95057,11145,
95077,11062,
95096,11024,
95116,11394,
95136,11509,
95156,11424,
95176,11453,
95195,10953,
95215,11371,
95235,11396,
95255,11174,
95275,11190,
95294,11664,
95314,11100,
95334,11046,
95354,11112,
95374,11037,
95393,10972,
95413,10962,
95433,10885,
95453,11599,
95473,10915,
95492,10992,
95512,11746,
95532,10910,
95552,10894,
95572,11288,
95591,10990,
95611,11305,
95631,10820,
95651,10873,
95671,11497,
95691,10754,
95710,10925,
95730,11009,
95750,10926,
95770,11509,
95790,10890,
95809,10857,
95829,11486,
95849,10910,
95869,10970,
95889,11348,
95908,11465,
95928,11018,
95948,11505,
95968,11211,
95988,11006,
96007,11134,
96027,11565,
96047,11005,
96067,10966,
96086,11553,
96106,10991,
96126,11060,
96146,10862,
96166,10952,
96186,11396,
96205,11061,
96225,10962,
96245,11487,
96265,11052,
96285,11011,
96304,10848,
96324,11002,
96344,11327,
96364,11086,
96384,10973,
96403,11073,
96423,11179,
96443,11535,
96463,11316,
96483,11479,
96502,11260,
96522,11588,
96542,11486,
96562,11155,
96582,11300,
96602,11498,
96621,11682,
96641,11210,
96661,10905,
96681,10923,
96700,11310,
96720,11329,
96740,11373,
96760,11042,
96780,11497,
96799,11233,
96819,10957,
96839,10926,
96859,11170,
96879,11668,
96898,10787,
96918,10686,
96938,10827,
96958,10564,
96978,11099,
96998,10639,
97017,10705,
97037,10790,
97057,11030,
97077,11359,
97097,11267,
97116,11393,
97136,10820,
97156,11320,
97176,11594,
97195,11351,
97215,10843,
97235,10822,
97255,10902,
97275,10844,
97294,11448,
97314,11393,
97334,11579,
97354,11088,
97374,11358,
97393,11028,
97413,11490,
97433,11043,
97453,11254,
97473,10866,
97493,10807,
97512,10859,
97532,11214,
97552,11504,
97572,11587,
97592,11539,
97611,10945,
97631,11041,
97651,11084,
97671,11578,
97691,10852,
97710,10897,
97730,10845,
97750,10892,
97770,10969,
97790,11429,
97809,11263,
97829,11580,
97849,10870,
97869,10926,
97889,10676,
97908,10843,
97928,11023,
97948,11349,
97968,11514,
97988,11551,
98007,10916,
98027,11025,
98047,10799,
98067,10976,
98087,10854,
98106,11476,
98126,11506,
98146,11547,
98166,10873,
98186,11145,
98205,10956,
98225,10938,
98245,10823,
98265,11521,
98285,11419,
98304,11246,
98324,10898,
98344,11588,
98364,11165,
98384,11271,
98403,10873,
98423,11332,
98443,11208,
98463,11265,
98483,10797,
98502,11479,
98522,11105,
98542,11074,
98562,10991,
98582,11443,
98602,11360,
98621,11507,
98641,10983,
98661,11027,
98681,10696,
98701,10863,
98720,11349,
98740,10905,
98760,11168,
98780,11053,
98799,11303,
98819,10839,
98839,11370,
98859,11495,
98879,11478,
98898,10810,
98918,10761,
98938,10921,
98958,10847,
98978,11621,
98997,10984,
99017,10997,
99037,10991,
99057,11396,
99077,11120,
99097,11124,
99116,10941,
99136,11412,
99156,10954,
99176,10911,
99196,10880,
99215,11442,
99235,11229,
99255,11576,
99275,11279,
99295,11181,
99314,10845,
99334,10862,
99354,10880,
99374,11240,
99394,11548,
99413,11533,
99433,11459,
99453,10930,
99473,11476,
99492,11461,
99512,11539,
99532,11292,
99552,10892,
99572,11065,
99592,10947,
99611,11478,
99631,10726,
99651,10921,
99671,10917,
99691,10776,
99710,11049,
99730,10948,
99750,10823,
99770,11011,
99790,11297,
99809,11494,
99829,11502,
99849,11140,
99869,10832,
99889,10752,
99908,10756,
99928,11581,
99948,10977,
99968,11125,
99988,10930,
100007,11216,
100027,11234,
100047,11424,
100067,11477,
100087,11095,
100107,10941,
100126,10805,
100146,11051,
100166,10799,
100186,11339,
100205,10863,
100225,10888,
100245,10884,
100265,11390,
100285,11320,
100304,11331,
100324,11520,
100344,10871,
100364,10834,
100384,10958,
100403,11612,
100423,10849,
100443,10807,
100463,10849,
100483,10957,
100502,11597,
100522,11269,
100542,11391,
100562,11165,
100582,11025,
100601,10771,
100621,10873,
100641,10884,
100661,11104,
100681,11470,
100700,11497,
100720,11423,
100740,10773,
100760,10897,
100780,10838,
100799,10941,
100819,11473,
100839,11249,
100859,11363,
100879,11234,
