680,,
1726292,1.726292,8682
1746207,1.746207,8681
1765963,1.765963,8674
1785719,1.785719,8672
1805475,1.805475,8682
1825231,1.825231,8676
1845147,1.845147,8679
1864902,1.864902,8672
1884658,1.884658,8669
1904415,1.904415,8682
1924169,1.924169,8684
1944087,1.944087,8679
1963844,1.963844,8671
1983600,1.9836,8668
2003356,2.003356,8678
2023112,2.023112,8678
2042868,2.042868,8682
2062783,2.062783,8678
2082539,2.082539,8678
2102296,2.102296,8678
2122053,2.122053,8689
2141808,2.141808,8679
2161725,2.161725,8683
2181482,2.181482,8676
2201237,2.201237,8667
2220993,2.220993,8688
2240749,2.240749,8680
2260664,2.260664,8680
2280420,2.28042,8681
2300176,2.300176,8679
2319933,2.319933,8680
2339690,2.33969,8678
2359605,2.359605,8683
2379362,2.379362,8678
2399119,2.399119,8675
2418874,2.418874,8681
2438632,2.438632,8690
2458548,2.458548,8683
2478305,2.478305,8676
2498061,2.498061,8679
2517817,2.517817,8681
2537574,2.537574,8686
2557329,2.557329,8679
2577246,2.577246,8681
2597004,2.597004,8679
2616760,2.61676,8681
2636516,2.636516,8680
2656274,2.656274,8689
2676189,2.676189,8686
2695946,2.695946,8669
2715702,2.715702,8679
2735458,2.735458,8687
2755215,2.755215,8687
2775132,2.775132,8685
2794889,2.794889,8683
2814644,2.814644,8682
2834400,2.8344,8683
2854157,2.854157,8689
2873912,2.873912,8686
2893827,2.893827,8688
2913583,2.913583,8675
2933339,2.933339,8683
2953096,2.953096,8689
2972851,2.972851,8686
2992767,2.992767,8687
3012522,3.012522,8684
3032278,3.032278,8683
3052035,3.052035,8692
3071792,3.071792,8692
3091707,3.091707,8686
3111465,3.111465,8687
3131220,3.13122,8672
3150976,3.150976,8683
3170733,3.170733,8690
3190647,3.190647,8688
3210405,3.210405,8679
3230164,3.230164,8686
3249918,3.249918,8688
3269674,3.269674,8688
3289590,3.28959,8680
3309345,3.309345,8673
3329102,3.329102,8677
3348857,3.348857,8682
3368615,3.368615,8685
3388371,3.388371,8674
3408287,3.408287,8685
3428043,3.428043,8683
3447801,3.447801,8685
3467555,3.467555,8690
3487312,3.487312,8687
3507227,3.507227,8683
3526983,3.526983,8685
3546739,3.546739,8684
3566494,3.566494,8682
3586252,3.586252,8687
3606166,3.606166,8686
3625922,3.625922,8687
3645678,3.645678,8679
3665434,3.665434,8687
3685190,3.68519,8685
3705106,3.705106,8687
3724862,3.724862,8682
3744617,3.744617,8685
3764374,3.764374,8688
3784132,3.784132,8692
3803889,3.803889,8690
3823803,3.823803,8684
3843559,3.843559,8676
3863316,3.863316,8683
3883071,3.883071,8689
3902827,3.902827,8687
3922742,3.922742,8679
3942499,3.942499,8687
3962255,3.962255,8677
3982010,3.98201,8687
4001767,4.001767,8690
4021681,4.021681,8679
4041438,4.041438,8678
4061194,4.061194,8684
4080951,4.080951,8690
4100707,4.100707,8692
4120465,4.120465,8683
4140379,4.140379,8685
4160137,4.160137,8686
4179893,4.179893,8682
4199649,4.199649,8689
4219406,4.219406,8693
4239323,4.239323,8686
4259077,4.259077,8677
4278833,4.278833,8680
4298590,4.29859,8691
4318345,4.318345,8688
4338102,4.338102,8688
4358016,4.358016,8686
4377774,4.377774,8683
4397530,4.39753,8685
4417287,4.417287,8689
4437043,4.437043,8691
4456960,4.45696,8688
4476714,4.476714,8682
4496472,4.496472,8681
4516227,4.516227,8691
4535983,4.535983,8693
4555898,4.555898,8688
4575653,4.575653,8679
4595411,4.595411,8683
4615166,4.615166,8688
4634922,4.634922,8693
4654678,4.654678,8689
4674594,4.674594,8684
4694349,4.694349,8678
4714106,4.714106,8684
4733862,4.733862,8693
4753617,4.753617,8699
4773534,4.773534,8683
4793292,4.793292,8682
4813048,4.813048,8692
4832804,4.832804,8692
4852561,4.852561,8689
4872478,4.872478,8687
4892234,4.892234,8683
4911990,4.91199,8688
4931745,4.931745,8689
4951501,4.951501,8693
4971260,4.97126,8688
4991176,4.991176,8688
5010933,5.010933,8683
5030690,5.03069,8682
5050446,5.050446,8686
5070203,5.070203,8685
5090119,5.090119,8691
5109874,5.109874,8683
5129632,5.129632,8681
5149389,5.149389,8681
5169146,5.169146,8695
5188902,5.188902,8690
5208817,5.208817,8697
5228574,5.228574,8679
5248329,5.248329,8693
5268087,5.268087,8689
5287844,5.287844,8685
5307759,5.307759,8694
5327515,5.327515,8680
5347271,5.347271,8682
5367027,5.367027,8689
5386783,5.386783,8683
5406698,5.406698,8690
5426455,5.426455,8683
5446212,5.446212,8686
5465967,5.465967,8681
5485725,5.485725,8692
5505482,5.505482,8693
5525396,5.525396,8693
5545153,5.545153,8684
5564910,5.56491,8684
5584666,5.584666,8697
5604424,5.604424,8695
5624339,5.624339,8693
5644096,5.644096,8681
5663851,5.663851,8683
5683608,5.683608,8684
5703363,5.703363,8689
5723278,5.723278,8691
5743035,5.743035,8690
5762792,5.762792,8685
5782548,5.782548,8687
5802305,5.802305,8699
5822061,5.822061,8701
5841976,5.841976,8693
5861733,5.861733,8680
5881488,5.881488,8684
5901246,5.901246,8687
5921004,5.921004,8692
5940919,5.940919,8687
5960676,5.960676,8684
5980433,5.980433,8692
6000189,6.000189,8690
6019946,6.019946,8692
6039702,6.039702,8692
6059617,6.059617,8684
6079374,6.079374,8683
6099132,6.099132,8680
6118889,6.118889,8689
6138644,6.138644,8690
6158559,6.158559,8689
6178316,6.178316,8685
6198071,6.198071,8687
6217827,6.217827,8694
6237583,6.237583,8695
6257339,6.257339,8691
6277255,6.277255,8687
6297010,6.29701,8688
6316767,6.316767,8685
6336522,6.336522,8691
6356278,6.356278,8700
6376194,6.376194,8688
6395951,6.395951,8687
6415707,6.415707,8685
6435465,6.435465,8691
6455220,6.45522,8694
6475137,6.475137,8691
6494893,6.494893,8680
6514649,6.514649,8684
6534406,6.534406,8688
6554164,6.554164,8694
6573918,6.573918,8691
6593833,6.593833,8697
6613590,6.61359,8684
6633345,6.633345,8686
6653102,6.653102,8692
6672857,6.672857,8694
6692774,6.692774,8698
6712530,6.71253,8679
6732287,6.732287,8689
6752043,6.752043,8682
6771801,6.771801,8687
6791714,6.791714,8692
6811472,6.811472,8683
6831227,6.831227,8689
6850983,6.850983,8696
6870739,6.870739,8694
6890494,6.890494,8694
6910411,6.910411,8688
6930166,6.930166,8681
6949922,6.949922,8688
6969678,6.969678,8692
6989434,6.989434,8698
7009349,7.009349,8694
7029106,7.029106,8688
7048862,7.048862,8686
7068617,7.068617,8691
7088374,7.088374,8693
7108292,7.108292,8694
7128048,7.128048,8687
7147804,7.147804,8687
7167561,7.167561,8693
7187319,7.187319,8694
7207075,7.207075,8698
7226990,7.22699,8695
7246745,7.246745,8684
7266501,7.266501,8686
7286260,7.28626,8693
7306016,7.306016,8694
7325933,7.325933,8695
7345690,7.34569,8684
7365446,7.365446,8682
7385203,7.385203,8686
7404960,7.40496,8689
7424874,7.424874,8691
7444631,7.444631,8682
7464387,7.464387,8692
7484143,7.484143,8697
7503898,7.503898,8686
7523653,7.523653,8693
7543570,7.54357,8690
7563326,7.563326,8692
7583081,7.583081,8686
7602837,7.602837,8699
7622594,7.622594,8693
7642508,7.642508,8693
7662265,7.662265,8682
7682021,7.682021,8688
7701777,7.701777,8691
7721534,7.721534,8683
7741451,7.741451,8696
7761207,7.761207,8677
7780963,7.780963,8685
7800719,7.800719,8677
7820475,7.820475,8693
7840231,7.840231,8687
7860147,7.860147,8687
7879902,7.879902,8685
7899658,7.899658,8687
7919415,7.919415,8691
7939169,7.939169,8695
7959087,7.959087,8692
7978844,7.978844,8682
7998600,7.9986,8681
8018356,8.018356,8689
8038112,8.038112,8691
8058027,8.058027,8697
8077783,8.077783,8690
8097539,8.097539,8684
8117296,8.117296,8678
8137053,8.137053,8695
8156808,8.156808,8691
8176725,8.176725,8691
8196482,8.196482,8682
8216237,8.216237,8685
8235993,8.235993,8687
8255749,8.255749,8689
8275664,8.275664,8685
8295420,8.29542,8687
8315176,8.315176,8683
8334933,8.334933,8683
8354690,8.35469,8694
8374446,8.374446,8688
8394362,8.394362,8690
8414119,8.414119,8682
8433874,8.433874,8687
8453632,8.453632,8686
8473389,8.473389,8685
8493305,8.493305,8692
8513061,8.513061,8682
8532817,8.532817,8681
8552574,8.552574,8685
8572329,8.572329,8689
8592246,8.592246,8690
8612004,8.612004,8684
8631760,8.63176,8684
8651516,8.651516,8684
8671274,8.671274,8693
8691030,8.69103,8692
8710946,8.710946,8692
8730702,8.730702,8683
8750458,8.750458,8686
8770215,8.770215,8694
8789972,8.789972,8692
8809889,8.809889,8685
8829644,8.829644,8676
8849400,8.8494,8691
8869157,8.869157,8684
8888912,8.888912,8695
8908668,8.908668,8693
8928583,8.928583,8689
8948339,8.948339,8687
8968096,8.968096,8689
8987851,8.987851,8698
9007608,9.007608,8687
9027522,9.027522,8687
9047278,9.047278,8680
9067035,9.067035,8684
9086792,9.086792,8691
9106548,9.106548,8692
9126465,9.126465,8686
9146220,9.14622,8685
9165976,9.165976,8693
9185733,9.185733,8691
9205488,9.205488,8697
9225246,9.225246,8692
9245164,9.245164,8686
9264918,9.264918,8685
9284674,9.284674,8685
9304431,9.304431,8694
9324186,9.324186,8703
9344102,9.344102,8691
9363857,9.363857,8680
9383615,9.383615,8685
9403371,9.403371,8688
9423128,9.423128,8692
9443043,9.443043,8693
9462801,9.462801,8684
9482555,9.482555,8688
9502312,9.502312,8691
9522068,9.522068,8694
9541825,9.541825,8685
9561742,9.561742,8690
9581499,9.581499,8682
9601255,9.601255,8687
9621010,9.62101,8692
9640767,9.640767,8692
9660681,9.660681,8687
9680438,9.680438,8687
9700194,9.700194,8690
9719951,9.719951,8696
9739707,9.739707,8696
9759624,9.759624,8691
9779379,9.779379,8687
9799137,9.799137,8689
9818893,9.818893,8687
9838649,9.838649,8691
9858406,9.858406,8691
9878323,9.878323,8688
9898077,9.898077,8682
9917833,9.917833,8687
9937590,9.93759,8689
9957345,9.957345,8697
9977261,9.977261,8688
9997016,9.997016,8688
10016774,10.016774,8689
10036530,10.03653,8696
10056287,10.056287,8692
10076043,10.076043,8687
10095960,10.09596,8687
10115714,10.115714,8692
10135472,10.135472,8684
10155227,10.155227,8693
10174983,10.174983,8696
10194898,10.194898,8683
10214653,10.214653,8686
10234411,10.234411,8688
10254166,10.254166,8697
10273922,10.273922,8701
10293678,10.293678,8695
10313594,10.313594,8690
10333349,10.333349,8684
10353106,10.353106,8686
10372862,10.372862,8689
10392617,10.392617,8698
10412534,10.412534,8694
10432292,10.432292,8677
10452048,10.452048,8686
10471804,10.471804,8688
10491561,10.491561,8693
10511319,10.511319,8691
10531234,10.531234,8688
10550990,10.55099,8688
10570745,10.570745,8690
10590501,10.590501,8697
10610260,10.61026,8697
10630176,10.630176,8680
10649933,10.649933,8681
10669690,10.66969,8684
10689446,10.689446,8696
10709203,10.709203,8696
10728960,10.72896,8693
10748874,10.748874,8687
10768631,10.768631,8686
10788387,10.788387,8683
10808143,10.808143,8697
10827898,10.827898,8692
10847813,10.847813,8691
10867570,10.86757,8681
10887326,10.887326,8683
10907081,10.907081,8701
10926837,10.926837,8696
10946753,10.946753,8695
10966508,10.966508,8684
10986265,10.986265,8684
11006021,11.006021,8688
11025777,11.025777,8693
11045534,11.045534,8691
11065451,11.065451,8693
11085207,11.085207,8691
11104963,11.104963,8689
11124719,11.124719,8696
11144475,11.144475,8694
11164390,11.16439,8692
11184147,11.184147,8691
11203902,11.203902,8684
11223658,11.223658,8687
11243415,11.243415,8692
11263169,11.263169,8694
11283087,11.283087,8693
11302844,11.302844,8691
11322600,11.3226,8687
11342356,11.342356,8698
11362112,11.362112,8690
11382027,11.382027,8693
11401783,11.401783,8690
11421539,11.421539,8683
11441296,11.441296,8689
11461053,11.461053,8684
11480967,11.480967,8697
11500725,11.500725,8685
11520482,11.520482,8689
11540237,11.540237,8691
11559993,11.559993,8696
11579749,11.579749,8693
11599664,11.599664,8699
11619420,11.61942,8693
11639176,11.639176,8682
11658933,11.658933,8696
11678690,11.67869,8694
11698605,11.698605,8692
11718362,11.718362,8688
11738119,11.738119,8690
11757874,11.757874,8690
11777632,11.777632,8694
11797389,11.797389,8699
11817305,11.817305,8692
11837061,11.837061,8692
11856817,11.856817,8691
11876574,11.876574,8699
11896329,11.896329,8696
11916246,11.916246,8688
11936004,11.936004,8693
11955760,11.95576,8685
11975516,11.975516,8697
11995274,11.995274,8695
12015189,12.015189,8689
12034946,12.034946,8694
12054702,12.054702,8683
12074458,12.074458,8688
12094215,12.094215,8694
12113972,12.113972,8696
12133889,12.133889,8688
12153644,12.153644,8685
12173400,12.1734,8696
12193157,12.193157,8697
12212912,12.212912,8696
12232827,12.232827,8692
12252583,12.252583,8686
12272339,12.272339,8690
12292096,12.292096,8694
12311851,12.311851,8696
12331767,12.331767,8695
12351522,12.351522,8683
12371278,12.371278,8687
12391035,12.391035,8687
12410792,12.410792,8697
12430548,12.430548,8696
12450465,12.450465,8701
12470220,12.47022,8690
12489976,12.489976,8694
12509733,12.509733,8694
12529488,12.529488,8689
12549405,12.549405,8691
12569164,12.569164,8686
12588918,12.588918,8688
12608674,12.608674,8687
12628431,12.628431,8697
12648345,12.648345,8692
12668102,12.668102,8690
12687857,12.687857,8690
12707615,12.707615,8687
12727371,12.727371,8700
12747287,12.747287,8692
12767043,12.767043,8693
12786801,12.786801,8682
12806555,12.806555,8692
12826312,12.826312,8695
12846068,12.846068,8695
12865984,12.865984,8693
12885742,12.885742,8687
12905499,12.905499,8697
12925255,12.925255,8691
12945010,12.94501,8696
12964926,12.964926,8687
12984681,12.984681,8681
13004438,13.004438,8690
13024194,13.024194,8694
13043951,13.043951,8703
13063707,13.063707,8689
13083624,13.083624,8694
13103379,13.103379,8685
13123137,13.123137,8690
13142893,13.142893,8698
13162649,13.162649,8697
13182566,13.182566,8693
13202323,13.202323,8683
13222077,13.222077,8687
13241833,13.241833,8691
13261590,13.26159,8695
13281505,13.281505,8690
13301261,13.301261,8685
13321016,13.321016,8690
13340774,13.340774,8690
13360530,13.36053,8701
13380287,13.380287,8698
13400203,13.400203,8691
13419960,13.41996,8682
13439714,13.439714,8686
13459472,13.459472,8694
13479227,13.479227,8701
13499143,13.499143,8688
13518898,13.518898,8688
13538653,13.538653,8693
13558411,13.558411,8695
13578166,13.578166,8702
13598081,13.598081,8688
13617837,13.617837,8685
13637594,13.637594,8689
13657349,13.657349,8699
13677106,13.677106,8697
13696862,13.696862,8695
13716777,13.716777,8698
13736534,13.736534,8686
13756292,13.756292,8689
13776048,13.776048,8690
13795804,13.795804,8695
13815720,13.81572,8695
13835478,13.835478,8689
13855234,13.855234,8688
13874990,13.87499,8686
13894745,13.894745,8695
13914501,13.914501,8693
13934419,13.934419,8696
13954176,13.954176,8686
13973933,13.973933,8688
13993690,13.99369,8691
14013446,14.013446,8697
14033362,14.033362,8694
14053119,14.053119,8688
14072874,14.072874,8686
14092632,14.092632,8692
14112389,14.112389,8693
14132146,14.132146,8696
14152061,14.152061,8698
14171817,14.171817,8689
14191574,14.191574,8689
14211329,14.211329,8696
14231087,14.231087,8694
14251004,14.251004,8692
14270760,14.27076,8688
14290516,14.290516,8691
14310274,14.310274,8692
14330030,14.33003,8695
14349787,14.349787,8694
14369702,14.369702,8697
14389458,14.389458,8684
14409215,14.409215,8689
14428972,14.428972,8683
14448729,14.448729,8699
14468485,14.468485,8695
14488400,14.4884,8698
14508157,14.508157,8687
14527912,14.527912,8699
14547668,14.547668,8699
14567424,14.567424,8692
14587339,14.587339,8688
14607096,14.607096,8683
14626851,14.626851,8690
14646608,14.646608,8691
14666363,14.666363,8696
14686119,14.686119,8693
14706035,14.706035,8697
14725792,14.725792,8689
14745548,14.745548,8694
14765305,14.765305,8691
14785061,14.785061,8699
14804976,14.804976,8688
14824733,14.824733,8688
14844488,14.844488,8685
14864246,14.864246,8694
14884004,14.884004,8697
14903760,14.90376,8701
14923676,14.923676,8698
14943433,14.943433,8686
14963189,14.963189,8694
14982946,14.982946,8691
15002702,15.002702,8693
15022458,15.022458,8690
15042374,15.042374,8690
15062132,15.062132,8688
15081889,15.081889,8686
15101644,15.101644,8693
15121400,15.1214,8704
15141316,15.141316,8695
15161071,15.161071,8689
15180827,15.180827,8685
15200583,15.200583,8696
15220339,15.220339,8696
15240096,15.240096,8693
15260010,15.26001,8695
15279767,15.279767,8690
15299522,15.299522,8696
15319278,15.319278,8695
15339035,15.339035,8697
15358951,15.358951,8692
15378707,15.378707,8685
15398465,15.398465,8690
15418220,15.41822,8685
15437976,15.437976,8701
15457733,15.457733,8699
15477647,15.477647,8693
15497405,15.497405,8690
15517164,15.517164,8687
15536918,15.536918,8692
15556674,15.556674,8697
15576590,15.57659,8698
15596345,15.596345,8694
15616102,15.616102,8692
15635857,15.635857,8689
15655615,15.655615,8704
15675371,15.675371,8691
15695287,15.695287,8691
15715043,15.715043,8693
15734801,15.734801,8684
15754555,15.754555,8697
15774312,15.774312,8699
15794227,15.794227,8690
15813983,15.813983,8685
15833739,15.833739,8682
15853494,15.853494,8694
15873252,15.873252,8694
15893007,15.893007,8701
15912922,15.912922,8693
15932677,15.932677,8688
15952434,15.952434,8688
15972189,15.972189,8698
15991946,15.991946,8703
16011862,16.011862,8693
16031617,16.031617,8687
16051374,16.051374,8691
16071132,16.071132,8687
16090889,16.090889,8703
16110644,16.110644,8692
16130559,16.130559,8693
16150316,16.150316,8685
16170071,16.170071,8681
16189827,16.189827,8695
16209583,16.209583,8695
16229499,16.229499,8693
16249255,16.249255,8692
16269010,16.26901,8686
16288767,16.288767,8689
16308522,16.308522,8690
16328438,16.328438,8689
16348194,16.348194,8690
16367951,16.367951,8691
16387707,16.387707,8689
16407465,16.407465,8701
16427220,16.42722,8694
16447137,16.447137,8696
16466893,16.466893,8693
16486649,16.486649,8691
16506406,16.506406,8693
16526164,16.526164,8698
16546077,16.546077,8697
16565833,16.565833,8694
16585590,16.58559,8690
16605345,16.605345,8689
16625102,16.625102,8693
16644857,16.644857,8695
16664774,16.664774,8691
16684530,16.68453,8685
16704287,16.704287,8693
16724043,16.724043,8699
16743801,16.743801,8701
16763714,16.763714,8695
16783472,16.783472,8690
16803227,16.803227,8691
16822983,16.822983,8698
16842739,16.842739,8699
16862494,16.862494,8699
16882411,16.882411,8695
16902166,16.902166,8686
16921922,16.921922,8692
16941678,16.941678,8698
16961434,16.961434,8698
16981349,16.981349,8694
17001106,17.001106,8684
17020862,17.020862,8691
17040617,17.040617,8690
17060374,17.060374,8702
17080132,17.080132,8701
17100048,17.100048,8700
17119804,17.119804,8690
17139561,17.139561,8689
17159319,17.159319,8695
17179075,17.179075,8703
17198990,17.19899,8700
17218745,17.218745,8688
17238501,17.238501,8689
17258260,17.25826,8696
17278016,17.278016,8702
17297774,17.297774,8699
17317690,17.31769,8694
17337446,17.337446,8685
17357203,17.357203,8690
17376960,17.37696,8693
17396714,17.396714,8699
17416631,17.416631,8691
17436387,17.436387,8699
17456143,17.456143,8695
17475898,17.475898,8691
17495653,17.495653,8691
17515411,17.515411,8699
17535326,17.535326,8701
17555081,17.555081,8688
17574837,17.574837,8682
17594594,17.594594,8692
17614349,17.614349,8702
17634265,17.634265,8694
17654021,17.654021,8691
17673777,17.673777,8685
17693534,17.693534,8690
17713292,17.713292,8706
17733048,17.733048,8697
17752963,17.752963,8692
17772720,17.77272,8686
17792478,17.792478,8690
17812234,17.812234,8699
17831990,17.83199,8698
17851905,17.851905,8695
17871661,17.871661,8691
17891419,17.891419,8692
17911176,17.911176,8691
17930933,17.930933,8698
17950690,17.95069,8699
17970605,17.970605,8698
17990362,17.990362,8695
18010119,18.010119,8693
18029874,18.029874,8693
18049632,18.049632,8691
18069389,18.069389,8696
18089305,18.089305,8697
18109061,18.109061,8692
18128817,18.128817,8684
18148574,18.148574,8698
18168329,18.168329,8700
18188246,18.188246,8696
18208004,18.208004,8685
18227760,18.22776,8690
18247516,18.247516,8694
18267274,18.267274,8696
18287030,18.28703,8701
18306946,18.306946,8694
18326702,18.326702,8695
18346458,18.346458,8689
18366215,18.366215,8691
18385972,18.385972,8703
18405889,18.405889,8700
18425644,18.425644,8697
18445400,18.4454,8693
18465157,18.465157,8694
18484912,18.484912,8695
18504827,18.504827,8696
18524583,18.524583,8694
18544339,18.544339,8689
18564096,18.564096,8687
18583851,18.583851,8702
18603608,18.603608,8699
18623522,18.623522,8692
18643278,18.643278,8691
18663035,18.663035,8694
18682792,18.682792,8696
18702548,18.702548,8698
18722465,18.722465,8692
18742220,18.74222,8696
18761976,18.761976,8682
18781733,18.781733,8692
18801488,18.801488,8694
18821246,18.821246,8699
18841164,18.841164,8701
18860918,18.860918,8692
18880674,18.880674,8691
18900431,18.900431,8691
18920186,18.920186,8698
18939943,18.939943,8694
18959857,18.959857,8694
18979615,18.979615,8685
18999371,18.999371,8691
19019128,19.019128,8699
19038884,19.038884,8694
19058801,19.058801,8692
19078555,19.078555,8687
19098312,19.098312,8692
19118068,19.118068,8692
19137825,19.137825,8696
19157583,19.157583,8704
19177499,19.177499,8693
19197255,19.197255,8697
19217010,19.21701,8689
19236767,19.236767,8698
19256522,19.256522,8698
19276438,19.276438,8692
19296194,19.296194,8698
19315951,19.315951,8688
19335707,19.335707,8695
19355465,19.355465,8704
19375220,19.37522,8696
19395137,19.395137,8692
19414893,19.414893,8694
19434649,19.434649,8692
19454406,19.454406,8702
19474164,19.474164,8700
19493918,19.493918,8694
19513833,19.513833,8692
19533590,19.53359,8694
19553345,19.553345,8687
19573102,19.573102,8700
19592857,19.592857,8700
19612774,19.612774,8695
19632530,19.63253,8686
19652287,19.652287,8693
19672043,19.672043,8700
19691801,19.691801,8696
19711555,19.711555,8697
19731472,19.731472,8699
19751227,19.751227,8686
19770983,19.770983,8687
19790739,19.790739,8702
19810494,19.810494,8700
19830411,19.830411,8695
19850166,19.850166,8693
19869922,19.869922,8696
19889678,19.889678,8700
19909434,19.909434,8696
19929349,19.929349,8701
19949106,19.949106,8687
19968862,19.968862,8691
19988617,19.988617,8699
20008374,20.008374,8708
20028132,20.028132,8700
20048048,20.048048,8702
20067804,20.067804,8690
20087561,20.087561,8695
20107319,20.107319,8701
20127075,20.127075,8700
20146990,20.14699,8691
20166745,20.166745,8692
20186501,20.186501,8693
20206260,20.20626,8697
20226016,20.226016,8699
20245774,20.245774,8696
20265690,20.26569,8690
20285446,20.285446,8688
20305203,20.305203,8696
20324960,20.32496,8695
20344714,20.344714,8700
20364631,20.364631,8701
20384387,20.384387,8693
20404143,20.404143,8697
20423898,20.423898,8695
20443653,20.443653,8698
20463411,20.463411,8695
20483326,20.483326,8692
20503081,20.503081,8688
20522837,20.522837,8692
20542594,20.542594,8700
20562349,20.562349,8702
20582265,20.582265,8691
20602021,20.602021,8693
20621777,20.621777,8692
20641534,20.641534,8690
20661292,20.661292,8697
20681048,20.681048,8694
20700963,20.700963,8696
20720720,20.72072,8700
20740478,20.740478,8689
20760234,20.760234,8699
20779990,20.77999,8694
20799905,20.799905,8702
20819661,20.819661,8693
20839419,20.839419,8693
20859176,20.859176,8689
20878933,20.878933,8694
20898690,20.89869,8705
20918605,20.918605,8695
20938362,20.938362,8692
20958119,20.958119,8685
20977874,20.977874,8691
20997632,20.997632,8701
21017389,21.017389,8693
21037305,21.037305,8697
21057061,21.057061,8695
21076817,21.076817,8691
21096574,21.096574,8705
21116329,21.116329,8703
21136246,21.136246,8699
21156004,21.156004,8688
21175760,21.17576,8687
21195516,21.195516,8690
21215274,21.215274,8700
21235030,21.23503,8698
21254946,21.254946,8694
21274702,21.274702,8691
21294458,21.294458,8699
21314215,21.314215,8695
21333972,21.333972,8707
21353889,21.353889,8694
starting,#VALUE!,
36582510,36.58251,8708
36588415,36.588415,8698
36608184,36.608184,8694
36627949,36.627949,8698
36647705,36.647705,8700
36667463,36.667463,8698
36687379,36.687379,8696
36707137,36.707137,8695
36726893,36.726893,8687
36746649,36.746649,8702
36766406,36.766406,8701
36786164,36.786164,8702
36806077,36.806077,8697
36825833,36.825833,8696
36845590,36.84559,8702
36865345,36.865345,8703
36885102,36.885102,8695
36905016,36.905016,8699
36924774,36.924774,8707
36944530,36.94453,8693
36964287,36.964287,8694
36984043,36.984043,8698
37003801,37.003801,8698
37023714,37.023714,8702
37043472,37.043472,8695
37063227,37.063227,8687
37082983,37.082983,8699
37102739,37.102739,8694
37122494,37.122494,8705
37142411,37.142411,8704
37162166,37.162166,8693
37181922,37.181922,8691
37201678,37.201678,8706
37221434,37.221434,8702
37241349,37.241349,8693
37261106,37.261106,8691
37280862,37.280862,8691
37300617,37.300617,8689
37320374,37.320374,8703
37340132,37.340132,8694
37360048,37.360048,8697
37379804,37.379804,8693
37399561,37.399561,8691
37419319,37.419319,8699
37439075,37.439075,8697
37458830,37.45883,8701
37478745,37.478745,8702
37498501,37.498501,8696
37518260,37.51826,8694
37538016,37.538016,8698
37557774,37.557774,8702
37577690,37.57769,8700
37597446,37.597446,8691
37617203,37.617203,8689
37636960,37.63696,8692
37656714,37.656714,8701
37676472,37.676472,8703
37696387,37.696387,8697
37716143,37.716143,8695
37735898,37.735898,8694
37755653,37.755653,8701
37775411,37.775411,8700
37795326,37.795326,8693
37815081,37.815081,8695
37834837,37.834837,8689
37854594,37.854594,8693
37874349,37.874349,8703
37894106,37.894106,8694
37914021,37.914021,8702
37933777,37.933777,8693
37953534,37.953534,8693
37973292,37.973292,8699
37993048,37.993048,8699
38012963,38.012963,8693
38032720,38.03272,8690
38052478,38.052478,8686
38072234,38.072234,8694
38091990,38.09199,8707
38111745,38.111745,8702
38131661,38.131661,8697
38151419,38.151419,8686
38171176,38.171176,8696
38190933,38.190933,8699
38210690,38.21069,8705
38230446,38.230446,8701
38250362,38.250362,8698
38270119,38.270119,8693
38289874,38.289874,8692
38309632,38.309632,8700
38329389,38.329389,8704
38349305,38.349305,8703
38369061,38.369061,8689
38388817,38.388817,8692
38408574,38.408574,8704
38428329,38.428329,8708
38448087,38.448087,8697
38468004,38.468004,8699
38487760,38.48776,8689
38507516,38.507516,8697
38527274,38.527274,8700
38547030,38.54703,8697
38566946,38.566946,8700
38586702,38.586702,8694
38606458,38.606458,8699
38626215,38.626215,8692
38645972,38.645972,8708
38665729,38.665729,8703
38685644,38.685644,8698
38705400,38.7054,8701
38725157,38.725157,8694
38744912,38.744912,8700
38764668,38.764668,8706
38784424,38.784424,8697
38804339,38.804339,8704
38824096,38.824096,8691
38843851,38.843851,8695
38863608,38.863608,8697
38883363,38.883363,8696
38903278,38.903278,8702
38923035,38.923035,8690
38942792,38.942792,8701
38962548,38.962548,8696
38982305,38.982305,8700
39002061,39.002061,8704
39021976,39.021976,8703
39041733,39.041733,8695
39061488,39.061488,8693
39081246,39.081246,8699
39101004,39.101004,8706
39120919,39.120919,8700
39140676,39.140676,8702
39160433,39.160433,8691
39180189,39.180189,8699
39199946,39.199946,8703
39219702,39.219702,8696
39239617,39.239617,8697
39259374,39.259374,8688
39279132,39.279132,8697
39298889,39.298889,8698
39318644,39.318644,8694
39338400,39.3384,8697
39358316,39.358316,8701
39378071,39.378071,8693
39397827,39.397827,8698
39417583,39.417583,8701
39437339,39.437339,8701
39457255,39.457255,8695
39477010,39.47701,8690
39496767,39.496767,8693
39516522,39.516522,8697
39536278,39.536278,8698
39556035,39.556035,8699
39575951,39.575951,8702
39595707,39.595707,8697
39615465,39.615465,8691
39635220,39.63522,8700
39654976,39.654976,8703
39674733,39.674733,8700
39694647,39.694647,8693
39714405,39.714405,8691
39734164,39.734164,8693
39753918,39.753918,8707
39773674,39.773674,8700
39793590,39.79359,8703
39813345,39.813345,8693
39833102,39.833102,8687
39852857,39.852857,8693
39872615,39.872615,8703
39892371,39.892371,8704
39912287,39.912287,8703
39932043,39.932043,8694
39951801,39.951801,8695
39971555,39.971555,8701
39991312,39.991312,8700
40011227,40.011227,8701
40030983,40.030983,8692
40050739,40.050739,8692
40070494,40.070494,8699
40090252,40.090252,8706
40110007,40.110007,8697
40129922,40.129922,8698
40149677,40.149677,8695
40169434,40.169434,8699
40189189,40.189189,8697
40208946,40.208946,8699
40228702,40.228702,8700
40248617,40.248617,8700
40268374,40.268374,8694
40288132,40.288132,8694
40307889,40.307889,8698
40327644,40.327644,8703
40347400,40.3474,8700
40367316,40.367316,8695
40387071,40.387071,8691
40406827,40.406827,8696
40426583,40.426583,8692
40446339,40.446339,8703
40466255,40.466255,8694
40486010,40.48601,8701
40505767,40.505767,8688
40525522,40.525522,8698
40545278,40.545278,8698
40565035,40.565035,8704
40584951,40.584951,8699
40604707,40.604707,8698
40624465,40.624465,8698
40644220,40.64422,8688
40663976,40.663976,8700
40683733,40.683733,8701
40703647,40.703647,8698
40723405,40.723405,8695
40743164,40.743164,8697
40762918,40.762918,8695
40782674,40.782674,8707
40802431,40.802431,8703
40822345,40.822345,8702
40842102,40.842102,8692
40861857,40.861857,8691
40881615,40.881615,8700
40901371,40.901371,8702
40921128,40.921128,8702
40941043,40.941043,8699
40960801,40.960801,8689
40980555,40.980555,8694
41000312,41.000312,8693
41020068,41.020068,8711
41039825,41.039825,8698
41059742,41.059742,8703
41079499,41.079499,8690
41099255,41.099255,8696
41119010,41.11901,8704
41138767,41.138767,8700
41158522,41.158522,8702
41178438,41.178438,8703
41198194,41.198194,8698
41217951,41.217951,8694
41237707,41.237707,8698
41257465,41.257465,8697
41277379,41.277379,8702
41297137,41.297137,8706
41316893,41.316893,8690
41336649,41.336649,8699
41356406,41.356406,8699
41376164,41.376164,8704
41396077,41.396077,8701
41415833,41.415833,8691
41435590,41.43559,8694
41455345,41.455345,8692
41475102,41.475102,8701
41494857,41.494857,8699
41514774,41.514774,8700
41534530,41.53453,8692
41554287,41.554287,8697
41574043,41.574043,8699
41593801,41.593801,8701
41613555,41.613555,8710
41633472,41.633472,8699
41653227,41.653227,8694
41672983,41.672983,8695
41692739,41.692739,8701
41712494,41.712494,8701
41732411,41.732411,8705
41752166,41.752166,8694
41771922,41.771922,8694
41791678,41.791678,8700
41811434,41.811434,8706
41831190,41.83119,8700
41851106,41.851106,8698
41870862,41.870862,8696
41890617,41.890617,8697
41910374,41.910374,8704
41930132,41.930132,8703
41950048,41.950048,8703
41969804,41.969804,8698
41989561,41.989561,8695
42009319,42.009319,8695
42029075,42.029075,8701
42048830,42.04883,8705
42068745,42.068745,8702
42088501,42.088501,8693
42108260,42.10826,8692
42128016,42.128016,8698
42147774,42.147774,8697
42167690,42.16769,8699
42187446,42.187446,8695
42207203,42.207203,8698
42226960,42.22696,8699
42246714,42.246714,8702
42266472,42.266472,8700
42286387,42.286387,8710
42306143,42.306143,8686
42325898,42.325898,8701
42345653,42.345653,8697
42365411,42.365411,8709
42385166,42.385166,8697
42405081,42.405081,8700
42424837,42.424837,8695
42444594,42.444594,8699
42464349,42.464349,8702
42484106,42.484106,8695
42504021,42.504021,8701
42523777,42.523777,8698
42543534,42.543534,8695
42563292,42.563292,8700
42583048,42.583048,8709
42602804,42.602804,8705
42622720,42.62272,8699
42642478,42.642478,8696
42662234,42.662234,8703
42681990,42.68199,8704
42701745,42.701745,8701
42721661,42.721661,8704
42741419,42.741419,8703
42761176,42.761176,8694
42780933,42.780933,8698
42800690,42.80069,8705
42820446,42.820446,8701
42840362,42.840362,8700
42860119,42.860119,8700
42879874,42.879874,8691
42899632,42.899632,8690
42919389,42.919389,8702
42939146,42.939146,8705
42959061,42.959061,8706
42978817,42.978817,8699
42998574,42.998574,8692
43018329,43.018329,8702
43038087,43.038087,8703
43058004,43.058004,8706
43077760,43.07776,8693
43097516,43.097516,8699
43117274,43.117274,8701
43137030,43.13703,8703
43156787,43.156787,8696
43176702,43.176702,8701
43196458,43.196458,8690
43216215,43.216215,8691
43235972,43.235972,8698
43255729,43.255729,8703
43275485,43.275485,8705
43295400,43.2954,8706
43315157,43.315157,8698
43334912,43.334912,8699
43354668,43.354668,8707
43374424,43.374424,8700
43394339,43.394339,8699
43414096,43.414096,8694
43433851,43.433851,8690
43453608,43.453608,8701
43473363,43.473363,8710
43493278,43.493278,8696
43513035,43.513035,8694
43532792,43.532792,8695
43552548,43.552548,8700
43572305,43.572305,8708
43592061,43.592061,8697
43611976,43.611976,8698
43631733,43.631733,8695
43651488,43.651488,8702
43671246,43.671246,8694
43691004,43.691004,8698
43710919,43.710919,8698
43730676,43.730676,8701
43750433,43.750433,8698
43770189,43.770189,8696
43789946,43.789946,8705
43809702,43.809702,8703
43829617,43.829617,8703
43849374,43.849374,8693
43869132,43.869132,8698
43888889,43.888889,8696
43908644,43.908644,8709
43928559,43.928559,8695
43948316,43.948316,8699
43968071,43.968071,8690
43987827,43.987827,8698
44007583,44.007583,8705
44027339,44.027339,8694
44047255,44.047255,8692
44067010,44.06701,8695
44086767,44.086767,8696
44106522,44.106522,8698
44126278,44.126278,8701
44146194,44.146194,8691
44165951,44.165951,8691
44185707,44.185707,8695
44205465,44.205465,8695
44225220,44.22522,8701
44244976,44.244976,8703
44264892,44.264892,8698
44284647,44.284647,8698
44304405,44.304405,8691
44324164,44.324164,8701
44343918,44.343918,8709
44363674,44.363674,8699
44383590,44.38359,8701
44403345,44.403345,8693
44423102,44.423102,8698
44442857,44.442857,8708
44462615,44.462615,8697
44482530,44.48253,8703
44502287,44.502287,8695
44522043,44.522043,8696
44541801,44.541801,8704
44561555,44.561555,8698
44581472,44.581472,8707
44601227,44.601227,8695
44620983,44.620983,8697
44640739,44.640739,8699
44660494,44.660494,8708
44680252,44.680252,8703
44700166,44.700166,8709
44719922,44.719922,8698
44739678,44.739678,8698
44759434,44.759434,8704
44779190,44.77919,8699
44799106,44.799106,8706
44818862,44.818862,8687
44838617,44.838617,8696
44858374,44.858374,8694
44878132,44.878132,8708
44897889,44.897889,8695
44917803,44.917803,8699
44937559,44.937559,8693
44957316,44.957316,8694
44977071,44.977071,8700
44996827,44.996827,8703
45016742,45.016742,8701
45036499,45.036499,8695
45056255,45.056255,8695
45076010,45.07601,8701
45095767,45.095767,8707
45115522,45.115522,8698
45135438,45.135438,8698
45155194,45.155194,8694
45174951,45.174951,8699
45194707,45.194707,8697
45214465,45.214465,8699
45234379,45.234379,8700
45254137,45.254137,8696
45273893,45.273893,8697
45293649,45.293649,8697
45313406,45.313406,8699
45333164,45.333164,8702
45353077,45.353077,8694
45372833,45.372833,8696
45392590,45.39259,8695
45412345,45.412345,8706
45432102,45.432102,8704
45452016,45.452016,8702
45471774,45.471774,8700
45491530,45.49153,8694
45511287,45.511287,8704
45531043,45.531043,8700
45550801,45.550801,8697
45570714,45.570714,8702
45590472,45.590472,8687
45610227,45.610227,8693
45629983,45.629983,8698
45649739,45.649739,8703
45669494,45.669494,8700
45689411,45.689411,8697
45709166,45.709166,8697
45728922,45.728922,8693
45748678,45.748678,8709
45768434,45.768434,8693
45788190,45.78819,8705
45808106,45.808106,8708
45827862,45.827862,8701
45847617,45.847617,8695
45867374,45.867374,8701
45887132,45.887132,8697
45907048,45.907048,8701
45926804,45.926804,8693
45946561,45.946561,8697
45966319,45.966319,8696
45986075,45.986075,8709
46005830,46.00583,8701
46025745,46.025745,8708
46045501,46.045501,8697
46065260,46.06526,8696
46085016,46.085016,8696
46104774,46.104774,8703
46124530,46.12453,8707
46144446,46.144446,8695
46164203,46.164203,8699
46183960,46.18396,8699
46203714,46.203714,8707
46223472,46.223472,8699
46243387,46.243387,8705
46263143,46.263143,8694
46282898,46.282898,8696
46302653,46.302653,8699
46322411,46.322411,8704
46342166,46.342166,8698
46362081,46.362081,8694
46381837,46.381837,8701
46401594,46.401594,8699
46421349,46.421349,8702
46441106,46.441106,8703
46461021,46.461021,8707
46480777,46.480777,8693
46500534,46.500534,8693
46520292,46.520292,8693
46540048,46.540048,8701
46559804,46.559804,8696
46579720,46.57972,8700
46599478,46.599478,8694
46619234,46.619234,8695
46638990,46.63899,8694
46658745,46.658745,8700
46678501,46.678501,8704
46698419,46.698419,8702
46718176,46.718176,8693
46737933,46.737933,8697
46757690,46.75769,8708
46777446,46.777446,8700
46797362,46.797362,8696
46817119,46.817119,8691
46836874,46.836874,8699
46856632,46.856632,8701
46876389,46.876389,8698
46896146,46.896146,8708
46916061,46.916061,8706
46935817,46.935817,8691
46955574,46.955574,8694
46975329,46.975329,8698
46995087,46.995087,8702
47014844,47.014844,8703
47034759,47.034759,8699
47054515,47.054515,8692
47074271,47.074271,8697
47094027,47.094027,8703
47113783,47.113783,8703
47133698,47.133698,8705
47153455,47.153455,8700
47173212,47.173212,8696
47192967,47.192967,8701
47212725,47.212725,8700
47232482,47.232482,8697
47252396,47.252396,8700
47272153,47.272153,8696
47291910,47.29191,8696
47311666,47.311666,8704
47331424,47.331424,8704
47351180,47.35118,8704
47371096,47.371096,8694
47390851,47.390851,8693
47410608,47.410608,8695
47430363,47.430363,8702
47450119,47.450119,8701
47470035,47.470035,8704
47489792,47.489792,8694
47509548,47.509548,8694
47529305,47.529305,8701
47549061,47.549061,8704
47568817,47.568817,8699
47588733,47.588733,8702
47608488,47.608488,8693
47628246,47.628246,8696
47648004,47.648004,8697
47667760,47.66776,8709
47687516,47.687516,8704
47707433,47.707433,8705
47727189,47.727189,8694
47746946,47.746946,8692
47766702,47.766702,8702
47786458,47.786458,8707
47806374,47.806374,8698
47826132,47.826132,8699
47845889,47.845889,8697
47865644,47.865644,8695
47885400,47.8854,8705
47905157,47.905157,8701
47925071,47.925071,8697
47944827,47.944827,8691
47964583,47.964583,8699
47984339,47.984339,8704
48004096,48.004096,8704
48023851,48.023851,8705
48043767,48.043767,8713
48063522,48.063522,8699
48083278,48.083278,8701
48103035,48.103035,8705
48122792,48.122792,8704
48142707,48.142707,8697
48162465,48.162465,8689
48182220,48.18222,8698
48201976,48.201976,8699
48221733,48.221733,8703
48241488,48.241488,8703
48261405,48.261405,8706
48281164,48.281164,8696
48300918,48.300918,8692
48320674,48.320674,8699
48340431,48.340431,8704
48360345,48.360345,8699
48380102,48.380102,8702
48399857,48.399857,8692
48419615,48.419615,8697
48439371,48.439371,8703
48459128,48.459128,8698
48479043,48.479043,8694
48498801,48.498801,8697
48518555,48.518555,8695
48538312,48.538312,8696
48558068,48.558068,8700
48577825,48.577825,8703
48597742,48.597742,8705
48617499,48.617499,8699
48637255,48.637255,8697
48657010,48.65701,8700
48676767,48.676767,8702
48696681,48.696681,8707
48716438,48.716438,8692
48736194,48.736194,8703
48755951,48.755951,8699
48775707,48.775707,8701
48795465,48.795465,8700
48815379,48.815379,8706
48835137,48.835137,8697
48854893,48.854893,8696
48874649,48.874649,8703
48894406,48.894406,8709
48914323,48.914323,8706
48934077,48.934077,8696
48953833,48.953833,8704
48973590,48.97359,8702
48993345,48.993345,8700
49013102,49.013102,8702
49033016,49.033016,8704
49052774,49.052774,8698
49072530,49.07253,8701
49092287,49.092287,8697
49112043,49.112043,8700
49131801,49.131801,8703
49151714,49.151714,8703
49171472,49.171472,8696
49191227,49.191227,8698
49210983,49.210983,8697
49230739,49.230739,8708
49250653,49.250653,8700
49270411,49.270411,8691
49290166,49.290166,8695
49309922,49.309922,8695
49329678,49.329678,8707
49349434,49.349434,8705
49369349,49.369349,8700
49389106,49.389106,8700
49408862,49.408862,8695
49428617,49.428617,8709
49448374,49.448374,8698
49468292,49.468292,8710
49488048,49.488048,8692
49507804,49.507804,8695
49527561,49.527561,8694
49547319,49.547319,8704
49567075,49.567075,8703
49586990,49.58699,8699
49606745,49.606745,8693
49626501,49.626501,8697
49646260,49.64626,8701
49666016,49.666016,8705
49685774,49.685774,8705
49705690,49.70569,8703
49725446,49.725446,8700
49745203,49.745203,8700
49764960,49.76496,8701
49784714,49.784714,8705
49804631,49.804631,8701
49824387,49.824387,8697
49844143,49.844143,8692
49863898,49.863898,8696
49883653,49.883653,8703
49903411,49.903411,8700
49923326,49.923326,8703
49943081,49.943081,8694
49962837,49.962837,8701
49982594,49.982594,8704
50002349,50.002349,8707
50022265,50.022265,8708
50042021,50.042021,8693
50061777,50.061777,8699
50081534,50.081534,8700
50101292,50.101292,8706
50121048,50.121048,8703
50140963,50.140963,8703
50160720,50.16072,8690
50180478,50.180478,8697
50200234,50.200234,8704
50219990,50.21999,8700
50239905,50.239905,8706
50259661,50.259661,8692
50279419,50.279419,8705
50299176,50.299176,8700
50318933,50.318933,8701
50338849,50.338849,8702
50358605,50.358605,8698
50378362,50.378362,8693
50398119,50.398119,8698
50417874,50.417874,8702
50437632,50.437632,8701
50457548,50.457548,8702
50477305,50.477305,8693
50497061,50.497061,8700
50516817,50.516817,8697
50536574,50.536574,8703
50556488,50.556488,8699
50576246,50.576246,8698
50596004,50.596004,8698
50615760,50.61576,8698
50635516,50.635516,8707
50655274,50.655274,8692
50675189,50.675189,8699
50694946,50.694946,8696
50714702,50.714702,8701
50734458,50.734458,8699
50754215,50.754215,8699
50774132,50.774132,8699
50793889,50.793889,8691
50813644,50.813644,8696
50833400,50.8334,8695
50853157,50.853157,8704
50872912,50.872912,8699
50892827,50.892827,8702
50912583,50.912583,8702
50932339,50.932339,8691
50952096,50.952096,8703
50971851,50.971851,8708
50991767,50.991767,8699
51011522,51.011522,8691
51031278,51.031278,8697
51051035,51.051035,8695
51070792,51.070792,8705
51090548,51.090548,8701
51110465,51.110465,8705
51130220,51.13022,8699
51149976,51.149976,8697
51169733,51.169733,8700
51189488,51.189488,8700
51209405,51.209405,8704
51229164,51.229164,8695
51248918,51.248918,8694
51268674,51.268674,8699
51288431,51.288431,8706
51308186,51.308186,8704
51328102,51.328102,8700
51347857,51.347857,8693
51367615,51.367615,8699
51387371,51.387371,8695
51407128,51.407128,8710
51427043,51.427043,8701
51446801,51.446801,8705
51466555,51.466555,8700
51486312,51.486312,8705
51506068,51.506068,8700
51525825,51.525825,8710
51545742,51.545742,8706
51565499,51.565499,8694
51585255,51.585255,8701
51605010,51.60501,8698
51624767,51.624767,8703
51644522,51.644522,8700
51664438,51.664438,8697
51684194,51.684194,8691
51703951,51.703951,8695
51723707,51.723707,8702
51743465,51.743465,8697
51763220,51.76322,8704
51783137,51.783137,8696
51802893,51.802893,8696
51822649,51.822649,8694
51842406,51.842406,8705
51862164,51.862164,8702
51882077,51.882077,8703
51901833,51.901833,8698
51921590,51.92159,8698
51941345,51.941345,8700
51961102,51.961102,8707
51980857,51.980857,8705
52000774,52.000774,8703
52020530,52.02053,8700
52040287,52.040287,8699
52060043,52.060043,8703
52079801,52.079801,8706
52099555,52.099555,8699
52119472,52.119472,8697
52139227,52.139227,8699
52158983,52.158983,8699
52178739,52.178739,8703
52198494,52.198494,8706
52218411,52.218411,8702
52238166,52.238166,8689
52257922,52.257922,8700
52277678,52.277678,8698
52297434,52.297434,8714
52317190,52.31719,8709
52337106,52.337106,8710
52356862,52.356862,8695
52376617,52.376617,8697
52396374,52.396374,8701
52416132,52.416132,8699
52436048,52.436048,8700
52455804,52.455804,8691
52475561,52.475561,8693
52495319,52.495319,8702
52515075,52.515075,8700
52534830,52.53483,8704
52554745,52.554745,8697
52574501,52.574501,8697
52594260,52.59426,8694
52614016,52.614016,8700
52633774,52.633774,8699
52653530,52.65353,8708
52673446,52.673446,8704
52693203,52.693203,8696
52712960,52.71296,8688
52732714,52.732714,8702
52752472,52.752472,8696
52772387,52.772387,8702
52792143,52.792143,8693
52811898,52.811898,8697
52831653,52.831653,8703
52851411,52.851411,8706
52871166,52.871166,8699
52891081,52.891081,8707
52910837,52.910837,8698
52930594,52.930594,8692
52950349,52.950349,8702
52970106,52.970106,8705
52990021,52.990021,8699
53009777,53.009777,8698
53029534,53.029534,8700
53049292,53.049292,8699
53069048,53.069048,8708
53088804,53.088804,8711
53108720,53.10872,8701
53128478,53.128478,8696
53148234,53.148234,8698
53167990,53.16799,8699
53187745,53.187745,8705
53207661,53.207661,8711
53227419,53.227419,8706
53247176,53.247176,8690
53266933,53.266933,8697
53286690,53.28669,8702
53306446,53.306446,8696
53326362,53.326362,8702
53346119,53.346119,8694
53365874,53.365874,8692
53385632,53.385632,8700
53405389,53.405389,8703
53425146,53.425146,8708
53445061,53.445061,8705
53464817,53.464817,8700
53484574,53.484574,8699
53504329,53.504329,8706
53524087,53.524087,8703
53543844,53.543844,8709
53563759,53.563759,8699
53583515,53.583515,8696
53603271,53.603271,8692
53623027,53.623027,8705
53642783,53.642783,8703
53662698,53.662698,8701
53682455,53.682455,8702
53702212,53.702212,8704
53721967,53.721967,8707
53741725,53.741725,8702
53761482,53.761482,8706
53781396,53.781396,8707
53801153,53.801153,8691
53820910,53.82091,8698
53840666,53.840666,8705
53860424,53.860424,8703
53880180,53.88018,8696
53900096,53.900096,8704
53919851,53.919851,8695
53939608,53.939608,8699
53959363,53.959363,8701
53979119,53.979119,8700
53999035,53.999035,8706
54018792,54.018792,8685
54038548,54.038548,8687
54058305,54.058305,8708
54078061,54.078061,8702
54097817,54.097817,8698
54117733,54.117733,8700
54137488,54.137488,8696
54157246,54.157246,8706
54177004,54.177004,8707
54196760,54.19676,8705
54216676,54.216676,8704
54236433,54.236433,8693
54256189,54.256189,8700
54275946,54.275946,8698
54295702,54.295702,8701
54315458,54.315458,8700
54335374,54.335374,8702
54355132,54.355132,8696
54374889,54.374889,8696
54394644,54.394644,8698
54414400,54.4144,8703
54434316,54.434316,8696
54454071,54.454071,8705
54473827,54.473827,8698
54493583,54.493583,8700
54513339,54.513339,8696
54533096,54.533096,8699
54553010,54.55301,8700
54572767,54.572767,8689
54592522,54.592522,8699
54612278,54.612278,8691
54632035,54.632035,8702
54651792,54.651792,8700
54671707,54.671707,8703
54691465,54.691465,8692
54711220,54.71122,8696
54730976,54.730976,8699
54750733,54.750733,8704
54770647,54.770647,8698
54790405,54.790405,8693
54810164,54.810164,8688
54829918,54.829918,8702
54849674,54.849674,8696
54869431,54.869431,8699
54889345,54.889345,8702
54909102,54.909102,8698
54928857,54.928857,8699
54948615,54.948615,8699
54968371,54.968371,8705
54988128,54.988128,8701
55008043,55.008043,8707
55027801,55.027801,8698
55047555,55.047555,8700
55067312,55.067312,8702
55087068,55.087068,8705
55106984,55.106984,8705
55126742,55.126742,8694
55146499,55.146499,8699
55166255,55.166255,8699
55186010,55.18601,8708
55205767,55.205767,8702
55225681,55.225681,8713
55245438,55.245438,8694
55265194,55.265194,8699
55284951,55.284951,8702
55304707,55.304707,8713
55324624,55.324624,8701
55344379,55.344379,8694
55364137,55.364137,8696
55383893,55.383893,8698
55403649,55.403649,8712
55423406,55.423406,8705
55443323,55.443323,8706
55463077,55.463077,8703
55482833,55.482833,8693
55502590,55.50259,8706
55522345,55.522345,8705
55542261,55.542261,8706
55562016,55.562016,8691
55581774,55.581774,8698
55601530,55.60153,8693
55621287,55.621287,8711
55641043,55.641043,8704
55660960,55.66096,8700
55680714,55.680714,8693
55700472,55.700472,8694
55720227,55.720227,8710
55739983,55.739983,8712
55759898,55.759898,8694
55779653,55.779653,8693
55799411,55.799411,8695
55819166,55.819166,8704
55838922,55.838922,8707
55858678,55.858678,8708
55878594,55.878594,8704
55898349,55.898349,8698
55918106,55.918106,8695
55937862,55.937862,8705
55957617,55.957617,8708
55977534,55.977534,8700
55997292,55.997292,8696
56017048,56.017048,8695
56036804,56.036804,8697
56056561,56.056561,8701
56076319,56.076319,8698
56096234,56.096234,8706
56115990,56.11599,8700
56135745,56.135745,8701
56155501,56.155501,8705
56175260,56.17526,8707
56195176,56.195176,8700
56214933,56.214933,8691
56234690,56.23469,8693
56254446,56.254446,8694
56274203,56.274203,8709
56293960,56.29396,8700
56313874,56.313874,8702
56333631,56.333631,8698
starting,#VALUE!,
72039333,72.039333,8712
72042854,72.042854,8707
72062770,72.06277,8706
72082526,72.082526,8704
72102281,72.102281,8698
72122037,72.122037,8709
72141794,72.141794,8705
72161708,72.161708,8708
72181465,72.181465,8692
72201220,72.20122,8704
72220976,72.220976,8703
72240733,72.240733,8703
72260488,72.260488,8703
72280405,72.280405,8704
72300164,72.300164,8690
72319918,72.319918,8698
72339674,72.339674,8709
72359431,72.359431,8706
72379345,72.379345,8701
72399102,72.399102,8693
72418857,72.418857,8698
72438615,72.438615,8701
72458371,72.458371,8704
72478128,72.478128,8702
72498043,72.498043,8705
72517801,72.517801,8692
72537555,72.537555,8700
72557312,72.557312,8706
72577068,72.577068,8712
72596825,72.596825,8701
72616742,72.616742,8703
72636499,72.636499,8699
72656255,72.656255,8699
72676010,72.67601,8703
72695767,72.695767,8705
72715681,72.715681,8704
72735438,72.735438,8707
72755194,72.755194,8696
72774951,72.774951,8695
72794707,72.794707,8703
72814465,72.814465,8704
72834379,72.834379,8699
72854137,72.854137,8698
72873893,72.873893,8696
72893649,72.893649,8698
72913406,72.913406,8707
72933164,72.933164,8707
72953077,72.953077,8699
72972833,72.972833,8697
72992590,72.99259,8699
73012345,73.012345,8705
73032102,73.032102,8706
73052016,73.052016,8697
73071774,73.071774,8700
73091530,73.09153,8696
73111287,73.111287,8701
73131043,73.131043,8707
73150801,73.150801,8709
73170714,73.170714,8698
73190472,73.190472,8691
73210227,73.210227,8696
73229983,73.229983,8703
73249739,73.249739,8702
73269494,73.269494,8703
73289411,73.289411,8699
73309166,73.309166,8698
73328922,73.328922,8696
73348678,73.348678,8706
73368434,73.368434,8705
73388349,73.388349,8704
73408106,73.408106,8701
73427862,73.427862,8699
73447617,73.447617,8705
73467374,73.467374,8698
73487132,73.487132,8705
73507048,73.507048,8708
73526804,73.526804,8702
73546561,73.546561,8702
73566319,73.566319,8694
73586075,73.586075,8710
73605830,73.60583,8709
73625745,73.625745,8704
73645501,73.645501,8698
73665260,73.66526,8697
73685016,73.685016,8701
73704774,73.704774,8704
73724530,73.72453,8701
73744446,73.744446,8704
73764203,73.764203,8694
73783960,73.78396,8704
73803714,73.803714,8708
73823472,73.823472,8705
73843387,73.843387,8700
73863143,73.863143,8701
73882898,73.882898,8703
73902653,73.902653,8699
73922411,73.922411,8707
73942166,73.942166,8705
73962081,73.962081,8709
73981837,73.981837,8699
74001594,74.001594,8695
74021349,74.021349,8698
74041106,74.041106,8708
74060862,74.060862,8701
74080777,74.080777,8705
74100534,74.100534,8699
74120292,74.120292,8700
74140048,74.140048,8710
74159804,74.159804,8711
74179561,74.179561,8693
74199478,74.199478,8708
74219234,74.219234,8695
74238990,74.23899,8695
74258745,74.258745,8704
74278501,74.278501,8698
74298260,74.29826,8703
74318176,74.318176,8702
74337933,74.337933,8700
74357690,74.35769,8702
74377446,74.377446,8694
74397203,74.397203,8701
74416960,74.41696,8703
74436874,74.436874,8711
74456631,74.456631,8697
74476387,74.476387,8690
74496143,74.496143,8711
74515898,74.515898,8707
74535813,74.535813,8715
74555570,74.55557,8701
74575326,74.575326,8704
74595081,74.595081,8698
74614837,74.614837,8703
74634594,74.634594,8707
74654508,74.654508,8701
74674265,74.674265,8698
74694021,74.694021,8689
74713777,74.713777,8706
74733534,74.733534,8703
74753292,74.753292,8704
74773207,74.773207,8705
74792963,74.792963,8694
74812719,74.812719,8701
74832475,74.832475,8710
74852231,74.852231,8707
74872147,74.872147,8699
74891902,74.891902,8698
74911658,74.911658,8697
74931415,74.931415,8702
74951169,74.951169,8703
74970928,74.970928,8704
74990844,74.990844,8706
75010600,75.0106,8694
75030356,75.030356,8691
75050112,75.050112,8707
75069868,75.069868,8700
75089783,75.089783,8701
75109539,75.109539,8700
75129296,75.129296,8697
75149053,75.149053,8696
75168808,75.168808,8702
75188566,75.188566,8707
75208482,75.208482,8698
75228237,75.228237,8694
75247993,75.247993,8704
75267749,75.267749,8706
75287505,75.287505,8706
75307261,75.307261,8706
75327176,75.327176,8698
75346933,75.346933,8698
75366690,75.36669,8699
75386446,75.386446,8709
75406203,75.406203,8701
75426119,75.426119,8699
75445874,75.445874,8698
75465632,75.465632,8694
75485389,75.485389,8701
75505146,75.505146,8707
75524902,75.524902,8702
75544817,75.544817,8700
75564574,75.564574,8692
75584329,75.584329,8696
75604087,75.604087,8709
75623844,75.623844,8707
75643759,75.643759,8705
75663515,75.663515,8694
75683271,75.683271,8702
75703027,75.703027,8694
75722783,75.722783,8709
75742539,75.742539,8706
75762455,75.762455,8705
75782212,75.782212,8698
75801967,75.801967,8699
75821725,75.821725,8702
75841482,75.841482,8703
75861396,75.861396,8701
75881153,75.881153,8698
75900910,75.90091,8694
75920666,75.920666,8696
75940424,75.940424,8707
75960180,75.96018,8707
75980096,75.980096,8699
75999851,75.999851,8697
76019608,76.019608,8702
76039363,76.039363,8703
76059119,76.059119,8698
76078874,76.078874,8707
76098792,76.098792,8709
76118548,76.118548,8702
76138305,76.138305,8693
76158061,76.158061,8707
76177817,76.177817,8702
76197733,76.197733,8700
76217488,76.217488,8690
76237246,76.237246,8694
76257004,76.257004,8700
76276760,76.27676,8702
76296516,76.296516,8705
76316433,76.316433,8701
76336189,76.336189,8691
76355946,76.355946,8695
76375702,76.375702,8706
76395458,76.395458,8703
76415215,76.415215,8704
76435132,76.435132,8703
76454889,76.454889,8700
76474644,76.474644,8695
76494400,76.4944,8702
76514157,76.514157,8706
76534071,76.534071,8701
76553827,76.553827,8700
76573583,76.573583,8701
76593339,76.593339,8699
76613096,76.613096,8704
76632851,76.632851,8702
76652767,76.652767,8702
76672522,76.672522,8697
76692278,76.692278,8699
76712035,76.712035,8704
76731792,76.731792,8705
76751548,76.751548,8710
76771465,76.771465,8699
76791220,76.79122,8698
76810976,76.810976,8695
76830733,76.830733,8700
76850488,76.850488,8702
76870246,76.870246,8703
76890164,76.890164,8707
76909918,76.909918,8696
76929674,76.929674,8696
76949431,76.949431,8702
76969186,76.969186,8708
76988943,76.988943,8696
77008857,77.008857,8703
77028615,77.028615,8694
77048371,77.048371,8699
77068128,77.068128,8704
77087884,77.087884,8706
77107642,77.107642,8702
77127555,77.127555,8707
77147312,77.147312,8700
77167068,77.167068,8698
77186825,77.186825,8700
77206583,77.206583,8708
77226499,77.226499,8707
77246255,77.246255,8697
77266010,77.26601,8693
77285767,77.285767,8699
77305522,77.305522,8702
77325278,77.325278,8701
77345194,77.345194,8705
77364951,77.364951,8699
77384707,77.384707,8695
77404465,77.404465,8699
77424220,77.42422,8712
77443976,77.443976,8706
77463892,77.463892,8699
77483647,77.483647,8703
77503405,77.503405,8700
77523164,77.523164,8702
77542918,77.542918,8705
77562674,77.562674,8705
77582590,77.58259,8697
77602345,77.602345,8697
77622102,77.622102,8703
77641857,77.641857,8703
77661615,77.661615,8707
77681530,77.68153,8704
77701287,77.701287,8699
77721043,77.721043,8696
77740801,77.740801,8701
77760555,77.760555,8710
77780312,77.780312,8710
77800227,77.800227,8706
77819983,77.819983,8695
77839739,77.839739,8698
77859494,77.859494,8699
77879252,77.879252,8704
77899007,77.899007,8702
77918922,77.918922,8708
77938677,77.938677,8703
77958434,77.958434,8699
77978189,77.978189,8703
77997946,77.997946,8706
78017702,78.017702,8695
78037617,78.037617,8707
78057374,78.057374,8700
78077132,78.077132,8694
78096889,78.096889,8705
78116644,78.116644,8699
78136559,78.136559,8701
78156316,78.156316,8706
78176071,78.176071,8701
78195827,78.195827,8703
78215583,78.215583,8704
78235339,78.235339,8710
78255255,78.255255,8696
78275010,78.27501,8702
78294767,78.294767,8701
78314522,78.314522,8702
78334278,78.334278,8704
78354035,78.354035,8705
78373951,78.373951,8704
78393707,78.393707,8695
78413465,78.413465,8697
78433220,78.43322,8703
78452976,78.452976,8706
78472892,78.472892,8703
78492647,78.492647,8696
78512405,78.512405,8698
78532164,78.532164,8700
78551918,78.551918,8707
78571674,78.571674,8703
78591590,78.59159,8701
78611345,78.611345,8698
78631102,78.631102,8701
78650857,78.650857,8703
78670615,78.670615,8707
78690530,78.69053,8695
78710287,78.710287,8694
78730043,78.730043,8698
78749801,78.749801,8702
78769555,78.769555,8709
78789312,78.789312,8704
78809227,78.809227,8701
78828983,78.828983,8699
78848739,78.848739,8696
78868494,78.868494,8710
78888252,78.888252,8704
78908166,78.908166,8706
78927922,78.927922,8699
78947678,78.947678,8701
78967434,78.967434,8703
78987190,78.98719,8707
79006946,79.006946,8708
79026862,79.026862,8703
79046617,79.046617,8707
79066374,79.066374,8700
79086132,79.086132,8704
79105889,79.105889,8706
79125803,79.125803,8701
79145559,79.145559,8698
79165316,79.165316,8699
79185071,79.185071,8704
79204827,79.204827,8708
79224583,79.224583,8711
79244499,79.244499,8699
79264255,79.264255,8697
79284010,79.28401,8694
79303767,79.303767,8710
79323522,79.323522,8708
79343438,79.343438,8709
79363194,79.363194,8699
79382951,79.382951,8701
79402707,79.402707,8694
79422465,79.422465,8712
79442220,79.44222,8703
79462137,79.462137,8712
79481893,79.481893,8701
79501649,79.501649,8704
79521406,79.521406,8710
79541164,79.541164,8707
79560918,79.560918,8706
79580833,79.580833,8705
79600590,79.60059,8699
79620345,79.620345,8697
79640102,79.640102,8705
79659857,79.659857,8701
79679774,79.679774,8709
79699530,79.69953,8695
79719287,79.719287,8698
79739043,79.739043,8701
79758801,79.758801,8708
79778555,79.778555,8701
79798472,79.798472,8698
79818227,79.818227,8705
79837983,79.837983,8703
79857739,79.857739,8702
79877494,79.877494,8703
79897252,79.897252,8708
79917166,79.917166,8705
79936922,79.936922,8697
79956678,79.956678,8704
79976434,79.976434,8706
79996190,79.99619,8716
80016106,80.016106,8694
80035862,80.035862,8695
80055617,80.055617,8705
80075374,80.075374,8702
80095132,80.095132,8705
80114889,80.114889,8717
80134803,80.134803,8696
80154559,80.154559,8699
80174316,80.174316,8707
80194071,80.194071,8708
80213827,80.213827,8702
80233742,80.233742,8701
80253499,80.253499,8699
80273255,80.273255,8700
80293010,80.29301,8701
80312767,80.312767,8703
80332522,80.332522,8704
80352438,80.352438,8703
80372194,80.372194,8699
80391951,80.391951,8700
80411707,80.411707,8702
80431465,80.431465,8710
80451379,80.451379,8704
80471137,80.471137,8699
80490893,80.490893,8696
80510649,80.510649,8699
80530406,80.530406,8703
80550164,80.550164,8705
80570077,80.570077,8706
80589833,80.589833,8705
80609590,80.60959,8697
80629345,80.629345,8702
80649102,80.649102,8709
80668857,80.668857,8706
80688774,80.688774,8706
80708530,80.70853,8701
80728287,80.728287,8704
80748043,80.748043,8710
80767801,80.767801,8706
80787714,80.787714,8706
80807472,80.807472,8702
80827227,80.827227,8703
80846983,80.846983,8698
80866739,80.866739,8698
80886494,80.886494,8705
80906411,80.906411,8701
80926166,80.926166,8698
80945922,80.945922,8706
80965678,80.965678,8705
80985434,80.985434,8703
81005349,81.005349,8704
81025106,81.025106,8706
81044862,81.044862,8705
81064617,81.064617,8696
81084374,81.084374,8705
81104132,81.104132,8703
81124048,81.124048,8705
81143804,81.143804,8694
81163561,81.163561,8704
81183319,81.183319,8701
81203075,81.203075,8711
81222830,81.22283,8701
81242745,81.242745,8709
81262501,81.262501,8695
81282260,81.28226,8700
81302016,81.302016,8704
81321774,81.321774,8704
81341530,81.34153,8703
81361446,81.361446,8701
81381203,81.381203,8699
81400960,81.40096,8700
81420714,81.420714,8704
81440472,81.440472,8702
81460387,81.460387,8710
81480143,81.480143,8698
81499898,81.499898,8702
81519653,81.519653,8701
81539411,81.539411,8709
81559166,81.559166,8707
81579081,81.579081,8704
81598837,81.598837,8698
81618594,81.618594,8704
81638349,81.638349,8704
81658106,81.658106,8706
81678021,81.678021,8706
81697777,81.697777,8698
81717534,81.717534,8703
81737292,81.737292,8702
81757048,81.757048,8708
81776804,81.776804,8713
81796720,81.79672,8703
81816478,81.816478,8700
81836234,81.836234,8705
81855990,81.85599,8711
81875745,81.875745,8711
81895661,81.895661,8710
81915419,81.915419,8701
81935176,81.935176,8703
81954933,81.954933,8704
81974690,81.97469,8704
81994446,81.994446,8704
82014362,82.014362,8708
82034119,82.034119,8697
82053874,82.053874,8699
82073632,82.073632,8695
82093389,82.093389,8710
82113146,82.113146,8698
82133061,82.133061,8706
82152817,82.152817,8699
82172574,82.172574,8702
82192329,82.192329,8705
82212087,82.212087,8706
82232004,82.232004,8700
82251760,82.25176,8714
82271516,82.271516,8699
82291274,82.291274,8701
82311030,82.31103,8710
82330787,82.330787,8711
82350702,82.350702,8705
82370458,82.370458,8701
82390215,82.390215,8699
82409972,82.409972,8702
82429729,82.429729,8700
82449485,82.449485,8703
82469400,82.4694,8705
82489157,82.489157,8695
82508912,82.508912,8698
82528668,82.528668,8702
82548424,82.548424,8705
82568339,82.568339,8707
82588096,82.588096,8700
82607851,82.607851,8700
82627608,82.627608,8699
82647363,82.647363,8707
82667119,82.667119,8702
82687035,82.687035,8707
82706792,82.706792,8695
82726548,82.726548,8692
82746305,82.746305,8702
82766061,82.766061,8708
82785976,82.785976,8702
82805733,82.805733,8694
82825488,82.825488,8697
82845246,82.845246,8704
82865004,82.865004,8713
82884760,82.88476,8703
82904676,82.904676,8707
82924433,82.924433,8698
82944189,82.944189,8703
82963946,82.963946,8702
82983702,82.983702,8707
83003617,83.003617,8704
83023374,83.023374,8703
83043132,83.043132,8701
83062889,83.062889,8702
83082644,83.082644,8709
83102400,83.1024,8708
83122316,83.122316,8705
83142071,83.142071,8701
83161827,83.161827,8700
83181583,83.181583,8700
83201339,83.201339,8709
83221096,83.221096,8701
83241010,83.24101,8707
83260767,83.260767,8701
83280522,83.280522,8702
83300278,83.300278,8709
83320035,83.320035,8711
83339951,83.339951,8701
83359707,83.359707,8705
83379465,83.379465,8698
83399220,83.39922,8699
83418976,83.418976,8704
83438733,83.438733,8704
83458647,83.458647,8700
83478405,83.478405,8692
83498164,83.498164,8703
83517918,83.517918,8703
83537674,83.537674,8705
83557431,83.557431,8710
83577345,83.577345,8701
83597102,83.597102,8698
83616857,83.616857,8696
83636615,83.636615,8705
83656371,83.656371,8709
83676128,83.676128,8713
83696043,83.696043,8708
83715801,83.715801,8698
83735555,83.735555,8706
83755312,83.755312,8702
83775068,83.775068,8707
83794984,83.794984,8705
83814742,83.814742,8705
83834499,83.834499,8703
83854255,83.854255,8701
83874010,83.87401,8706
83893767,83.893767,8705
83913681,83.913681,8705
83933438,83.933438,8698
83953194,83.953194,8706
83972951,83.972951,8704
83992707,83.992707,8716
84012465,84.012465,8710
84032379,84.032379,8703
84052137,84.052137,8703
84071893,84.071893,8703
84091649,84.091649,8707
84111406,84.111406,8708
84131164,84.131164,8712
84151077,84.151077,8708
84170833,84.170833,8701
84190590,84.19059,8699
84210345,84.210345,8703
84230102,84.230102,8710
84250016,84.250016,8707
84269774,84.269774,8699
84289530,84.28953,8699
84309287,84.309287,8704
84329043,84.329043,8712
84348801,84.348801,8709
84368714,84.368714,8702
84388472,84.388472,8706
84408227,84.408227,8702
84427983,84.427983,8702
84447739,84.447739,8710
84467494,84.467494,8712
84487411,84.487411,8709
84507166,84.507166,8699
84526922,84.526922,8710
84546678,84.546678,8697
84566434,84.566434,8716
84586190,84.58619,8711
84606106,84.606106,8708
84625862,84.625862,8700
84645617,84.645617,8698
84665374,84.665374,8704
84685132,84.685132,8707
84704889,84.704889,8711
84724803,84.724803,8705
84744559,84.744559,8698
84764316,84.764316,8708
84784071,84.784071,8709
84803827,84.803827,8713
84823742,84.823742,8713
84843499,84.843499,8704
84863255,84.863255,8705
84883010,84.88301,8704
84902767,84.902767,8710
84922522,84.922522,8716
84942438,84.942438,8710
84962194,84.962194,8701
84981951,84.981951,8703
85001707,85.001707,8703
85021465,85.021465,8714
85041220,85.04122,8708
85061137,85.061137,8712
85080893,85.080893,8693
85100649,85.100649,8706
85120406,85.120406,8711
85140164,85.140164,8701
85160077,85.160077,8706
85179833,85.179833,8703
85199590,85.19959,8698
85219345,85.219345,8702
85239102,85.239102,8705
85258857,85.258857,8707
85278774,85.278774,8703
85298530,85.29853,8708
85318287,85.318287,8699
85338043,85.338043,8712
85357801,85.357801,8706
85377555,85.377555,8710
85397472,85.397472,8708
85417227,85.417227,8709
85436983,85.436983,8704
85456739,85.456739,8708
85476494,85.476494,8703
85496411,85.496411,8705
85516166,85.516166,8698
85535922,85.535922,8697
85555678,85.555678,8705
85575434,85.575434,8711
85595190,85.59519,8706
85615106,85.615106,8711
85634862,85.634862,8700
85654617,85.654617,8703
85674374,85.674374,8713
85694132,85.694132,8709
85713889,85.713889,8708
85733803,85.733803,8712
85753559,85.753559,8702
85773316,85.773316,8705
85793071,85.793071,8705
85812827,85.812827,8713
85832583,85.832583,8710
85852499,85.852499,8711
85872255,85.872255,8702
85892010,85.89201,8704
85911767,85.911767,8705
85931522,85.931522,8714
85951278,85.951278,8710
85971194,85.971194,8705
85990951,85.990951,8700
86010707,86.010707,8709
86030465,86.030465,8706
86050220,86.05022,8710
86070137,86.070137,8707
86089893,86.089893,8709
86109649,86.109649,8706
86129406,86.129406,8701
86149164,86.149164,8703
86168918,86.168918,8702
86188833,86.188833,8710
86208590,86.20859,8705
86228345,86.228345,8696
86248102,86.248102,8701
86267857,86.267857,8712
86287615,86.287615,8708
86307530,86.30753,8711
86327287,86.327287,8705
86347043,86.347043,8698
86366801,86.366801,8704
86386555,86.386555,8710
86406312,86.406312,8704
86426227,86.426227,8707
86445983,86.445983,8699
86465739,86.465739,8700
86485494,86.485494,8703
86505252,86.505252,8713
86525007,86.525007,8704
86544922,86.544922,8708
86564677,86.564677,8696
86584434,86.584434,8703
86604189,86.604189,8708
86623946,86.623946,8709
86643702,86.643702,8706
86663617,86.663617,8713
86683374,86.683374,8701
86703132,86.703132,8697
86722889,86.722889,8701
86742644,86.742644,8706
86762559,86.762559,8707
86782316,86.782316,8700
86802071,86.802071,8702
86821827,86.821827,8704
86841583,86.841583,8709
86861339,86.861339,8713
86881255,86.881255,8708
86901010,86.90101,8696
86920767,86.920767,8696
86940522,86.940522,8707
86960278,86.960278,8712
86980035,86.980035,8709
86999951,86.999951,8705
87019707,87.019707,8701
87039465,87.039465,8705
87059220,87.05922,8712
87078976,87.078976,8710
87098892,87.098892,8708
87118647,87.118647,8702
87138405,87.138405,8701
87158164,87.158164,8703
87177918,87.177918,8714
87197674,87.197674,8701
87217590,87.21759,8709
87237345,87.237345,8693
87257102,87.257102,8702
87276857,87.276857,8710
87296615,87.296615,8705
87316371,87.316371,8704
87336287,87.336287,8706
87356043,87.356043,8701
87375801,87.375801,8706
87395555,87.395555,8706
87415312,87.415312,8711
87435068,87.435068,8706
87454984,87.454984,8708
87474742,87.474742,8707
87494499,87.494499,8698
87514255,87.514255,8708
87534010,87.53401,8713
87553767,87.553767,8704
87573681,87.573681,8712
87593438,87.593438,8702
87613194,87.613194,8710
87632951,87.632951,8713
87652707,87.652707,8704
87672624,87.672624,8703
87692379,87.692379,8707
87712137,87.712137,8705
87731893,87.731893,8701
87751649,87.751649,8712
87771406,87.771406,8707
87791323,87.791323,8702
87811077,87.811077,8701
87830833,87.830833,8701
87850590,87.85059,8703
87870345,87.870345,8711
87890102,87.890102,8715
87910016,87.910016,8705
87929774,87.929774,8702
87949530,87.94953,8707
87969287,87.969287,8711
87989043,87.989043,8711
88008801,88.008801,8703
88028714,88.028714,8715
88048472,88.048472,8705
88068227,88.068227,8705
88087983,88.087983,8710
88107739,88.107739,8707
88127653,88.127653,8709
88147411,88.147411,8705
88167166,88.167166,8699
88186922,88.186922,8704
88206678,88.206678,8715
88226434,88.226434,8710
88246349,88.246349,8708
88266106,88.266106,8707
88285862,88.285862,8698
88305617,88.305617,8708
88325374,88.325374,8710
88345132,88.345132,8711
88365048,88.365048,8706
88384804,88.384804,8698
88404561,88.404561,8706
88424319,88.424319,8705
88444075,88.444075,8707
88463830,88.46383,8700
88483745,88.483745,8703
88503501,88.503501,8695
88523260,88.52326,8703
88543016,88.543016,8711
88562774,88.562774,8711
88582530,88.58253,8707
88602446,88.602446,8706
88622203,88.622203,8705
88641960,88.64196,8707
88661714,88.661714,8706
88681472,88.681472,8715
88701387,88.701387,8708
88721143,88.721143,8702
88740898,88.740898,8701
88760653,88.760653,8706
88780411,88.780411,8708
88800166,88.800166,8713
88820081,88.820081,8710
88839837,88.839837,8701
88859594,88.859594,8701
88879349,88.879349,8706
88899106,88.899106,8706
88918862,88.918862,8712
88938777,88.938777,8708
88958534,88.958534,8703
88978292,88.978292,8704
88998048,88.998048,8716
89017804,89.017804,8711
89037561,89.037561,8709
89057478,89.057478,8717
89077234,89.077234,8703
89096990,89.09699,8706
89116745,89.116745,8705
89136501,89.136501,8710
89156419,89.156419,8702
89176176,89.176176,8701
89195933,89.195933,8701
89215690,89.21569,8700
89235446,89.235446,8713
89255203,89.255203,8710
89275119,89.275119,8706
89294874,89.294874,8695
89314632,89.314632,8704
89334389,89.334389,8701
89354146,89.354146,8710
89373902,89.373902,8713
89393817,89.393817,8703
89413574,89.413574,8704
89433329,89.433329,8706
89453087,89.453087,8709
89472844,89.472844,8706
89492600,89.4926,8712
89512515,89.512515,8707
89532271,89.532271,8699
89552027,89.552027,8701
89571783,89.571783,8703
89591539,89.591539,8712
89611296,89.611296,8710
89631212,89.631212,8712
89650967,89.650967,8698
89670725,89.670725,8705
89690482,89.690482,8708
89710237,89.710237,8707
89730153,89.730153,8712
89749910,89.74991,8706
89769666,89.769666,8705
89789424,89.789424,8698
89809180,89.80918,8708
89828936,89.828936,8711
89848852,89.848852,8705
89868610,89.86861,8713
89888366,89.888366,8703
89908122,89.908122,8697
89927878,89.927878,8711
89947635,89.947635,8705
89967549,89.967549,8710
89987306,89.987306,8704
90007061,90.007061,8700
90026817,90.026817,8716
90046574,90.046574,8707
90066329,90.066329,8710
90086246,90.086246,8707
90106004,90.106004,8706
90125760,90.12576,8707
90145516,90.145516,8706
90165274,90.165274,8710
90185030,90.18503,8708
90204946,90.204946,8705
90224702,90.224702,8702
90244458,90.244458,8701
90264215,90.264215,8707
90283972,90.283972,8710
90303729,90.303729,8713
90323644,90.323644,8707
90343400,90.3434,8708
90363157,90.363157,8712
90382912,90.382912,8705
90402668,90.402668,8714
90422424,90.422424,8706
90442339,90.442339,8705
90462096,90.462096,8708
90481851,90.481851,8698
90501608,90.501608,8708
90521363,90.521363,8708
90541119,90.541119,8711
90561035,90.561035,8712
90580792,90.580792,8700
90600548,90.600548,8697
90620305,90.620305,8710
90640061,90.640061,8711
90659817,90.659817,8713
90679733,90.679733,8708
90699488,90.699488,8701
90719246,90.719246,8703
90739004,90.739004,8712
90758760,90.75876,8714
90778516,90.778516,8710
90798433,90.798433,8711
90818189,90.818189,8703
90837946,90.837946,8707
90857702,90.857702,8706
90877458,90.877458,8718
90897215,90.897215,8712
90917132,90.917132,8709
90936889,90.936889,8703
90956644,90.956644,8703
90976400,90.9764,8713
90996157,90.996157,8708
91016071,91.016071,8707
91035827,91.035827,8713
91055583,91.055583,8693
91075339,91.075339,8705
91095096,91.095096,8707
91114851,91.114851,8712
91134767,91.134767,8707
91154522,91.154522,8703
91174278,91.174278,8704
91194035,91.194035,8703
91213792,91.213792,8711
91233548,91.233548,8713
91253465,91.253465,8704
91273220,91.27322,8700
91292976,91.292976,8708
91312733,91.312733,8707
91332488,91.332488,8712
91352246,91.352246,8706
91372164,91.372164,8709
91391918,91.391918,8703
91411674,91.411674,8710
91431431,91.431431,8703
91451186,91.451186,8712
91470943,91.470943,8710
91490857,91.490857,8710
91510615,91.510615,8710
91530371,91.530371,8704
91550128,91.550128,8702
91569884,91.569884,8710
91589642,91.589642,8708
91609555,91.609555,8713
91629312,91.629312,8702
91649068,91.649068,8700
91668825,91.668825,8711
91688583,91.688583,8715
91708499,91.708499,8709
91728255,91.728255,8707
91748010,91.74801,8704
91767767,91.767767,8705
91787522,91.787522,8704
starting,#VALUE!,
107457515,107.457515,8721
107475850,107.47585,8704
107495621,107.495621,8703
