13707,0
180.68,13710,0
180.70,13720,0
180.72,13712,0
180.74,13720,0
180.76,13718,0
180.78,13716,0
180.80,13723,0
180.82,13724,0
180.84,13733,0
180.86,13736,0
180.88,13739,0
180.90,13736,0
180.92,13738,0
180.94,13739,0
180.96,13738,0
180.98,13729,0
181.00,13736,0
181.02,13730,0
181.04,13732,0
181.06,13725,0
181.08,13731,0
181.10,13725,0
181.12,13719,0
181.14,13721,0
181.16,13714,0
181.18,13710,0
181.20,13708,0
181.22,13708,0
181.24,13701,0
181.26,13702,0
181.28,13704,0
181.30,13709,0
181.32,13704,0
181.34,13711,0
181.36,13703,0
181.38,13705,0
181.40,13705,0
181.42,13716,0
181.43,13703,0
181.45,13700,0
181.47,13711,0
181.49,13704,0
181.51,13704,0
181.53,13704,0
181.55,13696,0
181.57,13696,0
181.59,13695,0
181.61,13692,0
181.63,13682,0
181.65,13657,0
181.67,13613,0
181.69,13545,0
181.71,13480,0
181.73,13440,0
181.75,13382,0
181.77,13342,0
181.79,13322,0
181.81,13307,0
181.83,13311,0
181.85,13305,0
181.87,13321,0
181.89,13348,0
181.91,13378,0
181.93,13414,0
181.95,13442,0
181.97,13465,0
181.99,13477,0
182.01,13499,0
182.03,13519,0
182.05,13531,0
182.07,13540,0
182.09,13558,0
182.11,13576,0
182.13,13584,0
182.15,13591,0
182.17,13603,0
182.19,13607,0
182.21,13619,0
182.22,13630,0
182.24,13644,0
182.26,13645,0
182.28,13659,0
182.30,13662,0
182.32,13668,0
182.34,13674,0
182.36,13688,0
182.38,13704,0
182.40,13723,0
182.42,13731,0
182.44,13750,0
182.46,13764,0
182.48,13778,0
182.50,13782,0
182.52,13770,0
182.54,13757,0
182.56,13751,0
182.58,13767,0
182.60,13790,0
182.62,13819,0
182.64,13848,0
182.66,13874,0
182.68,13898,0
182.70,13916,0
182.72,13944,0
182.74,13958,0
182.76,13981,0
182.78,13992,0
182.80,14002,0
182.82,14017,0
182.84,14037,0
182.86,14048,0
182.88,14060,0
182.90,14077,0
182.92,14081,0
182.94,14090,0
182.96,14103,0
182.98,14113,0
182.99,14120,0
183.01,14128,0
183.03,14141,0
183.05,14155,0
183.07,14163,0
183.09,14172,0
183.11,14181,0
183.13,14193,0
183.15,14200,0
183.17,14206,0
183.19,14214,0
183.21,14221,0
183.23,14233,0
183.25,14241,0
183.27,14241,0
183.29,14244,0
183.31,14258,0
183.33,14265,0
183.35,14269,0
183.37,14274,0
183.39,14277,0
183.41,14286,0
183.43,14295,0
183.45,14293,0
183.47,14298,0
183.49,14305,0
183.51,14314,0
183.53,14327,0
183.55,14336,0
183.57,14344,0
183.59,14350,0
183.61,14355,0
183.63,14358,0
183.65,14368,0
183.67,14380,0
183.69,14391,0
183.71,14391,0
183.73,14397,0
183.75,14404,0
183.76,14410,0
183.78,14427,0
183.80,14430,0
183.82,14434,0
183.84,14441,0
183.86,14450,0
183.88,14456,0
183.90,14461,0
183.92,14461,0
183.94,14475,0
183.96,14472,0
183.98,14480,0
184.00,14493,0
184.02,14495,0
184.04,14507,0
184.06,14512,0
184.08,14518,0
184.10,14524,0
184.12,14522,0
184.14,14527,0
184.16,14531,0
184.18,14532,0
184.20,14542,0
184.22,14538,0
184.24,14539,0
184.26,14544,0
184.28,14556,0
184.30,14545,0
184.32,14552,0
184.34,14554,0
184.36,14562,0
184.38,14567,0
184.40,14563,0
184.42,14572,0
184.44,14575,0
184.46,14573,0
184.48,14583,0
184.50,14587,0
184.52,14592,0
184.54,14590,0
184.55,14601,0
184.57,14599,0
184.59,14609,0
184.61,14611,0
184.63,14613,0
184.65,14622,0
184.67,14626,0
184.69,14626,0
184.71,14630,0
184.73,14634,0
184.75,14637,0
184.77,14641,0
184.79,14648,0
184.81,14650,0
184.83,14655,0
184.85,14660,0
184.87,14667,0
184.89,14669,0
184.91,14673,0
184.93,14674,0
184.95,14678,0
184.97,14687,0
184.99,14688,0
185.01,14689,0
185.03,14692,0
185.05,14696,0
185.07,14705,0
185.09,14702,0
185.11,14705,0
185.13,14706,0
185.15,14709,0
185.17,14712,0
185.19,14708,0
185.21,14713,0
185.23,14712,0
185.25,14713,0
185.27,14713,0
185.29,14710,0
185.30,14706,0
185.32,14709,0
185.34,14710,0
185.36,14708,0
185.38,14709,0
185.40,14709,0
185.42,14716,0
185.44,14715,0
185.46,14719,0
185.48,14722,0
185.50,14716,0
185.52,14719,0
185.54,14717,0
185.56,14728,0
185.58,14721,0
185.60,14724,0
185.62,14732,0
185.64,14741,0
185.66,14740,0
185.68,14742,0
185.70,14743,0
185.72,14745,0
185.74,14750,0
185.76,14753,0
185.78,14761,0
185.80,14758,0
185.82,14755,0
185.84,14754,0
185.86,14761,0
185.88,14766,0
185.90,14766,0
185.92,14771,0
185.94,14759,0
185.96,14761,0
185.98,14766,0
186.00,14767,0
186.02,14762,0
186.04,14756,0
186.06,14753,0
186.07,14756,0
186.09,14748,0
186.11,14742,0
186.13,14745,0
186.15,14745,0
186.17,14746,0
186.19,14748,0
186.21,14746,0
186.23,14746,0
186.25,14748,0
186.27,14749,0
186.29,14758,0
186.31,14762,0
186.33,14772,0
186.35,14770,0
186.37,14774,0
186.39,14774,0
186.41,14780,0
186.43,14783,0
186.45,14785,0
186.47,14791,0
186.49,14787,0
186.51,14796,0
186.53,14793,0
186.55,14797,0
186.57,14794,0
186.59,14793,0
186.61,14798,0
186.63,14800,0
186.65,14802,0
186.67,14802,0
186.69,14800,0
186.71,14811,0
186.73,14809,0
186.75,14804,0
186.77,14809,0
186.79,14814,0
186.81,14808,0
186.83,14801,0
186.84,14807,0
186.86,14809,0
186.88,14811,0
186.90,14819,0
186.92,14811,0
186.94,14820,0
186.96,14821,0
186.98,14824,0
187.00,14826,0
187.02,14829,0
187.04,14828,0
187.06,14834,0
187.08,14829,0
187.10,14838,0
187.12,14840,0
187.14,14842,0
187.16,14841,0
187.18,14842,0
187.20,14844,0
187.22,14849,0
187.24,14847,0
187.26,14856,0
187.28,14851,0
187.30,14861,0
187.32,14858,0
187.34,14869,0
187.36,14870,0
187.38,14876,0
187.40,14883,0
187.42,14892,0
187.44,14895,0
187.46,14896,0
187.48,14892,0
187.50,14898,0
187.52,14905,0
187.54,14903,0
187.56,14902,0
187.58,14905,0
187.60,14912,0
187.61,14903,0
187.63,14911,0
187.65,14913,0
187.67,14909,0
187.69,14911,0
187.71,14911,0
187.73,14905,0
187.75,14913,0
187.77,14913,0
187.79,14909,0
187.81,14905,0
187.83,14902,0
187.85,14905,0
187.87,14906,0
187.89,14900,0
187.91,14899,0
187.93,14905,0
187.95,14901,0
187.97,14896,0
187.99,14902,0
188.01,14892,0
188.03,14888,0
188.05,14884,0
188.07,14870,0
188.09,14867,0
188.11,14872,0
188.13,14875,0
188.15,14871,0
188.17,14877,0
188.19,14878,0
188.21,14878,0
188.23,14872,0
188.25,14871,0
188.27,14867,0
188.29,14871,0
188.31,14867,0
188.33,14866,0
188.35,14864,0
188.37,14874,0
188.39,14870,0
188.40,14872,0
188.42,14874,0
188.44,14873,0
188.46,14887,0
188.48,14884,0
188.50,14880,0
188.52,14884,0
188.54,14892,0
188.56,14890,0
188.58,14891,0
188.60,14894,0
188.62,14899,0
188.64,14903,0
188.66,14905,0
188.68,14902,0
188.70,14901,0
188.72,14903,0
188.74,14909,0
188.76,14904,0
188.78,14911,0
188.80,14911,0
188.82,14915,0
188.84,14910,0
188.86,14916,0
188.88,14916,0
188.90,14912,0
188.92,14910,0
188.94,14911,0
188.96,14904,0
188.98,14897,0
189.00,14901,0
189.02,14893,0
189.04,14901,0
189.06,14912,0
189.08,14915,0
189.10,14919,0
189.12,14922,0
189.14,14921,0
189.16,14926,0
189.17,14919,0
189.19,14930,0
189.21,14934,0
189.23,14929,0
189.25,14932,0
189.27,14932,0
189.29,14942,0
189.31,14946,0
189.33,14949,0
189.35,14949,0
189.37,14956,0
189.39,14958,0
189.41,14962,0
189.43,14960,0
189.45,14959,0
189.47,14964,0
189.49,14963,0
189.51,14973,0
189.53,14968,0
189.55,14971,0
189.57,14975,0
189.59,14972,0
189.61,14980,0
189.63,14976,0
189.65,14987,0
189.67,14986,0
189.69,14981,0
189.71,14987,0
189.73,14989,0
189.75,14985,0
189.77,14990,0
189.79,14997,0
189.81,14993,0
189.83,14990,0
189.85,14994,0
189.87,14996,0
189.89,15000,0
189.91,14998,0
189.93,14999,0
189.94,14994,0
189.96,14999,0
189.98,15000,0
190.00,15009,0
190.02,15006,0
190.04,15010,0
190.06,15014,0
190.08,15008,0
190.10,15010,0
190.12,15011,0
190.14,15011,0
190.16,15014,0
190.18,15010,0
190.20,15018,0
190.22,15011,0
190.24,15012,0
190.26,15022,0
190.28,15016,0
190.30,15014,0
190.32,15025,0
190.34,15022,0
190.36,15022,0
190.38,15020,0
190.40,15027,0
190.42,15026,0
190.44,15020,0
190.46,15033,0
190.48,15030,0
190.50,15031,0
190.52,15033,0
190.54,15036,0
190.56,15033,0
190.58,15033,0
190.60,15037,0
190.62,15036,0
190.64,15039,0
190.66,15036,0
190.68,15042,0
190.70,15038,0
190.71,15038,0
190.73,15040,0
190.75,15040,0
190.77,15038,0
190.79,15039,0
190.81,15042,0
190.83,15046,0
190.85,15044,0
190.87,15047,0
190.89,15049,0
190.91,15044,0
190.93,15049,0
190.95,15053,0
190.97,15052,0
190.99,15054,0
191.01,15058,0
191.03,15061,0
191.05,15056,0
191.07,15060,0
191.09,15058,0
191.11,15060,0
191.13,15064,0
191.15,15066,0
191.17,15066,0
191.19,15062,0
191.21,15069,0
191.23,15073,0
191.25,15070,0
191.27,15069,0
191.29,15077,0
191.31,15075,0
191.33,15071,0
191.35,15073,0
191.37,15080,0
191.39,15073,0
191.41,15073,0
191.43,15083,0
191.45,15081,0
191.47,15075,0
191.48,15077,0
191.50,15075,0
191.52,15075,0
191.54,15073,0
191.56,15070,0
191.58,15073,0
191.60,15073,0
191.62,15072,0
191.64,15079,0
191.66,15080,0
191.68,15080,0
191.70,15080,0
191.72,15085,0
191.74,15092,0
191.76,15090,0
191.78,15091,0
191.80,15090,0
191.82,15087,0
191.84,15099,0
191.86,15088,0
191.88,15101,0
191.90,15100,0
191.92,15093,0
191.94,15095,0
191.96,15099,0
191.98,15101,0
192.00,15103,0
192.02,15103,0
192.04,15103,0
192.06,15107,0
192.08,15108,0
192.10,15109,0
192.12,15108,0
192.14,15108,0
192.16,15111,0
192.18,15112,0
192.20,15110,0
192.22,15110,0
192.24,15112,0
192.25,15112,0
192.27,15102,0
192.29,15103,0
192.31,15101,0
192.33,15099,0
192.35,15100,0
192.37,15107,0
192.39,15106,0
192.41,15111,0
192.43,15111,0
192.45,15103,0
192.47,15111,0
192.49,15114,0
192.51,15121,0
192.53,15116,0
192.55,15116,0
192.57,15117,0
192.59,15117,0
192.61,15113,0
192.63,15113,0
192.65,15114,0
192.67,15115,0
192.69,15121,0
192.71,15120,0
192.73,15118,0
192.75,15126,0
192.77,15124,0
192.79,15124,0
192.81,15123,0
192.83,15131,0
192.85,15125,0
192.87,15128,0
192.89,15128,0
192.91,15126,0
192.93,15130,0
192.95,15129,0
192.97,15129,0
192.99,15133,0
193.01,15129,0
193.02,15126,0
193.04,15122,0
193.06,15114,0
193.08,15116,0
193.10,15119,0
193.12,15117,0
193.14,15124,0
193.16,15123,0
193.18,15129,0
193.20,15134,0
193.22,15134,0
193.24,15134,0
193.26,15134,0
193.28,15139,0
193.30,15132,0
193.32,15126,0
193.34,15130,0
193.36,15130,0
193.38,15135,0
193.40,15134,0
193.42,15135,0
193.44,15140,0
193.46,15138,0
193.48,15139,0
193.50,15137,0
193.52,15143,0
193.54,15146,0
193.56,15142,0
193.58,15143,0
193.60,15145,0
193.62,15148,0
193.64,15150,0
193.66,15156,0
193.68,15147,0
193.70,15149,0
193.72,15150,0
193.74,15138,0
193.76,15151,0
193.78,15146,0
193.79,15147,0
193.81,15138,0
193.83,15135,0
193.85,15135,0
193.87,15136,0
193.89,15139,0
193.91,15134,0
193.93,15134,0
193.95,15139,0
193.97,15145,0
193.99,15142,0
194.01,15144,0
194.03,15149,0
194.05,15150,0
194.07,15154,0
194.09,15146,0
194.11,15145,0
194.13,15144,0
194.15,15141,0
194.17,15144,0
194.19,15144,0
194.21,15145,0
194.23,15148,0
194.25,15144,0
194.27,15151,0
194.29,15150,0
194.31,15150,0
194.33,15151,0
194.35,15145,0
194.37,15151,0
194.39,15154,0
194.41,15159,0
194.43,15151,0
194.45,15150,0
194.47,15149,0
194.49,15145,0
194.51,15147,0
194.53,15146,0
194.55,15150,0
194.56,15142,0
194.58,15140,0
194.60,15130,0
194.62,15119,0
194.64,15110,0
194.66,15114,0
194.68,15114,0
194.70,15118,0
194.72,15129,0
194.74,15130,0
194.76,15130,0
194.78,15136,0
194.80,15139,0
194.82,15140,0
194.84,15139,0
194.86,15137,0
194.88,15136,0
194.90,15144,0
194.92,15139,0
194.94,15137,0
194.96,15144,0
194.98,15138,0
195.00,15134,0
195.02,15144,0
195.04,15144,0
195.06,15146,0
195.08,15146,0
195.10,15144,0
195.12,15145,0
195.14,15145,0
195.16,15148,0
195.18,15154,0
195.20,15142,0
195.22,15152,0
195.24,15145,0
195.26,15149,0
195.28,15151,0
195.30,15148,0
195.32,15152,0
195.33,15144,0
195.35,15147,0
195.37,15150,0
195.39,15153,0
195.41,15144,0
195.43,15141,0
195.45,15125,0
195.47,15108,0
195.49,15099,0
195.51,15099,0
195.53,15103,0
195.55,15104,0
195.57,15119,0
195.59,15124,0
195.61,15125,0
195.63,15127,0
195.65,15130,0
195.67,15133,0
195.69,15136,0
195.71,15138,0
195.73,15141,0
195.75,15136,0
195.77,15137,0
195.79,15137,0
195.81,15130,0
195.83,15128,0
195.85,15131,0
195.87,15133,0
195.89,15136,0
195.91,15138,0
195.93,15137,0
195.95,15141,0
195.97,15140,0
195.99,15142,0
196.01,15147,0
196.03,15144,0
196.05,15148,0
196.07,15155,0
196.09,15154,0
196.10,15147,0
196.12,15150,0
196.14,15156,0
196.16,15157,0
196.18,15156,0
196.20,15162,0
196.22,15160,0
196.24,15163,0
196.26,15156,0
196.28,15153,0
196.30,15140,0
196.32,15132,0
196.34,15127,0
196.36,15126,0
196.38,15134,0
196.40,15138,0
196.42,15139,0
196.44,15145,0
196.46,15151,0
196.48,15155,0
196.50,15154,0
196.52,15152,0
196.54,15159,0
196.56,15152,0
196.58,15160,0
196.60,15156,0
196.62,15156,0
196.64,15158,0
196.66,15153,0
196.68,15152,0
196.70,15153,0
196.72,15163,0
196.74,15165,0
196.76,15162,0
196.78,15167,0
196.80,15162,0
196.82,15162,0
196.84,15166,0
196.86,15173,0
196.87,15170,0
196.89,15179,0
196.91,15174,0
196.93,15170,0
196.95,15172,0
196.97,15170,0
196.99,15169,0
197.01,15176,0
197.03,15172,0
197.05,15175,0
197.07,15171,0
197.09,15173,0
197.11,15164,0
197.13,15146,0
197.15,15128,0
197.17,15111,0
197.19,15113,0
197.21,15123,0
197.23,15127,0
197.25,15139,0
197.27,15150,0
197.29,15153,0
197.31,15154,0
197.33,15164,0
197.35,15161,0
197.37,15164,0
197.39,15165,0
197.41,15167,0
197.43,15171,0
197.45,15168,0
197.47,15167,0
197.49,15171,0
197.51,15175,0
197.53,15168,0
197.55,15169,0
197.57,15175,0
197.59,15176,0
197.61,15181,0
197.63,15180,0
197.64,15187,0
197.66,15182,0
197.68,15191,0
197.70,15190,0
197.72,15187,0
197.74,15187,0
197.76,15188,0
197.78,15188,0
197.80,15187,0
197.82,15191,0
197.84,15196,0
197.86,15196,0
197.88,15198,0
197.90,15197,0
197.92,15191,0
197.94,15182,0
197.96,15182,0
197.98,15166,0
198.00,15160,0
198.02,15163,0
198.04,15163,0
198.06,15176,0
198.08,15184,0
198.10,15188,0
198.12,15187,0
198.14,15189,0
198.16,15197,0
198.18,15195,0
198.20,15196,0
198.22,15194,0
198.24,15203,0
198.26,15197,0
198.28,15195,0
198.30,15195,0
198.32,15196,0
198.34,15194,0
198.36,15203,0
198.38,15201,0
198.40,15206,0
198.41,15205,0
198.43,15203,0
198.45,15208,0
198.47,15210,0
198.49,15206,0
198.51,15206,0
198.53,15212,0
198.55,15205,0
198.57,15205,0
198.59,15213,0
198.61,15214,0
198.63,15214,0
198.65,15210,0
198.67,15215,0
198.69,15211,0
198.71,15208,0
198.73,15195,0
198.75,15180,0
198.77,15180,0
198.79,15182,0
198.81,15189,0
198.83,15192,0
198.85,15196,0
198.87,15201,0
198.89,15200,0
198.91,15207,0
198.93,15210,0
198.95,15206,0
198.97,15209,0
198.99,15209,0
199.01,15202,0
199.03,15210,0
199.05,15211,0
199.07,15207,0
199.09,15204,0
199.11,15215,0
199.13,15212,0
199.15,15220,0
199.17,15224,0
199.18,15216,0
199.20,15216,0
199.22,15212,0
199.24,15215,0
199.26,15218,0
199.28,15221,0
199.30,15219,0
199.32,15220,0
199.34,15222,0
199.36,15225,0
199.38,15226,0
199.40,15227,0
199.42,15219,0
199.44,15215,0
199.46,15202,0
199.48,15188,0
199.50,15184,0
199.52,15191,0
199.54,15192,0
199.56,15200,0
199.58,15209,0
199.60,15206,0
199.62,15211,0
199.64,15212,0
199.66,15218,0
199.68,15216,0
199.70,15223,0
199.72,15214,0
199.74,15218,0
199.76,15219,0
199.78,15216,0
199.80,15217,0
199.82,15216,0
199.84,15224,0
199.86,15216,0
199.88,15222,0
199.90,15222,0
199.92,15224,0
199.94,15226,0
199.95,15227,0
199.97,15219,0
199.99,15227,0
200.01,15227,0
200.03,15230,0
200.05,15232,0
200.07,15230,0
200.09,15228,0
200.11,15229,0
200.13,15229,0
200.15,15220,0
200.17,15215,0
200.19,15207,0
200.21,15194,0
200.23,15196,0
200.25,15199,0
200.27,15199,0
200.29,15207,0
200.31,15211,0
200.33,15219,0
200.35,15221,0
200.37,15219,0
200.39,15218,0
200.41,15216,0
200.43,15225,0
200.45,15225,0
200.47,15222,0
200.49,15218,0
200.51,15227,0
200.53,15222,0
200.55,15223,0
200.57,15224,0
200.59,15227,0
200.61,15232,0
200.63,15231,0
200.65,15230,0
200.67,15227,0
200.69,15225,0
200.71,15231,0
200.72,15229,0
200.74,15232,0
200.76,15232,0
200.78,15230,0
200.80,15236,0
200.82,15232,0
200.84,15237,0
200.86,15230,0
200.88,15230,0
200.90,15223,0
200.92,15210,0
200.94,15196,0
200.96,15188,0
200.98,15192,0
201.00,15193,0
201.02,15203,0
201.04,15203,0
201.06,15209,0
201.08,15212,0
201.10,15210,0
201.12,15215,0
201.14,15216,0
201.16,15223,0
201.18,15220,0
201.20,15217,0
201.22,15222,0
201.24,15218,0
201.26,15220,0
201.28,15224,0
201.30,15217,0
201.32,15218,0
201.34,15221,0
201.36,15225,0
201.38,15224,0
201.40,15226,0
201.42,15238,0
201.44,15228,0
201.46,15230,0
201.48,15230,0
201.49,15233,0
201.51,15232,0
201.53,15231,0
201.55,15234,0
201.57,15233,0
201.59,15245,0
201.61,15238,0
201.63,15240,0
201.65,15238,0
201.67,15238,0
201.69,15230,0
201.71,15219,0
201.73,15204,0
201.75,15206,0
201.77,15207,0
201.79,15214,0
201.81,15217,0
201.83,15212,0
201.85,15222,0
201.87,15224,0
201.89,15230,0
201.91,15230,0
201.93,15232,0
201.95,15231,0
201.97,15237,0
201.99,15233,0
202.01,15239,0
202.03,15233,0
202.05,15234,0
202.07,15231,0
202.09,15232,0
202.11,15240,0
202.13,15239,0
202.15,15240,0
202.17,15243,0
202.19,15240,0
202.21,15243,0
202.23,15248,0
202.25,15246,0
202.27,15242,0
202.28,15245,0
202.30,15247,0
202.32,15247,0
202.34,15253,0
202.36,15247,0
202.38,15251,0
202.40,15248,0
202.42,15249,0
202.44,15249,0
202.46,15244,0
202.48,15233,0
202.50,15223,0
202.52,15206,0
202.54,15199,0
202.56,15203,0
202.58,15204,0
202.60,15213,0
202.62,15222,0
202.64,15227,0
202.66,15227,0
202.68,15229,0
202.70,15234,0
202.72,15233,0
202.74,15232,0
202.76,15235,0
202.78,15230,0
202.80,15232,0
202.82,15232,0
202.84,15235,0
202.86,15230,0
202.88,15230,0
202.90,15235,0
202.92,15235,0
202.94,15235,0
202.96,15241,0
202.98,15241,0
203.00,15243,0
203.02,15248,0
203.03,15249,0
203.05,15246,0
203.07,15249,0
203.09,15248,0
203.11,15247,0
203.13,15251,0
203.15,15254,0
203.17,15255,0
203.19,15250,0
203.21,15256,0
203.23,15243,0
203.25,15244,0
203.27,15228,0
203.29,15212,0
203.31,15208,0
203.33,15204,0
203.35,15211,0
203.37,15217,0
203.39,15219,0
203.41,15225,0
203.43,15230,0
203.45,15235,0
203.47,15236,0
203.49,15235,0
203.51,15240,0
203.53,15237,0
203.55,15238,0
203.57,15237,0
203.59,15233,0
203.61,15237,0
203.63,15236,0
203.65,15240,0
203.67,15239,0
203.69,15245,0
203.71,15242,0
203.73,15241,0
203.75,15250,0
203.77,15248,0
203.79,15252,0
203.81,15251,0
203.82,15256,0
203.84,15258,0
203.86,15252,0
203.88,15260,0
203.90,15262,0
203.92,15265,0
203.94,15260,0
203.96,15260,0
203.98,15255,0
204.00,15262,0
204.02,15256,0
204.04,15256,0
204.06,15265,0
204.08,15259,0
204.10,15252,0
204.12,15240,0
204.14,15229,0
204.16,15228,0
204.18,15225,0
204.20,15232,0
204.22,15240,0
204.24,15239,0
204.26,15246,0
204.28,15246,0
204.30,15248,0
204.32,15248,0
204.34,15253,0
204.36,15249,0
204.38,15252,0
204.40,15246,0
204.42,15251,0
204.44,15248,0
204.46,15247,0
204.48,15247,0
204.50,15252,0
204.52,15252,0
204.54,15254,0
204.56,15255,0
204.57,15255,0
204.59,15253,0
204.61,15258,0
204.63,15257,0
204.65,15263,0
204.67,15261,0
204.69,15258,0
204.71,15260,0
204.73,15262,0
204.75,15258,0
204.77,15264,0
204.79,15259,0
204.81,15252,0
204.83,15256,0
204.85,15255,0
204.87,15266,0
204.89,15264,0
204.91,15266,0
204.93,15262,0
204.95,15271,0
204.97,15265,0
204.99,15257,0
205.01,15246,0
205.03,15223,0
205.05,15198,0
205.07,15188,0
205.09,15188,0
205.11,15198,0
205.13,15208,0
205.15,15220,0
205.17,15228,0
205.19,15228,0
205.21,15227,0
205.23,15233,0
205.25,15239,0
205.27,15236,0
205.29,15236,0
205.31,15240,0
205.33,15232,0
205.34,15232,0
205.36,15230,0
205.38,15234,0
205.40,15238,0
205.42,15240,0
205.44,15242,0
205.46,15239,0
205.48,15240,0
205.50,15239,0
205.52,15242,0
205.54,15246,0
205.56,15242,0
205.58,15246,0
205.60,15252,0
205.62,15250,0
205.64,15252,0
205.66,15248,0
205.68,15249,0
205.70,15255,0
205.72,15254,0
205.74,15249,0
205.76,15259,0
205.78,15259,0
205.80,15259,0
205.82,15262,0
205.84,15264,0
205.86,15262,0
205.88,15258,0
205.90,15259,0
205.92,15246,0
205.94,15232,0
205.96,15214,0
205.98,15200,0
206.00,15203,0
206.02,15209,0
206.04,15212,0
206.06,15219,0
206.08,15230,0
206.10,15228,0
206.12,15236,0
206.13,15237,0
206.15,15240,0
206.17,15247,0
206.19,15244,0
206.21,15244,0
206.23,15237,0
206.25,15240,0
206.27,15240,0
206.29,15238,0
206.31,15241,0
206.33,15236,0
206.35,15239,0
206.37,15242,0
206.39,15246,0
206.41,15246,0
206.43,15246,0
206.45,15240,0
206.47,15253,0
206.49,15249,0
206.51,15256,0
206.53,15252,0
206.55,15256,0
206.57,15261,0
206.59,15261,0
206.61,15257,0
206.63,15262,0
206.65,15259,0
206.67,15253,0
206.69,15260,0
206.71,15259,0
206.73,15263,0
206.75,15260,0
206.77,15263,0
206.79,15260,0
206.81,15254,0
206.83,15235,0
206.85,15217,0
206.87,15202,0
206.89,15199,0
206.90,15205,0
206.92,15216,0
206.94,15224,0
206.96,15237,0
206.98,15242,0
207.00,15243,0
207.02,15248,0
207.04,15252,0
207.06,15249,0
207.08,15255,0
207.10,15265,0
207.12,15255,0
207.14,15255,0
207.16,15253,0
207.18,15256,0
207.20,15262,0
207.22,15259,0
207.24,15262,0
207.26,15265,0
207.28,15265,0
207.30,15271,0
207.32,15268,0
207.34,15268,0
207.36,15274,0
207.38,15268,0
207.40,15264,0
207.42,15271,0
207.44,15273,0
207.46,15273,0
207.48,15277,0
207.50,15278,0
207.52,15283,0
207.54,15275,0
207.56,15281,0
207.58,15285,0
207.60,15283,0
207.62,15286,0
207.64,15285,0
207.66,15284,0
207.67,15280,0
207.69,15267,0
207.71,15261,0
207.73,15230,0
207.75,15223,0
207.77,15226,0
207.79,15229,0
207.81,15230,0
207.83,15237,0
207.85,15256,0
207.87,15252,0
207.89,15260,0
207.91,15258,0
207.93,15262,0
207.95,15254,0
207.97,15256,0
207.99,15253,0
208.01,15252,0
208.03,15233,0
208.05,15223,0
208.07,15213,0
208.09,15201,0
208.11,15193,0
208.13,15199,0
208.15,15204,0
208.17,15203,0
208.19,15202,0
208.21,15198,0
208.23,15205,0
208.25,15200,0
208.27,15209,0
208.29,15210,0
208.31,15212,0
208.33,15208,0
208.35,15215,0
208.37,15213,0
208.39,15209,0
208.41,15212,0
208.42,15217,0
208.44,15216,0
208.46,15215,0
208.48,15212,0
208.50,15194,0
208.52,15153,0
208.54,15127,0
208.56,15109,0
208.58,15103,0
208.60,15113,0
208.62,15116,0
208.64,15132,0
208.66,15141,0
208.68,15152,0
208.70,15159,0
208.72,15173,0
208.74,15177,0
208.76,15181,0
208.78,15182,0
208.80,15176,0
208.82,15170,0
208.84,15161,0
208.86,15155,0
208.88,15160,0
208.90,15155,0
208.92,15159,0
208.94,15165,0
208.96,15166,0
208.98,15171,0
209.00,15167,0
209.02,15171,0
209.04,15169,0
209.06,15179,0
209.08,15176,0
209.10,15174,0
209.12,15175,0
209.14,15178,0
209.16,15176,0
209.18,15179,0
209.19,15183,0
209.21,15187,0
209.23,15187,0
209.25,15184,0
209.27,15185,0
209.29,15177,0
209.31,15140,0
209.33,15099,0
209.35,15063,0
209.37,15038,0
209.39,15033,0
209.41,15032,0
209.43,15038,0
209.45,15047,0
209.47,15057,0
209.49,15069,0
209.51,15070,0
209.53,15088,0
209.55,15096,0
209.57,15099,0
209.59,15104,0
209.61,15090,0
209.63,15091,0
209.65,15080,0
209.67,15078,0
209.69,15078,0
209.71,15078,0
209.73,15084,0
209.75,15088,0
209.77,15092,0
209.79,15107,0
209.81,15106,0
209.83,15117,0
209.85,15118,0
209.87,15121,0
209.89,15126,0
209.91,15124,0
209.93,15131,0
209.95,15136,0
209.97,15139,0
209.98,15139,0
210.00,15139,0
210.02,15143,0
210.04,15145,0
210.06,15143,0
210.08,15149,0
210.10,15150,0
210.12,15142,0
210.14,15100,0
210.16,15054,0
210.18,15002,0
210.20,14976,0
210.22,14971,0
210.24,14972,0
210.26,14985,0
210.28,15002,0
210.30,15013,0
210.32,15028,0
210.34,15030,0
210.36,15046,0
210.38,15058,0
210.40,15060,0
210.42,15066,0
210.44,15054,0
210.46,15044,0
210.48,15033,0
210.50,15031,0
210.52,15031,0
210.54,15032,0
210.56,15037,0
210.58,15041,0
210.60,15045,0
210.62,15049,0
210.64,15051,0
210.66,15061,0
210.68,15067,0
210.70,15062,0
210.72,15072,0
210.73,15072,0
210.75,15070,0
210.77,15077,0
210.79,15080,0
210.81,15078,0
210.83,15079,0
210.85,15081,0
210.87,15079,0
210.89,15090,0
210.91,15085,0
210.93,15092,0
210.95,15098,0
210.97,15095,0
210.99,15101,0
211.01,15074,0
211.03,15031,0
211.05,14983,0
211.07,14941,0
211.09,14923,0
211.11,14924,0
211.13,14932,0
211.15,14954,0
211.17,14968,0
211.19,14983,0
211.21,14988,0
211.23,14998,0
211.25,15009,0
211.27,15022,0
211.29,15026,0
211.31,15019,0
211.33,15014,0
211.35,15006,0
211.37,14994,0
211.39,15002,0
211.41,14999,0
211.43,15008,0
211.45,15008,0
211.47,15019,0
211.49,15029,0
211.50,15034,0
211.52,15041,0
211.54,15042,0
211.56,15052,0
211.58,15055,0
211.60,15064,0
211.62,15067,0
211.64,15076,0
211.66,15076,0
211.68,15080,0
211.70,15084,0
211.72,15088,0
211.74,15091,0
211.76,15095,0
211.78,15095,0
211.80,15104,0
211.82,15104,0
211.84,15101,0
211.86,15102,0
211.88,15095,0
211.90,15068,0
211.92,15016,0
211.94,14967,0
211.96,14928,0
211.98,14907,0
212.00,14906,0
212.02,14918,0
212.04,14926,0
212.06,14947,0
212.08,14958,0
212.10,14965,0
212.12,14973,0
212.14,14981,0
212.16,14990,0
212.18,14996,0
212.20,15000,0
212.22,14993,0
212.24,14997,0
212.26,14985,0
212.27,14985,0
212.29,14984,0
212.31,14987,0
212.33,14991,0
212.35,14999,0
212.37,15013,0
212.39,15014,0
212.41,15024,0
212.43,15033,0
212.45,15038,0
212.47,15047,0
212.49,15053,0
212.51,15049,0
212.53,15053,0
212.55,15055,0
212.57,15066,0
212.59,15073,0
212.61,15086,0
212.63,15086,0
212.65,15082,0
212.67,15086,0
212.69,15091,0
212.71,15088,0
212.73,15094,0
212.75,15100,0
212.77,15095,0
212.79,15097,0
212.81,15088,0
212.83,15052,0
212.85,14998,0
212.87,14940,0
212.89,14904,0
212.91,14878,0
212.93,14878,0
212.95,14879,0
212.97,14893,0
212.99,14913,0
213.01,14922,0
213.03,14931,0
213.05,14942,0
213.06,14948,0
213.08,14957,0
213.10,14962,0
213.12,14958,0
213.14,14955,0
213.16,14946,0
213.18,14947,0
213.20,14945,0
213.22,14956,0
213.24,14964,0
213.26,14967,0
213.28,14975,0
213.30,14990,0
213.32,14997,0
213.34,15003,0
213.36,15012,0
213.38,15019,0
213.40,15026,0
213.42,15028,0
213.44,15040,0
213.46,15040,0
213.48,15040,0
213.50,15051,0
213.52,15060,0
213.54,15059,0
213.56,15062,0
213.58,15064,0
213.60,15072,0
213.62,15074,0
213.64,15078,0
213.66,15074,0
213.68,15078,0
213.70,15088,0
213.72,15085,0
213.74,15090,0
213.76,15072,0
213.78,15025,0
213.80,14968,0
213.82,14923,0
213.83,14895,0
213.85,14887,0
213.87,14896,0
213.89,14907,0
213.91,14930,0
213.93,14947,0
213.95,14954,0
213.97,14967,0
213.99,14975,0
214.01,14991,0
214.03,14995,0
214.05,14999,0
214.07,14993,0
214.09,14987,0
214.11,14979,0
214.13,14969,0
214.15,14971,0
214.17,14981,0
214.19,14980,0
214.21,14986,0
214.23,14996,0
214.25,15005,0
214.27,15016,0
214.29,15022,0
214.31,15028,0
214.33,15031,0
214.35,15043,0
214.37,15052,0
214.39,15056,0
214.41,15065,0
214.43,15068,0
214.45,15072,0
214.47,15076,0
214.49,15079,0
214.51,15084,0
214.53,15087,0
214.55,15096,0
214.57,15091,0
214.59,15104,0
214.60,15102,0
214.62,15109,0
214.64,15109,0
214.66,15097,0
214.68,15071,0
214.70,15025,0
214.72,15013,0
214.74,15004,0
214.76,15014,0
214.78,15024,0
214.80,15038,0
214.82,15050,0
214.84,15065,0
214.86,15074,0
214.88,15079,0
214.90,15095,0
214.92,15097,0
214.94,15099,0
214.96,15100,0
214.98,15103,0
215.00,15097,0
215.02,15093,0
215.04,15095,0
215.06,15094,0
215.08,15089,0
215.10,15099,0
215.12,15098,0
215.14,15107,0
215.16,15103,0
215.18,15108,0
215.20,15115,0
215.22,15116,0
215.24,15126,0
215.26,15123,0
215.28,15132,0
215.30,15133,0
215.32,15140,0
215.34,15135,0
215.36,15142,0
215.37,15147,0
215.39,15150,0
215.41,15144,0
215.43,15152,0
215.45,15154,0
215.47,15155,0
215.49,15160,0
215.51,15156,0
215.53,15152,0
215.55,15116,0
215.57,15067,0
215.59,15041,0
215.61,15029,0
215.63,15026,0
215.65,15034,0
215.67,15051,0
215.69,15059,0
215.71,15073,0
215.73,15089,0
215.75,15093,0
215.77,15104,0
215.79,15110,0
215.81,15115,0
215.83,15113,0
215.85,15113,0
215.87,15102,0
215.89,15097,0
215.91,15091,0
215.93,15087,0
215.95,15089,0
215.97,15100,0
215.99,15105,0
216.01,15103,0
216.03,15110,0
216.05,15117,0
216.07,15120,0
216.09,15120,0
216.11,15118,0
216.13,15121,0
216.14,15118,0
216.16,15122,0
216.18,15131,0
216.20,15129,0
216.22,15129,0
216.24,15124,0
216.26,15139,0
216.28,15135,0
216.30,15134,0
216.32,15135,0
216.34,15132,0
216.36,15107,0
216.38,15065,0
216.40,15009,0
216.42,14972,0
216.44,14940,0
216.46,14941,0
216.48,14938,0
216.50,14943,0
216.52,14967,0
216.54,14972,0
216.56,14990,0
216.58,14996,0
216.60,15010,0
216.62,15016,0
216.64,15024,0
216.66,15019,0
216.68,15017,0
216.70,15012,0
216.72,15002,0
216.74,14997,0
216.76,14981,0
216.78,14985,0
216.80,14992,0
216.82,14990,0
216.84,15002,0
216.86,15000,0
216.88,15001,0
216.90,15008,0
216.91,15009,0
216.93,15018,0
216.95,15021,0
216.97,15024,0
216.99,15025,0
217.01,15034,0
217.03,15026,0
217.05,15038,0
217.07,15047,0
217.09,15055,0
217.11,15054,0
217.13,15060,0
217.15,15059,0
217.17,15032,0
217.19,14984,0
217.21,14931,0
217.23,14878,0
217.25,14830,0
217.27,14823,0
217.29,14820,0
217.31,14820,0
217.33,14836,0
217.35,14846,0
217.37,14865,0
217.39,14872,0
217.41,14879,0
217.43,14887,0
217.45,14902,0
217.47,14899,0
217.49,14884,0
217.51,14874,0
217.53,14866,0
217.55,14850,0
217.57,14849,0
217.59,14854,0
217.61,14862,0
217.63,14874,0
217.65,14873,0
217.67,14888,0
217.68,14890,0
217.70,14902,0
217.72,14903,0
217.74,14909,0
217.76,14909,0
217.78,14919,0
217.80,14919,0
217.82,14915,0
217.84,14922,0
217.86,14921,0
217.88,14924,0
217.90,14926,0
217.92,14928,0
217.94,14933,0
217.96,14929,0
217.98,14903,0
218.00,14844,0
218.02,14765,0
218.04,14696,0
218.06,14642,0
218.08,14602,0
218.10,14593,0
218.12,14598,0
218.14,14604,0
218.16,14624,0
218.18,14629,0
218.20,14639,0
218.22,14656,0
218.24,14673,0
218.26,14681,0
218.28,14687,0
218.30,14686,0
218.32,14679,0
218.34,14663,0
218.36,14658,0
218.38,14656,0
218.40,14663,0
218.42,14671,0
218.44,14679,0
218.45,14689,0
218.47,14698,0
218.49,14703,0
218.51,14709,0
218.53,14714,0
218.55,14725,0
218.57,14730,0
218.59,14737,0
218.61,14741,0
218.63,14746,0
218.65,14752,0
218.67,14752,0
218.69,14758,0
218.71,14759,0
218.73,14764,0
218.75,14762,0
218.77,14771,0
218.79,14779,0
218.81,14760,0
218.83,14723,0
218.85,14642,0
218.87,14577,0
218.89,14516,0
218.91,14489,0
218.93,14476,0
218.95,14473,0
218.97,14481,0
218.99,14495,0
219.01,14507,0
219.03,14520,0
219.05,14544,0
219.07,14549,0
219.09,14562,0
219.11,14565,0
219.13,14558,0
219.15,14551,0
219.17,14538,0
219.19,14520,0
219.21,14507,0
219.22,14505,0
219.24,14510,0
219.26,14511,0
219.28,14523,0
219.30,14526,0
219.32,14536,0
219.34,14549,0
219.36,14556,0
219.38,14573,0
219.40,14577,0
219.42,14585,0
219.44,14587,0
219.46,14591,0
219.48,14603,0
219.50,14599,0
219.52,14610,0
219.54,14603,0
219.56,14608,0
219.58,14612,0
219.60,14609,0
219.62,14597,0
219.64,14537,0
219.66,14452,0
219.68,14366,0
219.70,14286,0
219.72,14238,0
219.74,14216,0
219.76,14216,0
219.78,14220,0
219.80,14228,0
219.82,14241,0
219.84,14259,0
219.86,14277,0
219.88,14293,0
219.90,14308,0
219.92,14314,0
219.94,14317,0
219.96,14315,0
219.98,14309,0
220.00,14308,0
220.01,14310,0
220.03,14318,0
220.05,14337,0
220.07,14363,0
220.09,14381,0
220.11,14397,0
220.13,14420,0
220.15,14441,0
220.17,14454,0
220.19,14468,0
220.21,14483,0
220.23,14491,0
220.25,14502,0
220.27,14512,0
220.29,14521,0
220.31,14526,0
220.33,14540,0
220.35,14539,0
220.37,14548,0
220.39,14554,0
220.41,14560,0
220.43,14565,0
220.45,14575,0
220.47,14556,0
220.49,14508,0
220.51,14425,0
220.53,14352,0
220.55,14296,0
220.57,14269,0
220.59,14253,0
220.61,14265,0
220.63,14275,0
220.65,14290,0
220.67,14313,0
220.69,14326,0
220.71,14340,0
220.73,14358,0
220.75,14369,0
220.76,14379,0
220.78,14379,0
220.80,14375,0
220.82,14365,0
220.84,14356,0
220.86,14363,0
220.88,14366,0
220.90,14389,0
220.92,14404,0
220.94,14419,0
220.96,14431,0
220.98,14450,0
221.00,14463,0
221.02,14470,0
221.04,14489,0
221.06,14500,0
221.08,14507,0
221.10,14517,0
221.12,14524,0
221.14,14538,0
221.16,14539,0
221.18,14551,0
221.20,14551,0
221.22,14548,0
221.24,14559,0
221.26,14560,0
221.28,14575,0
221.30,14582,0
221.32,14585,0
221.34,14592,0
221.36,14580,0
221.38,14541,0
221.40,14477,0
221.42,14408,0
221.44,14355,0
221.46,14333,0
221.48,14326,0
221.50,14342,0
221.52,14353,0
221.53,14372,0
221.55,14400,0
221.57,14414,0
221.59,14427,0
221.61,14447,0
221.63,14458,0
221.65,14465,0
221.67,14458,0
221.69,14455,0
221.71,14446,0
221.73,14433,0
221.75,14428,0
221.77,14431,0
221.79,14431,0
221.81,14440,0
221.83,14447,0
221.85,14458,0
221.87,14472,0
221.89,14483,0
221.91,14486,0
221.93,14500,0
221.95,14505,0
221.97,14509,0
221.99,14520,0
222.01,14529,0
222.03,14530,0
222.05,14536,0
222.07,14540,0
222.09,14542,0
222.11,14552,0
222.13,14555,0
222.15,14557,0
222.17,14561,0
222.19,14563,0
222.21,14576,0
222.23,14574,0
222.25,14561,0
222.27,14506,0
222.29,14420,0
222.30,14340,0
222.32,14296,0
222.34,14273,0
222.36,14271,0
222.38,14275,0
222.40,14290,0
222.42,14313,0
222.44,14332,0
222.46,14348,0
222.48,14372,0
222.50,14387,0
222.52,14395,0
222.54,14393,0
222.56,14399,0
222.58,14381,0
222.60,14364,0
222.62,14349,0
222.64,14348,0
222.66,14343,0
222.68,14352,0
222.70,14358,0
222.72,14365,0
222.74,14373,0
222.76,14393,0
222.78,14407,0
222.80,14416,0
222.82,14424,0
222.84,14439,0
222.86,14448,0
222.88,14451,0
222.90,14460,0
222.92,14469,0
222.94,14476,0
222.96,14479,0
222.98,14485,0
223.00,14490,0
223.02,14500,0
223.04,14505,0
223.06,14499,0
223.07,14461,0
223.09,14384,0
223.11,14292,0
223.13,14218,0
223.15,14160,0
223.17,14131,0
223.19,14106,0
223.21,14108,0
223.23,14111,0
223.25,14115,0
223.27,14136,0
223.29,14140,0
223.31,14158,0
223.33,14181,0
223.35,14194,0
223.37,14193,0
223.39,14187,0
223.41,14179,0
223.43,14161,0
223.45,14153,0
223.47,14155,0
223.49,14163,0
223.51,14174,0
223.53,14185,0
223.55,14201,0
223.57,14216,0
223.59,14229,0
223.61,14246,0
223.63,14260,0
223.65,14278,0
223.67,14286,0
223.69,14296,0
223.71,14312,0
223.73,14318,0
223.75,14332,0
223.77,14336,0
223.79,14346,0
223.81,14356,0
223.83,14366,0
223.84,14371,0
223.86,14384,0
223.88,14387,0
223.90,14399,0
223.92,14403,0
223.94,14384,0
223.96,14326,0
223.98,14249,0
224.00,14182,0
224.02,14139,0
224.04,14119,0
224.06,14115,0
224.08,14133,0
224.10,14154,0
224.12,14180,0
224.14,14196,0
224.16,14227,0
224.18,14254,0
224.20,14272,0
224.22,14288,0
224.24,14296,0
224.26,14300,0
224.28,14298,0
224.30,14294,0
224.32,14286,0
224.34,14284,0
224.36,14294,0
224.38,14292,0
224.40,14311,0
224.42,14320,0
224.44,14330,0
224.46,14348,0
224.48,14358,0
224.50,14370,0
224.52,14376,0
224.54,14387,0
224.56,14395,0
224.58,14402,0
224.60,14405,0
224.61,14409,0
224.63,14419,0
224.65,14426,0
224.67,14433,0
224.69,14439,0
224.71,14446,0
224.73,14455,0
224.75,14458,0
224.77,14466,0
224.79,14463,0
224.81,14426,0
224.83,14357,0
224.85,14287,0
224.87,14247,0
224.89,14219,0
224.91,14220,0
224.93,14238,0
224.95,14266,0
224.97,14286,0
224.99,14312,0
225.01,14340,0
225.03,14364,0
225.05,14382,0
225.07,14396,0
225.09,14408,0
225.11,14407,0
225.13,14406,0
225.15,14401,0
225.17,14391,0
225.19,14394,0
225.21,14397,0
225.23,14399,0
225.25,14407,0
225.27,14415,0
225.29,14430,0
225.31,14440,0
225.33,14460,0
225.35,14476,0
225.37,14497,0
225.38,14509,0
225.40,14525,0
225.42,14528,0
225.44,14553,0
225.46,14554,0
225.48,14578,0
225.50,14575,0
225.52,14598,0
225.54,14602,0
225.56,14609,0
225.58,14619,0
225.60,14623,0
225.62,14630,0
225.64,14636,0
225.66,14620,0
225.68,14569,0
225.70,14507,0
225.72,14464,0
225.74,14418,0
225.76,14416,0
225.78,14424,0
225.80,14443,0
225.82,14464,0
225.84,14487,0
225.86,14505,0
225.88,14521,0
225.90,14529,0
225.92,14538,0
225.94,14549,0
225.96,14559,0
225.98,14566,0
226.00,14566,0
226.02,14580,0
226.04,14601,0
226.06,14605,0
226.08,14616,0
226.10,14627,0
226.12,14639,0
226.14,14654,0
226.16,14665,0
226.17,14686,0
226.19,14697,0
226.21,14701,0
226.23,14710,0
226.25,14711,0
226.27,14721,0
226.29,14728,0
226.31,14734,0
226.33,14740,0
226.35,14741,0
226.37,14746,0
226.39,14755,0
226.41,14747,0
226.43,14749,0
226.45,14760,0
226.47,14749,0
226.49,14717,0
226.51,14650,0
226.53,14595,0
226.55,14546,0
226.57,14528,0
226.59,14538,0
226.61,14544,0
226.63,14564,0
226.65,14588,0
226.67,14590,0
226.69,14608,0
226.71,14617,0
226.73,14639,0
226.75,14646,0
226.77,14656,0
226.79,14652,0
226.81,14652,0
226.83,14645,0
226.85,14641,0
226.87,14641,0
226.89,14641,0
226.91,14648,0
226.93,14654,0
226.94,14668,0
226.96,14673,0
226.98,14684,0
227.00,14694,0
227.02,14703,0
227.04,14715,0
227.06,14711,0
227.08,14715,0
227.10,14727,0
227.12,14731,0
227.14,14737,0
227.16,14742,0
227.18,14751,0
227.20,14757,0
227.22,14769,0
227.24,14776,0
227.26,14773,0
227.28,14747,0
227.30,14694,0
227.32,14648,0
227.34,14608,0
227.36,14604,0
227.38,14598,0
227.40,14612,0
227.42,14632,0
227.44,14645,0
227.46,14663,0
227.48,14672,0
227.50,14693,0
227.52,14698,0
227.54,14716,0
227.56,14720,0
227.58,14719,0
227.60,14712,0
227.62,14707,0
227.64,14700,0
227.66,14700,0
227.68,14702,0
227.70,14713,0
227.71,14717,0
227.73,14723,0
227.75,14732,0
227.77,14742,0
227.79,14748,0
227.81,14753,0
227.83,14760,0
227.85,14768,0
227.87,14773,0
227.89,14780,0
227.91,14776,0
227.93,14781,0
227.95,14783,0
227.97,14789,0
227.99,14796,0
228.01,14788,0
228.03,14762,0
228.05,14709,0
228.07,14645,0
228.09,14601,0
228.11,14572,0
228.13,14569,0
228.15,14576,0
228.17,14585,0
228.19,14594,0
228.21,14610,0
228.23,14624,0
228.25,14633,0
228.27,14648,0
228.29,14657,0
228.31,14666,0
228.33,14663,0
228.35,14660,0
228.37,14649,0
228.39,14652,0
228.41,14644,0
228.43,14649,0
228.45,14652,0
228.47,14660,0
228.48,14668,0
228.50,14681,0
228.52,14689,0
228.54,14694,0
228.56,14705,0
228.58,14716,0
228.60,14719,0
228.62,14733,0
228.64,14738,0
228.66,14745,0
228.68,14744,0
228.70,14755,0
228.72,14758,0
228.74,14763,0
228.76,14773,0
228.78,14775,0
228.80,14759,0
228.82,14718,0
228.84,14655,0
228.86,14604,0
228.88,14575,0
228.90,14564,0
228.92,14565,0
228.94,14577,0
228.96,14595,0
228.98,14605,0
229.00,14619,0
229.02,14625,0
229.04,14648,0
229.06,14653,0
229.08,14662,0
229.10,14662,0
229.12,14659,0
229.14,14658,0
229.16,14647,0
229.18,14642,0
229.20,14641,0
229.22,14644,0
229.24,14655,0
229.25,14655,0
229.27,14665,0
229.29,14676,0
229.31,14684,0
229.33,14689,0
229.35,14699,0
229.37,14703,0
229.39,14712,0
229.41,14714,0
229.43,14726,0
229.45,14728,0
229.47,14735,0
229.49,14741,0
229.51,14755,0
229.53,14755,0
229.55,14757,0
229.57,14742,0
229.59,14706,0
229.61,14656,0
229.63,14596,0
229.65,14562,0
229.67,14554,0
229.69,14562,0
229.71,14567,0
229.73,14585,0
229.75,14604,0
229.77,14614,0
229.79,14632,0
229.81,14640,0
229.83,14656,0
229.85,14667,0
229.87,14669,0
229.89,14659,0
229.91,14650,0
229.93,14644,0
229.95,14638,0
229.97,14642,0
229.99,14654,0
230.00,14661,0
230.02,14658,0
230.04,14675,0
230.06,14684,0
230.08,14700,0
230.10,14703,0
230.12,14709,0
230.14,14721,0
230.16,14726,0
230.18,14735,0
230.20,14742,0
230.22,14744,0
230.24,14737,0
230.26,14752,0
230.28,14756,0
230.30,14760,0
230.32,14767,0
230.34,14770,0
230.36,14766,0
230.38,14740,0
230.40,14686,0
230.42,14624,0
230.44,14584,0
230.46,14556,0
230.48,14552,0
230.50,14559,0
230.52,14572,0
230.54,14592,0
230.56,14610,0
230.58,14625,0
230.60,14643,0
230.62,14654,0
230.64,14658,0
230.66,14665,0
230.68,14672,0
230.70,14656,0
230.72,14653,0
230.74,14653,0
230.76,14656,0
230.78,14662,0
230.79,14666,0
230.81,14679,0
230.83,14689,0
230.85,14695,0
230.87,14706,0
230.89,14712,0
230.91,14718,0
230.93,14722,0
230.95,14721,0
230.97,14726,0
230.99,14723,0
231.01,14734,0
231.03,14740,0
231.05,14741,0
231.07,14744,0
231.09,14750,0
231.11,14747,0
231.13,14745,0
231.15,14728,0
231.17,14665,0
231.19,14596,0
231.21,14535,0
231.23,14503,0
231.25,14497,0
231.27,14508,0
231.29,14510,0
231.31,14525,0
231.33,14544,0
231.35,14557,0
231.37,14578,0
231.39,14596,0
231.41,14603,0
231.43,14619,0
231.45,14617,0
231.47,14611,0
231.49,14611,0
231.51,14603,0
231.53,14605,0
231.55,14608,0
231.56,14619,0
231.58,14632,0
231.60,14633,0
231.62,14655,0
231.64,14660,0
231.66,14666,0
231.68,14675,0
231.70,14687,0
231.72,14694,0
231.74,14699,0
231.76,14707,0
231.78,14713,0
231.80,14718,0
231.82,14730,0
231.84,14725,0
231.86,14728,0
231.88,14742,0
231.90,14747,0
231.92,14747,0
231.94,14752,0
231.96,14742,0
231.98,14699,0
232.00,14642,0
232.02,14576,0
232.04,14532,0
232.06,14513,0
232.08,14516,0
232.10,14516,0
232.12,14530,0
232.14,14540,0
232.16,14558,0
232.18,14570,0
232.20,14585,0
232.22,14601,0
232.24,14607,0
232.26,14612,0
232.28,14619,0
232.30,14606,0
232.31,14603,0
232.33,14600,0
232.35,14595,0
232.37,14602,0
232.39,14605,0
232.41,14622,0
232.43,14633,0
232.45,14647,0
232.47,14650,0
232.49,14658,0
232.51,14667,0
232.53,14674,0
232.55,14685,0
232.57,14689,0
232.59,14686,0
232.61,14701,0
232.63,14701,0
232.65,14709,0
232.67,14709,0
232.69,14719,0
232.71,14720,0
232.73,14722,0
232.75,14723,0
232.77,14741,0
232.79,14737,0
232.81,14738,0
232.83,14713,0
232.85,14669,0
232.87,14593,0
232.89,14530,0
232.91,14496,0
232.93,14488,0
232.95,14489,0
232.97,14509,0
232.99,14524,0
233.01,14534,0
233.03,14552,0
233.05,14559,0
233.07,14576,0
233.08,14588,0
233.10,14597,0
233.12,14596,0
233.14,14594,0
233.16,14588,0
233.18,14582,0
233.20,14577,0
233.22,14581,0
233.24,14584,0
233.26,14597,0
233.28,14604,0
233.30,14611,0
233.32,14627,0
233.34,14634,0
233.36,14641,0
233.38,14650,0
233.40,14664,0
233.42,14668,0
233.44,14674,0
233.46,14682,0
233.48,14689,0
233.50,14696,0
233.52,14701,0
233.54,14702,0
233.56,14711,0
233.58,14716,0
233.60,14721,0
233.62,14728,0
233.64,14733,0
233.66,14734,0
233.68,14711,0
233.70,14658,0
233.72,14595,0
233.74,14541,0
233.76,14509,0
233.78,14503,0
233.80,14518,0
233.82,14529,0
233.84,14549,0
233.85,14558,0
233.87,14575,0
233.89,14594,0
233.91,14603,0
233.93,14615,0
233.95,14615,0
233.97,14608,0
233.99,14602,0
234.01,14604,0
234.03,14594,0
234.05,14589,0
234.07,14585,0
234.09,14592,0
234.11,14605,0
234.13,14610,0
234.15,14609,0
234.17,14628,0
234.19,14635,0
234.21,14640,0
234.23,14647,0
234.25,14663,0
234.27,14666,0
234.29,14667,0
234.31,14676,0
234.33,14684,0
234.35,14691,0
234.37,14691,0
234.39,14695,0
234.41,14700,0
234.43,14709,0
234.45,14710,0
234.47,14717,0
234.49,14722,0
234.51,14720,0
234.53,14724,0
234.55,14718,0
234.57,14670,0
234.59,14607,0
234.61,14530,0
234.62,14473,0
234.64,14452,0
234.66,14442,0
234.68,14462,0
234.70,14474,0
234.72,14492,0
234.74,14507,0
234.76,14528,0
234.78,14544,0
234.80,14563,0
234.82,14574,0
234.84,14574,0
234.86,14579,0
234.88,14570,0
234.90,14563,0
234.92,14560,0
234.94,14562,0
234.96,14571,0
234.98,14580,0
235.00,14590,0
235.02,14599,0
235.04,14609,0
235.06,14619,0
235.08,14625,0
235.10,14633,0
235.12,14649,0
235.14,14652,0
235.16,14661,0
235.18,14660,0
235.20,14669,0
235.22,14679,0
235.24,14689,0
235.26,14689,0
235.28,14694,0
235.30,14700,0
235.32,14700,0
235.34,14696,0
235.36,14705,0
235.38,14717,0
235.39,14721,0
235.41,14726,0
235.43,14722,0
235.45,14701,0
235.47,14641,0
235.49,14569,0
235.51,14513,0
235.53,14481,0
235.55,14473,0
235.57,14482,0
235.59,14496,0
235.61,14514,0
235.63,14536,0
235.65,14556,0
235.67,14570,0
235.69,14575,0
235.71,14590,0
235.73,14599,0
235.75,14605,0
235.77,14609,0
235.79,14598,0
235.81,14596,0
235.83,14599,0
235.85,14601,0
235.87,14608,0
235.89,14614,0
235.91,14627,0
235.93,14635,0
235.95,14655,0
235.97,14660,0
235.99,14671,0
236.01,14686,0
236.03,14693,0
236.05,14713,0
236.07,14713,0
236.09,14724,0
236.11,14732,0
236.13,14744,0
236.15,14747,0
236.16,14751,0
236.18,14757,0
236.20,14773,0
236.22,14772,0
236.24,14775,0
236.26,14789,0
236.28,14793,0
236.30,14804,0
236.32,14807,0
236.34,14787,0
236.36,14740,0
236.38,14683,0
236.40,14629,0
236.42,14607,0
236.44,14613,0
236.46,14626,0
236.48,14641,0
236.50,14673,0
236.52,14680,0
236.54,14695,0
236.56,14706,0
236.58,14720,0
236.60,14737,0
236.62,14737,0
236.64,14732,0
236.66,14728,0
236.68,14719,0
236.70,14711,0
236.72,14710,0
236.74,14719,0
236.76,14724,0
236.78,14737,0
236.80,14738,0
236.82,14751,0
236.84,14749,0
236.86,14765,0
236.88,14777,0
236.90,14781,0
236.92,14789,0
236.93,14788,0
236.95,14801,0
236.97,14804,0
236.99,14805,0
237.01,14809,0
237.03,14809,0
237.05,14816,0
237.07,14814,0
237.09,14820,0
237.11,14827,0
237.13,14830,0
237.15,14826,0
237.17,14831,0
237.19,14831,0
237.21,14803,0
237.23,14742,0
237.25,14674,0
237.27,14624,0
237.29,14591,0
237.31,14592,0
237.33,14596,0
237.35,14616,0
237.37,14634,0
237.39,14643,0
237.41,14660,0
237.43,14672,0
237.45,14680,0
237.47,14693,0
237.49,14703,0
237.51,14701,0
237.53,14696,0
237.55,14687,0
237.57,14676,0
237.59,14678,0
237.61,14686,0
237.63,14683,0
237.65,14692,0
237.67,14694,0
237.69,14709,0
237.70,14726,0
237.72,14731,0
237.74,14737,0
237.76,14747,0
237.78,14757,0
237.80,14766,0
237.82,14781,0
237.84,14790,0
237.86,14793,0
237.88,14801,0
237.90,14804,0
237.92,14809,0
237.94,14812,0
237.96,14815,0
237.98,14814,0
238.00,14815,0
238.02,14822,0
238.04,14826,0
238.06,14826,0
238.08,14829,0
238.10,14805,0
238.12,14750,0
238.14,14685,0
238.16,14633,0
238.18,14598,0
238.20,14594,0
238.22,14611,0
238.24,14633,0
238.26,14651,0
238.28,14667,0
238.30,14683,0
238.32,14694,0
238.34,14709,0
238.36,14720,0
238.38,14725,0
238.40,14731,0
238.42,14732,0
238.44,14732,0
238.46,14733,0
238.47,14727,0
238.49,14734,0
238.51,14737,0
238.53,14749,0
238.55,14753,0
238.57,14768,0
238.59,14774,0
238.61,14779,0
238.63,14786,0
238.65,14794,0
238.67,14792,0
238.69,14800,0
238.71,14808,0
238.73,14820,0
238.75,14820,0
238.77,14823,0
238.79,14840,0
238.81,14849,0
238.83,14847,0
238.85,14858,0
238.87,14862,0
238.89,14870,0
238.91,14872,0
238.93,14875,0
238.95,14880,0
238.97,14884,0
238.99,14873,0
239.01,14830,0
239.03,14783,0
239.05,14737,0
239.07,14702,0
239.09,14696,0
239.11,14701,0
239.13,14720,0
239.15,14739,0
239.17,14755,0
239.19,14765,0
239.21,14772,0
239.23,14783,0
239.24,14804,0
239.26,14811,0
239.28,14811,0
239.30,14809,0
239.32,14793,0
239.34,14794,0
239.36,14793,0
239.38,14784,0
239.40,14789,0
239.42,14791,0
239.44,14798,0
239.46,14811,0
239.48,14812,0
239.50,14823,0
239.52,14831,0
239.54,14835,0
239.56,14843,0
239.58,14847,0
239.60,14858,0
239.62,14865,0
239.64,14870,0
239.66,14872,0
239.68,14869,0
239.70,14876,0
239.72,14877,0
239.74,14877,0
239.76,14879,0
239.78,14881,0
239.80,14892,0
239.82,14889,0
239.84,14885,0
239.86,14862,0
239.88,14809,0
