7.43,10654,0
7.45,10672,0
7.47,10678,0
7.48,10687,0
7.50,10684,0
7.52,10691,0
7.54,10693,0
7.56,10707,0
7.58,10696,0
7.60,10692,0
7.62,10675,0
7.64,10676,0
7.66,10681,0
7.68,10680,0
7.70,10691,0
7.72,10690,0
7.74,10706,0
7.76,10704,0
7.78,10711,0
7.80,10721,0
7.82,10743,0
7.84,10750,0
7.86,10755,0
7.88,10756,0
7.90,10766,0
7.92,10769,0
7.94,10785,0
7.96,10784,0
7.98,10801,0
8.00,10805,0
8.02,10818,0
8.04,10812,0
8.06,10821,0
8.08,10827,0
8.10,10848,0
8.12,10847,0
8.14,10864,0
8.16,10877,0
8.18,10869,0
8.20,10891,0
8.22,10904,0
8.24,10909,0
8.26,10910,0
8.28,10920,0
8.29,10926,0
8.31,10944,0
8.33,10938,0
8.35,10928,0
8.37,10914,0
8.39,10884,0
8.41,10854,0
8.43,10852,0
8.45,10836,0
8.47,10836,0
8.49,10845,0
8.51,10844,0
8.53,10845,0
8.55,10852,0
8.57,10871,0
8.59,10861,0
8.61,10878,0
8.63,10876,0
8.65,10879,0
8.67,10867,0
8.69,10864,0
8.71,10862,0
8.73,10869,0
8.75,10860,0
8.77,10866,0
8.79,10879,0
8.81,10875,0
8.83,10879,0
8.85,10889,0
8.87,10904,0
8.89,10910,0
8.91,10910,0
8.93,10922,0
8.95,10924,0
8.97,10941,0
8.99,10936,0
9.01,10940,0
9.03,10951,0
9.05,10970,0
9.07,10966,0
9.09,10980,0
9.10,10973,0
9.12,10993,0
9.14,10990,0
9.16,10996,0
9.18,11000,0
9.20,11024,0
9.22,11022,0
9.24,11036,0
9.26,11029,0
9.28,11050,0
9.30,11049,0
9.32,11054,0
9.34,11060,0
9.36,11078,0
9.38,11087,0
9.40,11088,0
9.42,11085,0
9.44,11104,0
9.46,11105,0
9.48,11112,0
9.50,11119,0
9.52,11139,0
9.54,11141,0
9.56,11136,0
9.58,11112,0
9.60,11089,0
9.62,11057,0
9.64,11034,0
9.66,11012,0
9.68,11007,0
9.70,11011,0
9.72,10999,0
9.74,10994,0
9.76,10999,0
9.78,11000,0
9.80,11014,0
9.82,11003,0
9.84,11010,0
9.86,11001,0
9.88,11002,0
9.90,11006,0
9.91,10989,0
9.93,10983,0
9.95,10964,0
9.97,10969,0
9.99,10960,0
10.01,10967,0
10.03,10968,0
10.05,10978,0
10.07,10992,0
10.09,10991,0
10.11,10984,0
10.13,10989,0
10.15,10997,0
10.17,11007,0
10.19,11012,0
10.21,11021,0
10.23,11030,0
10.25,11031,0
10.27,11028,0
10.29,11042,0
10.31,11035,0
10.33,11040,0
10.35,11049,0
10.37,11054,0
10.39,11061,0
10.41,11062,0
10.43,11071,0
10.45,11090,0
10.47,11087,0
10.49,11088,0
10.51,11096,0
10.53,11114,0
10.55,11124,0
10.57,11121,0
10.59,11126,0
10.61,11136,0
10.63,11139,0
10.65,11158,0
10.67,11154,0
10.69,11171,0
10.71,11174,0
10.73,11190,0
10.74,11180,0
10.76,11187,0
10.78,11178,0
10.80,11172,0
10.82,11141,0
10.84,11104,0
10.86,11065,0
10.88,11047,0
10.90,11033,0
10.92,11025,0
10.94,11023,0
10.96,11012,0
10.98,11021,0
11.00,11020,0
11.02,11038,0
11.04,11031,0
11.06,11037,0
11.08,11036,0
11.10,11031,0
11.12,11034,0
11.14,11029,0
11.16,11004,0
11.18,11005,0
11.20,10992,0
11.22,11001,0
11.24,10996,0
11.26,11002,0
11.28,10998,0
11.30,11004,0
11.32,11011,0
11.34,11032,0
11.36,11026,0
11.38,11042,0
11.40,11037,0
11.42,11046,0
11.44,11058,0
11.46,11061,0
11.48,11066,0
11.50,11067,0
11.52,11085,0
11.54,11081,0
11.55,11086,0
11.57,11096,0
11.59,11110,0
11.61,11117,0
11.63,11121,0
11.65,11116,0
11.67,11123,0
11.69,11131,0
11.71,11143,0
11.73,11159,0
11.75,11160,0
11.77,11170,0
11.79,11172,0
11.81,11180,0
11.83,11187,0
11.85,11196,0
11.87,11218,0
11.89,11212,0
11.91,11202,0
11.93,11190,0
11.95,11157,0
11.97,11123,0
11.99,11089,0
12.01,11049,0
12.03,11034,0
12.05,11013,0
12.07,11017,0
12.09,11006,0
12.11,11013,0
12.13,11020,0
12.15,11017,0
12.17,11023,0
12.19,11023,0
12.21,11037,0
12.23,11025,0
12.25,11039,0
12.27,11021,0
12.29,11017,0
12.31,11014,0
12.33,11006,0
12.35,10992,0
12.36,10987,0
12.38,10996,0
12.40,11002,0
12.42,11013,0
12.44,11005,0
12.46,11018,0
12.48,11020,0
12.50,11037,0
12.52,11053,0
12.54,11049,0
12.56,11055,0
12.58,11059,0
12.60,11081,0
12.62,11083,0
12.64,11095,0
12.66,11086,0
12.68,11096,0
12.70,11100,0
12.72,11110,0
12.74,11116,0
12.76,11117,0
12.78,11123,0
12.80,11128,0
12.82,11154,0
12.84,11154,0
12.86,11166,0
12.88,11157,0
12.90,11177,0
12.92,11175,0
12.94,11192,0
12.96,11189,0
12.98,11203,0
13.00,11215,0
13.02,11221,0
13.04,11231,0
13.06,11228,0
13.08,11230,0
13.10,11197,0
13.12,11157,0
13.14,11098,0
13.16,11062,0
13.17,11027,0
13.19,11026,0
13.21,11015,0
13.23,11002,0
13.25,10993,0
13.27,10995,0
13.29,11002,0
13.31,11009,0
13.33,11008,0
13.35,11002,0
13.37,11001,0
13.39,10994,0
13.41,10989,0
13.43,10969,0
13.45,10965,0
13.47,10943,0
13.49,10947,0
13.51,10932,0
13.53,10930,0
13.55,10936,0
13.57,10958,0
13.59,10952,0
13.61,10963,0
13.63,10960,0
13.65,10982,0
13.67,10980,0
13.69,10988,0
13.71,10995,0
13.73,11008,0
13.75,11018,0
13.77,11020,0
13.79,11021,0
13.81,11028,0
13.83,11029,0
13.85,11039,0
13.87,11040,0
13.89,11044,0
13.91,11059,0
13.93,11055,0
13.95,11072,0
13.97,11070,0
13.99,11092,0
14.00,11090,0
14.02,11105,0
14.04,11104,0
14.06,11106,0
14.08,11122,0
14.10,11129,0
14.12,11152,0
14.14,11147,0
14.16,11150,0
14.18,11130,0
14.20,11091,0
14.22,11054,0
14.24,11006,0
14.26,10985,0
14.28,10948,0
14.30,10943,0
14.32,10926,0
14.34,10936,0
14.36,10927,0
14.38,10930,0
14.40,10930,0
14.42,10944,0
14.44,10948,0
14.46,10953,0
14.48,10943,0
14.50,10947,0
14.52,10924,0
14.54,10909,0
14.56,10896,0
14.58,10892,0
14.60,10895,0
14.62,10887,0
14.64,10905,0
14.66,10909,0
14.68,10908,0
14.70,10917,0
14.72,10923,0
14.74,10934,0
14.76,10953,0
14.78,10954,0
14.80,10968,0
14.81,10970,0
14.83,10981,0
14.85,10985,0
14.87,10988,0
14.89,11006,0
14.91,11018,0
14.93,11006,0
14.95,11023,0
14.97,11014,0
14.99,11038,0
15.01,11029,0
15.03,11037,0
15.05,11060,0
15.07,11060,0
15.09,11067,0
15.11,11074,0
15.13,11074,0
15.15,11093,0
15.17,11091,0
15.19,11112,0
15.21,11109,0
15.23,11120,0
15.25,11129,0
15.27,11107,0
15.29,11072,0
15.31,11035,0
15.33,10997,0
15.35,10964,0
15.37,10927,0
15.39,10913,0
15.41,10907,0
15.43,10905,0
15.45,10905,0
15.47,10911,0
15.49,10925,0
15.51,10928,0
15.53,10924,0
15.55,10930,0
15.57,10930,0
15.59,10934,0
15.61,10927,0
15.62,10906,0
15.64,10894,0
15.66,10886,0
15.68,10898,0
15.70,10884,0
15.72,10897,0
15.74,10893,0
15.76,10904,0
15.78,10920,0
15.80,10921,0
15.82,10931,0
15.84,10949,0
15.86,10952,0
15.88,10971,0
15.90,10976,0
15.92,10984,0
15.94,10994,0
15.96,10997,0
15.98,11002,0
16.00,11011,0
16.02,11022,0
16.04,11034,0
16.06,11033,0
16.08,11044,0
16.10,11049,0
16.12,11054,0
16.14,11068,0
16.16,11071,0
16.18,11087,0
16.20,11100,0
16.22,11096,0
16.24,11109,0
16.26,11120,0
16.28,11118,0
16.30,11129,0
16.32,11141,0
16.34,11145,0
16.36,11157,0
16.38,11171,0
16.40,11184,0
16.42,11196,0
16.43,11188,0
16.45,11175,0
16.47,11153,0
16.49,11093,0
16.51,11047,0
16.53,11019,0
16.55,10980,0
16.57,10965,0
16.59,10968,0
16.61,10968,0
16.63,10965,0
16.65,10963,0
16.67,10961,0
16.69,10977,0
16.71,10973,0
16.73,10975,0
16.75,10991,0
16.77,10979,0
16.79,10958,0
16.81,10947,0
16.83,10931,0
16.85,10937,0
16.87,10917,0
16.89,10916,0
16.91,10922,0
16.93,10932,0
16.95,10938,0
16.97,10941,0
16.99,10944,0
17.01,10954,0
17.03,10965,0
17.05,10986,0
17.07,10980,0
17.09,10994,0
17.11,10998,0
17.13,11000,0
17.15,11007,0
17.17,11017,0
17.19,11018,0
17.21,11029,0
17.23,11032,0
17.24,11050,0
17.26,11060,0
17.28,11048,0
17.30,11064,0
17.32,11079,0
17.34,11076,0
17.36,11084,0
17.38,11106,0
17.40,11102,0
17.42,11108,0
17.44,11134,0
17.46,11143,0
17.48,11147,0
17.50,11153,0
17.52,11158,0
17.54,11175,0
17.56,11179,0
17.58,11185,0
17.60,11202,0
17.62,11201,0
17.64,11212,0
17.66,11223,0
17.68,11215,0
17.70,11175,0
17.72,11149,0
17.74,11106,0
17.76,11059,0
17.78,11045,0
17.80,11023,0
17.82,11010,0
17.84,11006,0
17.86,11014,0
17.88,11014,0
17.90,11019,0
17.92,11036,0
17.94,11033,0
17.96,11039,0
17.98,11045,0
18.00,11039,0
18.02,11028,0
18.04,11018,0
18.06,11012,0
18.07,11001,0
18.09,11004,0
18.11,11008,0
18.13,11000,0
18.15,11010,0
18.17,11025,0
18.19,11031,0
18.21,11037,0
18.23,11043,0
18.25,11066,0
18.27,11075,0
18.29,11079,0
18.31,11088,0
18.33,11102,0
18.35,11101,0
18.37,11108,0
18.39,11125,0
18.41,11117,0
18.43,11118,0
18.45,11124,0
18.47,11136,0
18.49,11141,0
18.51,11141,0
18.53,11155,0
18.55,11170,0
18.57,11161,0
18.59,11166,0
18.61,11180,0
18.63,11187,0
18.65,11192,0
18.67,11200,0
18.69,11207,0
18.71,11215,0
18.73,11226,0
18.75,11230,0
18.77,11246,0
18.79,11248,0
18.81,11260,0
18.83,11278,0
18.85,11280,0
18.86,11281,0
18.88,11286,0
18.90,11269,0
18.92,11216,0
18.94,11178,0
18.96,11128,0
18.98,11079,0
19.00,11064,0
19.02,11043,0
19.04,11026,0
19.06,11026,0
19.08,11034,0
19.10,11023,0
19.12,11027,0
19.14,11044,0
19.16,11043,0
19.18,11052,0
19.20,11047,0
19.22,11038,0
19.24,11039,0
19.26,11012,0
19.28,10998,0
19.30,10999,0
19.32,10985,0
19.34,10984,0
19.36,10996,0
19.38,11004,0
19.40,11002,0
19.42,11020,0
19.44,11025,0
19.46,11033,0
19.48,11043,0
19.50,11050,0
19.52,11069,0
19.54,11076,0
19.56,11078,0
19.58,11091,0
19.60,11089,0
19.62,11095,0
19.64,11094,0
19.66,11104,0
19.67,11110,0
19.69,11111,0
19.71,11116,0
19.73,11136,0
19.75,11141,0
19.77,11134,0
19.79,11149,0
19.81,11150,0
19.83,11159,0
19.85,11166,0
19.87,11173,0
19.89,11180,0
19.91,11197,0
19.93,11195,0
19.95,11211,0
19.97,11223,0
19.99,11227,0
20.01,11242,0
20.03,11249,0
20.05,11248,0
20.07,11266,0
20.09,11280,0
20.11,11267,0
20.13,11267,0
20.15,11266,0
20.17,11210,0
20.19,11164,0
20.21,11127,0
20.23,11084,0
20.25,11052,0
20.27,11023,0
20.29,11014,0
20.31,11015,0
20.33,11010,0
20.35,11007,0
20.37,11029,0
20.39,11027,0
20.41,11026,0
20.43,11042,0
20.45,11044,0
20.47,11023,0
20.49,11022,0
20.50,10996,0
20.52,10985,0
20.54,10969,0
20.56,10961,0
20.58,10961,0
20.60,10968,0
20.62,10958,0
20.64,10976,0
20.66,10976,0
20.68,10978,0
20.70,10988,0
20.72,10995,0
20.74,11017,0
20.76,11025,0
20.78,11022,0
20.80,11038,0
20.82,11037,0
20.84,11048,0
20.86,11050,0
20.88,11054,0
20.90,11066,0
20.92,11068,0
20.94,11066,0
20.96,11077,0
20.98,11086,0
21.00,11086,0
21.02,11093,0
21.04,11107,0
21.06,11102,0
21.08,11120,0
21.10,11130,0
21.12,11125,0
21.14,11131,0
21.16,11152,0
21.18,11143,0
21.20,11156,0
21.22,11174,0
21.24,11183,0
21.26,11192,0
21.28,11192,0
21.29,11198,0
21.31,11221,0
21.33,11217,0
21.35,11213,0
21.37,11201,0
21.39,11149,0
21.41,11101,0
21.43,11070,0
21.45,11032,0
21.47,11006,0
21.49,10989,0
21.51,10980,0
21.53,10990,0
21.55,10981,0
21.57,10987,0
21.59,11002,0
21.61,11011,0
21.63,11019,0
21.65,11013,0
21.67,11014,0
21.69,11021,0
21.71,10994,0
21.73,10980,0
21.75,10984,0
21.77,10970,0
21.79,10958,0
21.81,10965,0
21.83,10966,0
21.85,10972,0
21.87,10975,0
21.89,10984,0
21.91,10992,0
21.93,11002,0
21.95,11013,0
21.97,11023,0
21.99,11035,0
22.01,11042,0
22.03,11056,0
22.05,11070,0
22.07,11063,0
22.09,11077,0
22.11,11077,0
22.12,11078,0
22.14,11088,0
22.16,11093,0
22.18,11109,0
22.20,11116,0
22.22,11113,0
22.24,11122,0
22.26,11131,0
22.28,11140,0
22.30,11157,0
22.32,11160,0
22.34,11176,0
22.36,11177,0
22.38,11189,0
22.40,11196,0
22.42,11202,0
22.44,11226,0
22.46,11234,0
22.48,11249,0
22.50,11242,0
22.52,11247,0
22.54,11237,0
22.56,11211,0
22.58,11171,0
22.60,11113,0
22.62,11074,0
22.64,11047,0
22.66,11026,0
22.68,11025,0
22.70,11016,0
22.72,11026,0
22.74,11029,0
22.76,11026,0
22.78,11034,0
22.80,11041,0
22.82,11054,0
22.84,11062,0
22.86,11049,0
22.88,11039,0
22.90,11025,0
22.91,11023,0
22.93,11011,0
22.95,11013,0
22.97,10996,0
22.99,10999,0
23.01,11004,0
23.03,11017,0
23.05,11027,0
23.07,11029,0
23.09,11038,0
23.11,11048,0
23.13,11066,0
23.15,11079,0
23.17,11080,0
23.19,11087,0
23.21,11092,0
23.23,11112,0
23.25,11111,0
23.27,11128,0
23.29,11116,0
23.31,11126,0
23.33,11125,0
23.35,11144,0
23.37,11140,0
23.39,11156,0
23.41,11147,0
23.43,11159,0
23.45,11163,0
23.47,11181,0
23.49,11182,0
23.51,11185,0
23.53,11205,0
23.55,11203,0
23.57,11218,0
23.59,11222,0
23.61,11244,0
23.63,11246,0
23.65,11256,0
23.67,11248,0
23.69,11257,0
23.71,11266,0
23.73,11276,0
23.74,11253,0
23.76,11209,0
23.78,11163,0
23.80,11110,0
23.82,11079,0
23.84,11049,0
23.86,11019,0
23.88,11017,0
23.90,11005,0
23.92,11006,0
23.94,11005,0
23.96,11012,0
23.98,11023,0
24.00,11023,0
24.02,11024,0
24.04,11030,0
24.06,11028,0
24.08,10999,0
24.10,10999,0
24.12,10969,0
24.14,10949,0
24.16,10943,0
24.18,10936,0
24.20,10938,0
24.22,10941,0
24.24,10941,0
24.26,10963,0
24.28,10954,0
24.30,10966,0
24.32,10972,0
24.34,10990,0
24.36,10990,0
24.38,10997,0
24.40,11019,0
24.42,11007,0
24.44,11017,0
24.46,11030,0
24.48,11031,0
24.50,11038,0
24.52,11039,0
24.54,11042,0
24.55,11058,0
24.57,11048,0
24.59,11053,0
24.61,11063,0
24.63,11069,0
24.65,11080,0
24.67,11083,0
24.69,11092,0
24.71,11102,0
24.73,11104,0
24.75,11106,0
24.77,11122,0
24.79,11119,0
24.81,11139,0
24.83,11149,0
24.85,11160,0
24.87,11162,0
24.89,11161,0
24.91,11142,0
24.93,11115,0
24.95,11053,0
24.97,11010,0
24.99,10978,0
25.01,10942,0
25.03,10929,0
25.05,10915,0
25.07,10910,0
25.09,10926,0
25.11,10912,0
25.13,10919,0
25.15,10940,0
25.17,10937,0
25.19,10945,0
25.21,10946,0
25.23,10949,0
25.25,10935,0
25.27,10913,0
25.29,10897,0
25.31,10896,0
25.33,10880,0
25.35,10878,0
25.36,10894,0
25.38,10900,0
25.40,10903,0
25.42,10904,0
25.44,10910,0
25.46,10931,0
25.48,10931,0
25.50,10939,0
25.52,10950,0
25.54,10967,0
25.56,10975,0
25.58,10969,0
25.60,10975,0
25.62,10987,0
25.64,10983,0
25.66,10990,0
25.68,11001,0
25.70,11011,0
25.72,11022,0
25.74,11018,0
25.76,11019,0
25.78,11033,0
25.80,11034,0
25.82,11045,0
25.84,11055,0
25.86,11068,0
25.88,11079,0
25.90,11074,0
25.92,11089,0
25.94,11101,0
25.96,11102,0
25.98,11111,0
26.00,11124,0
26.02,11100,0
26.04,11084,0
26.06,11027,0
26.08,10984,0
26.10,10943,0
26.12,10912,0
26.14,10891,0
26.16,10889,0
26.17,10878,0
26.19,10879,0
26.21,10894,0
26.23,10900,0
26.25,10905,0
26.27,10911,0
26.29,10905,0
26.31,10918,0
26.33,10905,0
26.35,10894,0
26.37,10884,0
26.39,10871,0
26.41,10858,0
26.43,10869,0
26.45,10865,0
26.47,10866,0
26.49,10871,0
26.51,10875,0
26.53,10888,0
26.55,10896,0
26.57,10910,0
26.59,10931,0
26.61,10942,0
26.63,10933,0
26.65,10944,0
26.67,10949,0
26.69,10964,0
26.71,10960,0
26.73,10967,0
26.75,10985,0
26.77,10990,0
26.79,10986,0
26.81,10994,0
26.83,10993,0
26.85,11004,0
26.87,11009,0
26.89,11013,0
26.91,11031,0
26.93,11033,0
26.95,11036,0
26.97,11059,0
26.99,11060,0
27.00,11075,0
27.02,11074,0
27.04,11081,0
27.06,11101,0
27.08,11112,0
27.10,11123,0
27.12,11108,0
27.14,11090,0
27.16,11047,0
27.18,11001,0
27.20,10962,0
27.22,10908,0
27.24,10883,0
27.26,10861,0
27.28,10861,0
27.30,10849,0
27.32,10843,0
27.34,10859,0
27.36,10850,0
27.38,10857,0
27.40,10861,0
27.42,10855,0
27.44,10868,0
27.46,10853,0
27.48,10835,0
27.50,10819,0
27.52,10801,0
27.54,10804,0
27.56,10791,0
27.58,10785,0
27.60,10803,0
27.62,10806,0
27.64,10814,0
27.66,10816,0
27.68,10823,0
27.70,10839,0
27.72,10838,0
27.74,10848,0
27.76,10865,0
27.78,10863,0
27.80,10869,0
27.81,10879,0
27.83,10886,0
27.85,10886,0
27.87,10898,0
27.89,10909,0
27.91,10900,0
27.93,10916,0
27.95,10916,0
27.97,10915,0
27.99,10924,0
28.01,10931,0
28.03,10938,0
28.05,10944,0
28.07,10962,0
28.09,10960,0
28.11,10984,0
28.13,10986,0
28.15,10994,0
28.17,10997,0
28.19,11006,0
28.21,11018,0
28.23,11028,0
28.25,11038,0
28.27,11052,0
28.29,11050,0
28.31,11056,0
28.33,11051,0
28.35,11028,0
28.37,10984,0
28.39,10930,0
28.41,10886,0
28.43,10851,0
28.45,10810,0
28.47,10793,0
28.49,10784,0
28.51,10781,0
28.53,10790,0
28.55,10781,0
28.57,10801,0
28.59,10794,0
28.61,10796,0
28.62,10800,0
28.64,10800,0
28.66,10792,0
28.68,10786,0
28.70,10760,0
28.72,10756,0
28.74,10744,0
28.76,10736,0
28.78,10737,0
28.80,10736,0
28.82,10755,0
28.84,10759,0
28.86,10759,0
28.88,10778,0
28.90,10794,0
28.92,10789,0
28.94,10808,0
28.96,10813,0
28.98,10813,0
29.00,10824,0
29.02,10833,0
29.04,10841,0
29.06,10853,0
29.08,10849,0
29.10,10865,0
29.12,10861,0
29.14,10863,0
29.16,10868,0
29.18,10875,0
29.20,10888,0
29.22,10897,0
29.24,10890,0
29.26,10900,0
29.28,10905,0
29.30,10916,0
29.32,10918,0
29.34,10923,0
29.36,10934,0
29.38,10946,0
29.40,10945,0
29.42,10967,0
29.43,10976,0
29.45,10975,0
29.47,10988,0
29.49,10991,0
29.51,10993,0
29.53,10967,0
29.55,10929,0
29.57,10891,0
29.59,10837,0
29.61,10809,0
29.63,10770,0
29.65,10768,0
29.67,10753,0
29.69,10750,0
29.71,10752,0
29.73,10758,0
29.75,10777,0
29.77,10769,0
29.79,10780,0
29.81,10788,0
29.83,10800,0
29.85,10780,0
29.87,10780,0
29.89,10751,0
29.91,10738,0
29.93,10739,0
29.95,10735,0
29.97,10747,0
29.99,10742,0
30.01,10760,0
30.03,10765,0
30.05,10771,0
30.07,10784,0
30.09,10792,0
30.11,10818,0
30.13,10823,0
30.15,10828,0
30.17,10840,0
30.19,10843,0
30.21,10863,0
30.23,10872,0
30.24,10870,0
30.26,10876,0
30.28,10880,0
30.30,10896,0
30.32,10890,0
30.34,10900,0
30.36,10900,0
30.38,10908,0
30.40,10915,0
30.42,10909,0
30.44,10912,0
30.46,10926,0
30.48,10938,0
30.50,10947,0
30.52,10946,0
30.54,10957,0
30.56,10968,0
30.58,10981,0
30.60,11003,0
30.62,10996,0
30.64,11007,0
30.66,10982,0
30.68,10962,0
30.70,10893,0
30.72,10847,0
30.74,10815,0
30.76,10784,0
30.78,10767,0
30.80,10748,0
30.82,10742,0
30.84,10744,0
30.86,10744,0
30.88,10751,0
30.90,10768,0
30.92,10774,0
30.94,10774,0
30.96,10772,0
30.98,10759,0
31.00,10761,0
31.02,10736,0
31.04,10736,0
31.05,10717,0
31.07,10712,0
31.09,10716,0
31.11,10715,0
31.13,10732,0
31.15,10730,0
31.17,10749,0
31.19,10748,0
31.21,10778,0
31.23,10781,0
31.25,10796,0
31.27,10796,0
31.29,10808,0
31.31,10824,0
31.33,10825,0
31.35,10843,0
31.37,10843,0
31.39,10859,0
31.41,10862,0
31.43,10861,0
31.45,10867,0
31.47,10878,0
31.49,10888,0
31.51,10905,0
31.53,10899,0
31.55,10916,0
31.57,10916,0
31.59,10927,0
31.61,10940,0
31.63,10942,0
31.65,10959,0
31.67,10957,0
31.69,10982,0
31.71,10977,0
31.73,10999,0
31.75,11000,0
31.77,11012,0
31.79,11027,0
31.81,11028,0
31.83,11035,0
31.85,11027,0
31.86,11013,0
31.88,10958,0
31.90,10901,0
31.92,10855,0
31.94,10816,0
31.96,10802,0
31.98,10782,0
32.00,10773,0
32.02,10764,0
32.04,10764,0
32.06,10775,0
32.08,10773,0
32.10,10779,0
32.12,10786,0
32.14,10786,0
32.16,10783,0
32.18,10764,0
32.20,10741,0
32.22,10736,0
32.24,10712,0
32.26,10709,0
32.28,10702,0
32.30,10698,0
32.32,10705,0
32.34,10710,0
32.36,10728,0
32.38,10725,0
32.40,10747,0
32.42,10745,0
32.44,10751,0
32.46,10760,0
32.48,10772,0
32.50,10788,0
32.52,10793,0
32.54,10800,0
32.56,10803,0
32.58,10806,0
32.60,10823,0
32.62,10820,0
32.64,10827,0
32.66,10843,0
32.68,10842,0
32.69,10846,0
32.71,10855,0
32.73,10864,0
32.75,10877,0
32.77,10880,0
32.79,10890,0
32.81,10905,0
32.83,10923,0
32.85,10919,0
32.87,10932,0
32.89,10939,0
32.91,10960,0
32.93,10966,0
32.95,10978,0
32.97,10988,0
32.99,10990,0
33.01,10993,0
33.03,10969,0
33.05,10944,0
33.07,10882,0
33.09,10839,0
33.11,10798,0
33.13,10773,0
33.15,10763,0
33.17,10749,0
33.19,10758,0
33.21,10748,0
33.23,10763,0
33.25,10758,0
33.27,10768,0
33.29,10780,0
33.31,10794,0
33.33,10794,0
33.35,10777,0
33.37,10768,0
33.39,10756,0
33.41,10758,0
33.43,10739,0
33.45,10737,0
33.47,10734,0
33.49,10741,0
33.50,10762,0
33.52,10763,0
33.54,10777,0
33.56,10771,0
33.58,10800,0
33.60,10794,0
33.62,10803,0
33.64,10810,0
33.66,10830,0
33.68,10839,0
33.70,10848,0
33.72,10839,0
33.74,10847,0
33.76,10855,0
33.78,10865,0
33.80,10868,0
33.82,10872,0
33.84,10888,0
33.86,10884,0
33.88,10894,0
33.90,10896,0
33.92,10917,0
33.94,10919,0
33.96,10930,0
33.98,10926,0
34.00,10940,0
34.02,10947,0
34.04,10969,0
34.06,10980,0
34.08,10976,0
34.10,10972,0
34.12,10941,0
34.14,10911,0
34.16,10861,0
34.18,10820,0
34.20,10773,0
34.22,10753,0
34.24,10742,0
34.26,10746,0
34.28,10751,0
34.30,10742,0
34.31,10750,0
34.33,10751,0
34.35,10757,0
34.37,10763,0
34.39,10765,0
34.41,10773,0
34.43,10763,0
34.45,10747,0
34.47,10742,0
34.49,10732,0
34.51,10730,0
34.53,10733,0
34.55,10737,0
34.57,10755,0
34.59,10759,0
34.61,10770,0
34.63,10781,0
34.65,10798,0
34.67,10815,0
34.69,10827,0
34.71,10836,0
34.73,10863,0
34.75,10868,0
34.77,10868,0
34.79,10879,0
34.81,10883,0
34.83,10891,0
34.85,10900,0
34.87,10909,0
34.89,10919,0
34.91,10930,0
34.93,10934,0
34.95,10944,0
34.97,10962,0
34.99,10965,0
35.01,10979,0
35.03,10982,0
35.05,10989,0
35.07,10998,0
35.09,11016,0
35.11,11023,0
35.13,11043,0
35.14,11043,0
35.16,11029,0
35.18,11005,0
35.20,10956,0
35.22,10904,0
35.24,10870,0
35.26,10829,0
35.28,10812,0
35.30,10799,0
35.32,10804,0
35.34,10802,0
35.36,10804,0
35.38,10803,0
35.40,10809,0
35.42,10827,0
35.44,10826,0
35.46,10821,0
35.48,10819,0
35.50,10814,0
35.52,10809,0
35.54,10795,0
35.56,10783,0
35.58,10787,0
35.60,10779,0
35.62,10786,0
35.64,10791,0
35.66,10792,0
35.68,10807,0
35.70,10809,0
35.72,10816,0
35.74,10836,0
35.76,10846,0
35.78,10845,0
35.80,10857,0
35.82,10858,0
35.84,10868,0
35.86,10872,0
35.88,10877,0
35.90,10899,0
35.92,10906,0
35.93,10902,0
35.95,10908,0
35.97,10912,0
35.99,10928,0
36.01,10922,0
36.03,10933,0
36.05,10949,0
36.07,10949,0
36.09,10955,0
36.11,10954,0
36.13,10964,0
36.15,10990,0
36.17,10990,0
36.19,11005,0
36.21,11017,0
36.23,11017,0
36.25,10997,0
36.27,10942,0
36.29,10887,0
36.31,10857,0
36.33,10801,0
36.35,10777,0
36.37,10762,0
36.39,10758,0
36.41,10761,0
36.43,10746,0
36.45,10750,0
36.47,10771,0
36.49,10763,0
36.51,10771,0
36.53,10781,0
36.55,10786,0
36.57,10780,0
36.59,10763,0
36.61,10755,0
36.63,10757,0
36.65,10742,0
36.67,10741,0
36.69,10741,0
36.71,10750,0
36.73,10757,0
36.75,10764,0
36.76,10775,0
36.78,10794,0
36.80,10798,0
36.82,10810,0
36.84,10828,0
36.86,10829,0
36.88,10833,0
36.90,10840,0
36.92,10844,0
36.94,10861,0
36.96,10854,0
36.98,10858,0
37.00,10872,0
37.02,10874,0
37.04,10878,0
37.06,10882,0
37.08,10887,0
37.10,10898,0
37.12,10901,0
37.14,10908,0
37.16,10926,0
37.18,10927,0
37.20,10938,0
37.22,10955,0
37.24,10956,0
37.26,10968,0
37.28,10981,0
37.30,10978,0
37.32,10955,0
37.34,10927,0
37.36,10896,0
37.38,10847,0
37.40,10827,0
37.42,10811,0
37.44,10793,0
37.46,10790,0
37.48,10797,0
37.50,10794,0
37.52,10799,0
37.54,10812,0
37.56,10820,0
37.57,10825,0
37.59,10839,0
37.61,10846,0
37.63,10838,0
37.65,10824,0
37.67,10810,0
37.69,10819,0
37.71,10803,0
37.73,10817,0
37.75,10821,0
37.77,10824,0
37.79,10836,0
37.81,10841,0
37.83,10857,0
37.85,10866,0
37.87,10879,0
37.89,10902,0
37.91,10903,0
37.93,10918,0
37.95,10929,0
37.97,10933,0
37.99,10943,0
38.01,10952,0
38.03,10963,0
38.05,10980,0
38.07,10979,0
38.09,10988,0
38.11,10991,0
38.13,10998,0
38.15,11007,0
38.17,11017,0
38.19,11036,0
38.21,11045,0
38.23,11035,0
38.25,11031,0
38.27,11002,0
38.29,10967,0
38.31,10934,0
38.33,10902,0
38.35,10890,0
38.37,10872,0
38.38,10877,0
38.40,10868,0
38.42,10873,0
38.44,10886,0
38.46,10892,0
38.48,10900,0
38.50,10898,0
38.52,10909,0
38.54,10911,0
38.56,10918,0
38.58,10908,0
38.60,10892,0
38.62,10889,0
38.64,10886,0
38.66,10883,0
38.68,10888,0
38.70,10894,0
38.72,10909,0
38.74,10922,0
38.76,10923,0
38.78,10934,0
38.80,10945,0
38.82,10950,0
38.84,10961,0
38.86,10963,0
38.88,10988,0
38.90,10980,0
38.92,10982,0
38.94,10992,0
38.96,11000,0
38.98,11006,0
39.00,11016,0
39.02,11015,0
39.04,11032,0
39.06,11028,0
39.08,11040,0
39.10,11046,0
39.12,11054,0
39.14,11075,0
39.16,11084,0
39.18,11080,0
39.19,11074,0
39.21,11042,0
39.23,11015,0
39.25,10963,0
39.27,10931,0
39.29,10917,0
39.31,10901,0
39.33,10888,0
39.35,10899,0
39.37,10893,0
39.39,10892,0
39.41,10900,0
39.43,10906,0
39.45,10919,0
39.47,10918,0
39.49,10917,0
39.51,10917,0
39.53,10905,0
39.55,10906,0
39.57,10886,0
39.59,10884,0
39.61,10883,0
39.63,10893,0
39.65,10892,0
39.67,10895,0
39.69,10901,0
39.71,10912,0
39.73,10932,0
39.75,10935,0
39.77,10949,0
39.79,10956,0
39.81,10960,0
39.83,10981,0
39.85,10988,0
39.87,10999,0
39.89,10993,0
39.91,10999,0
39.93,11010,0
39.95,11014,0
39.97,11028,0
39.99,11026,0
40.00,11030,0
40.02,11041,0
40.04,11053,0
40.06,11066,0
40.08,11065,0
40.10,11072,0
40.12,11079,0
40.14,11107,0
40.16,11114,0
40.18,11124,0
40.20,11118,0
40.22,11116,0
40.24,11116,0
40.26,11078,0
40.28,11040,0
40.30,10994,0
40.32,10970,0
40.34,10943,0
40.36,10922,0
40.38,10912,0
40.40,10915,0
40.42,10910,0
40.44,10920,0
40.46,10914,0
40.48,10930,0
40.50,10926,0
40.52,10928,0
40.54,10925,0
40.56,10917,0
40.58,10912,0
40.60,10902,0
40.62,10892,0
40.64,10887,0
40.66,10897,0
40.68,10896,0
40.70,10902,0
40.72,10912,0
40.74,10910,0
40.76,10924,0
40.78,10930,0
40.80,10951,0
40.81,10951,0
40.83,10958,0
40.85,10969,0
40.87,10973,0
40.89,10990,0
40.91,10996,0
40.93,11003,0
40.95,11001,0
40.97,11006,0
40.99,11020,0
41.01,11030,0
41.03,11030,0
41.05,11028,0
41.07,11037,0
41.09,11040,0
41.11,11061,0
41.13,11066,0
41.15,11068,0
41.17,11076,0
41.19,11085,0
41.21,11091,0
41.23,11103,0
41.25,11113,0
41.27,11134,0
41.29,11128,0
41.31,11119,0
41.33,11089,0
41.35,11049,0
41.37,11020,0
41.39,10981,0
41.41,10962,0
41.43,10935,0
41.45,10926,0
41.47,10933,0
41.49,10939,0
41.51,10939,0
41.53,10939,0
41.55,10945,0
41.57,10952,0
41.59,10959,0
41.61,10967,0
41.62,10950,0
41.64,10944,0
41.66,10929,0
41.68,10935,0
41.70,10926,0
41.72,10929,0
41.74,10917,0
41.76,10925,0
41.78,10931,0
41.80,10951,0
41.82,10948,0
41.84,10963,0
41.86,10968,0
41.88,10983,0
41.90,10996,0
41.92,10999,0
41.94,11016,0
41.96,11004,0
41.98,11011,0
42.00,11029,0
42.02,11023,0
42.04,11034,0
42.06,11034,0
42.08,11032,0
42.10,11046,0
42.12,11039,0
42.14,11045,0
42.16,11065,0
42.18,11058,0
42.20,11070,0
42.22,11078,0
42.24,11080,0
42.26,11092,0
42.28,11085,0
42.30,11092,0
42.32,11104,0
42.34,11115,0
42.36,11122,0
42.38,11122,0
42.40,11128,0
42.42,11116,0
42.44,11089,0
42.45,11048,0
42.47,10984,0
42.49,10942,0
42.51,10904,0
42.53,10887,0
42.55,10867,0
42.57,10858,0
42.59,10863,0
42.61,10858,0
42.63,10858,0
42.65,10863,0
42.67,10864,0
42.69,10864,0
42.71,10859,0
42.73,10852,0
42.75,10842,0
42.77,10837,0
42.79,10814,0
42.81,10816,0
42.83,10811,0
42.85,10801,0
42.87,10811,0
42.89,10814,0
42.91,10820,0
42.93,10824,0
42.95,10837,0
42.97,10847,0
42.99,10869,0
43.01,10865,0
43.03,10880,0
43.05,10880,0
43.07,10887,0
43.09,10896,0
43.11,10899,0
43.13,10911,0
43.15,10921,0
43.17,10917,0
43.19,10937,0
43.21,10936,0
43.23,10938,0
43.25,10943,0
43.26,10950,0
43.28,10957,0
43.30,10979,0
43.32,10974,0
43.34,10993,0
43.36,10988,0
43.38,11009,0
43.40,11007,0
43.42,11022,0
43.44,11034,0
43.46,11037,0
43.48,11055,0
43.50,11055,0
43.52,11077,0
43.54,11057,0
43.56,11042,0
43.58,11002,0
43.60,10960,0
43.62,10926,0
43.64,10890,0
43.66,10871,0
43.68,10856,0
43.70,10861,0
43.72,10860,0
43.74,10878,0
43.76,10871,0
43.78,10881,0
43.80,10887,0
43.82,10899,0
43.84,10919,0
43.86,10904,0
43.88,10906,0
43.90,10896,0
43.92,10896,0
43.94,10885,0
43.96,10879,0
43.98,10882,0
44.00,10873,0
44.02,10886,0
44.04,10884,0
44.06,10891,0
44.07,10898,0
44.09,10905,0
44.11,10917,0
44.13,10929,0
44.15,10948,0
44.17,10945,0
44.19,10964,0
44.21,10968,0
44.23,10970,0
44.25,10977,0
44.27,10984,0
44.29,10992,0
44.31,10998,0
44.33,11020,0
44.35,11020,0
44.37,11027,0
44.39,11046,0
44.41,11048,0
44.43,11056,0
44.45,11074,0
44.47,11084,0
44.49,11089,0
44.51,11095,0
44.53,11108,0
44.55,11126,0
44.57,11126,0
44.59,11137,0
44.61,11159,0
44.63,11162,0
44.65,11153,0
44.67,11138,0
44.69,11099,0
44.71,11070,0
44.73,11023,0
44.75,10995,0
44.77,10993,0
44.79,10981,0
44.81,10971,0
44.83,10975,0
44.85,10975,0
44.87,10992,0
44.89,10987,0
44.90,10995,0
44.92,11020,0
44.94,11014,0
44.96,11021,0
44.98,11015,0
45.00,11009,0
45.02,10998,0
45.04,10987,0
45.06,10978,0
45.08,10989,0
45.10,10979,0
45.12,10984,0
45.14,11002,0
45.16,11008,0
45.18,11022,0
45.20,11020,0
45.22,11026,0
45.24,11051,0
45.26,11047,0
45.28,11054,0
45.30,11078,0
45.32,11085,0
45.34,11087,0
45.36,11099,0
45.38,11100,0
45.40,11113,0
45.42,11112,0
45.44,11119,0
45.46,11130,0
45.48,11134,0
45.50,11138,0
45.52,11156,0
45.54,11150,0
45.56,11171,0
45.58,11160,0
45.60,11167,0
45.62,11182,0
45.64,11167,0
45.66,11145,0
45.68,11100,0
45.69,11044,0
45.71,11006,0
45.73,10970,0
45.75,10947,0
45.77,10946,0
45.79,10931,0
45.81,10935,0
45.83,10939,0
45.85,10945,0
45.87,10943,0
45.89,10958,0
45.91,10963,0
45.93,10964,0
45.95,10967,0
45.97,10960,0
45.99,10943,0
46.01,10935,0
46.03,10935,0
46.05,10917,0
46.07,10914,0
46.09,10915,0
46.11,10927,0
46.13,10926,0
46.15,10934,0
46.17,10941,0
46.19,10955,0
46.21,10964,0
46.23,10973,0
46.25,10988,0
46.27,10995,0
46.29,11008,0
46.31,11020,0
46.33,11029,0
46.35,11041,0
46.37,11040,0
46.39,11047,0
46.41,11064,0
46.43,11062,0
46.45,11070,0
46.47,11083,0
46.49,11090,0
46.51,11101,0
46.52,11103,0
46.54,11116,0
46.56,11127,0
46.58,11130,0
46.60,11131,0
46.62,11134,0
46.64,11098,0
46.66,11064,0
46.68,11025,0
46.70,10987,0
46.72,10962,0
46.74,10926,0
46.76,10917,0
46.78,10919,0
46.80,10912,0
46.82,10917,0
46.84,10930,0
46.86,10941,0
46.88,10946,0
46.90,10950,0
46.92,10953,0
46.94,10958,0
46.96,10946,0
46.98,10938,0
47.00,10938,0
47.02,10922,0
47.04,10913,0
47.06,10926,0
47.08,10916,0
47.10,10928,0
47.12,10925,0
47.14,10934,0
47.16,10958,0
47.18,10959,0
47.20,10974,0
47.22,10989,0
47.24,10995,0
47.26,11012,0
47.28,11011,0
47.30,11016,0
47.32,11034,0
47.33,11030,0
47.35,11044,0
47.37,11065,0
47.39,11070,0
47.41,11064,0
47.43,11080,0
47.45,11075,0
47.47,11090,0
47.49,11092,0
47.51,11101,0
47.53,11122,0
47.55,11130,0
47.57,11126,0
47.59,11125,0
47.61,11100,0
47.63,11063,0
47.65,11022,0
47.67,10989,0
47.69,10963,0
47.71,10946,0
47.73,10940,0
47.75,10945,0
47.77,10951,0
47.79,10950,0
47.81,10970,0
47.83,10977,0
47.85,10975,0
47.87,10995,0
47.89,10996,0
47.91,10992,0
47.93,10985,0
47.95,10975,0
47.97,10969,0
47.99,10964,0
48.01,10959,0
48.03,10958,0
48.05,10968,0
48.07,10968,0
48.09,10983,0
48.11,10987,0
48.12,11000,0
48.14,11003,0
48.16,11010,0
48.18,11026,0
48.20,11032,0
48.22,11043,0
48.24,11049,0
48.26,11061,0
48.28,11070,0
48.30,11076,0
48.32,11089,0
48.34,11088,0
48.36,11101,0
48.38,11119,0
48.40,11116,0
48.42,11118,0
48.44,11133,0
48.46,11146,0
48.48,11140,0
48.50,11151,0
48.52,11170,0
48.54,11181,0
48.56,11183,0
48.58,11164,0
48.60,11144,0
48.62,11103,0
48.64,11049,0
48.66,11021,0
48.68,10989,0
48.70,10968,0
48.72,10966,0
48.74,10963,0
48.76,10965,0
48.78,10973,0
48.80,10987,0
48.82,10987,0
48.84,10996,0
48.86,11002,0
48.88,11008,0
48.90,10999,0
48.92,10991,0
48.94,10975,0
48.95,10966,0
48.97,10960,0
48.99,10953,0
49.01,10964,0
49.03,10955,0
49.05,10958,0
49.07,10970,0
49.09,10972,0
49.11,10981,0
49.13,10992,0
49.15,10999,0
49.17,11014,0
49.19,11014,0
49.21,11021,0
49.23,11042,0
49.25,11040,0
49.27,11040,0
49.29,11057,0
49.31,11060,0
49.33,11053,0
49.35,11070,0
49.37,11075,0
49.39,11068,0
49.41,11087,0
49.43,11093,0
49.45,11096,0
49.47,11111,0
49.49,11103,0
49.51,11119,0
49.53,11127,0
49.55,11131,0
49.57,11139,0
49.59,11147,0
49.61,11139,0
49.63,11112,0
49.65,11078,0
49.67,11020,0
49.69,10978,0
49.71,10952,0
49.73,10923,0
49.74,10913,0
49.76,10911,0
49.78,10910,0
49.80,10910,0
49.82,10921,0
49.84,10927,0
49.86,10949,0
49.88,10946,0
49.90,10948,0
49.92,10946,0
49.94,10940,0
49.96,10928,0
49.98,10921,0
50.00,10908,0
50.02,10922,0
50.04,10907,0
50.06,10909,0
50.08,10911,0
50.10,10926,0
50.12,10933,0
50.14,10942,0
50.16,10951,0
50.18,10973,0
50.20,10973,0
50.22,10978,0
50.24,10987,0
50.26,11000,0
50.28,11005,0
50.30,11007,0
50.32,11016,0
50.34,11028,0
50.36,11032,0
50.38,11041,0
50.40,11057,0
50.42,11054,0
50.44,11061,0
50.46,11077,0
50.48,11079,0
50.50,11085,0
50.52,11103,0
50.54,11116,0
50.56,11115,0
50.57,11135,0
50.59,11143,0
50.61,11142,0
50.63,11143,0
50.65,11134,0
50.67,11100,0
50.69,11054,0
50.71,11018,0
50.73,10972,0
50.75,10948,0
50.77,10940,0
50.79,10934,0
50.81,10930,0
50.83,10935,0
50.85,10938,0
50.87,10950,0
50.89,10952,0
50.91,10955,0
50.93,10968,0
50.95,10957,0
50.97,10953,0
50.99,10949,0
51.01,10930,0
51.03,10922,0
51.05,10912,0
51.07,10923,0
51.09,10912,0
51.11,10928,0
51.13,10932,0
51.15,10931,0
51.17,10946,0
51.19,10959,0
51.21,10958,0
51.23,10966,0
51.25,10986,0
51.27,10980,0
51.29,10990,0
51.31,11007,0
51.33,11014,0
51.35,11021,0
51.36,11034,0
51.38,11039,0
51.40,11034,0
51.42,11050,0
51.44,11047,0
51.46,11056,0
51.48,11066,0
51.50,11073,0
51.52,11081,0
51.54,11088,0
51.56,11106,0
51.58,11107,0
51.60,11114,0
51.62,11138,0
51.64,11136,0
51.66,11145,0
51.68,11156,0
51.70,11143,0
51.72,11096,0
51.74,11067,0
51.76,11028,0
51.78,10990,0
51.80,10980,0
51.82,10967,0
51.84,10969,0
51.86,10974,0
51.88,10968,0
51.90,10981,0
51.92,10990,0
51.94,10987,0
51.96,11012,0
51.98,11015,0
52.00,11003,0
52.02,11003,0
52.04,11000,0
52.06,10981,0
52.08,10968,0
52.10,10961,0
52.12,10959,0
52.14,10960,0
52.16,10961,0
52.17,10973,0
52.19,10980,0
52.21,10984,0
52.23,10991,0
52.25,11010,0
52.27,11008,0
52.29,11016,0
52.31,11037,0
52.33,11029,0
52.35,11037,0
52.37,11046,0
52.39,11052,0
52.41,11054,0
52.43,11061,0
52.45,11071,0
52.47,11087,0
52.49,11082,0
52.51,11090,0
52.53,11106,0
52.55,11103,0
52.57,11107,0
52.59,11115,0
52.61,11128,0
52.63,11133,0
52.65,11138,0
52.67,11154,0
52.69,11161,0
52.71,11166,0
52.73,11161,0
52.75,11150,0
52.77,11118,0
52.79,11068,0
52.81,11048,0
52.83,11013,0
52.85,10994,0
52.87,10999,0
52.89,10996,0
52.91,10988,0
52.93,10993,0
52.95,11013,0
52.97,11010,0
52.99,11019,0
53.00,11034,0
53.02,11032,0
53.04,11032,0
53.06,11033,0
53.08,11019,0
53.10,11010,0
53.12,11004,0
53.14,11007,0
53.16,11011,0
53.18,11007,0
53.20,11008,0
53.22,11031,0
53.24,11032,0
53.26,11038,0
53.28,11060,0
53.30,11073,0
53.32,11071,0
53.34,11094,0
53.36,11101,0
53.38,11107,0
53.40,11117,0
53.42,11110,0
53.44,11129,0
53.46,11131,0
53.48,11131,0
53.50,11148,0
53.52,11156,0
53.54,11149,0
53.56,11168,0
53.58,11170,0
53.60,11170,0
53.62,11187,0
53.64,11175,0
53.66,11199,0
53.68,11209,0
53.70,11203,0
53.72,11215,0
53.74,11210,0
53.76,11195,0
53.78,11162,0
53.79,11113,0
53.81,11088,0
53.83,11068,0
53.85,11039,0
53.87,11045,0
53.89,11043,0
53.91,11042,0
53.93,11050,0
53.95,11050,0
53.97,11070,0
53.99,11074,0
54.01,11077,0
54.03,11081,0
54.05,11090,0
54.07,11084,0
54.09,11073,0
54.11,11057,0
54.13,11062,0
54.15,11059,0
54.17,11045,0
54.19,11061,0
54.21,11060,0
54.23,11060,0
54.25,11073,0
54.27,11075,0
54.29,11084,0
54.31,11092,0
54.33,11103,0
54.35,11113,0
54.37,11129,0
54.39,11122,0
54.41,11137,0
54.43,11139,0
54.45,11142,0
54.47,11144,0
54.49,11150,0
54.51,11160,0
54.53,11173,0
54.55,11166,0
54.57,11182,0
54.59,11177,0
54.61,11183,0
54.62,11188,0
54.64,11196,0
54.66,11203,0
54.68,11219,0
54.70,11210,0
54.72,11200,0
54.74,11158,0
54.76,11111,0
54.78,11068,0
54.80,11039,0
54.82,11020,0
54.84,11015,0
54.86,11000,0
54.88,11009,0
54.90,11002,0
54.92,11005,0
54.94,11013,0
54.96,11021,0
54.98,11029,0
55.00,11039,0
55.02,11030,0
55.04,11032,0
55.06,11018,0
55.08,10998,0
55.10,10992,0
55.12,10984,0
55.14,10985,0
55.16,10986,0
55.18,10992,0
55.20,10996,0
55.22,11009,0
55.24,11020,0
55.26,11031,0
55.28,11042,0
55.30,11040,0
55.32,11048,0
55.34,11070,0
55.36,11063,0
55.38,11067,0
55.40,11090,0
55.41,11082,0
55.43,11091,0
55.45,11102,0
55.47,11109,0
55.49,11108,0
55.51,11118,0
55.53,11120,0
55.55,11121,0
55.57,11126,0
55.59,11131,0
55.61,11137,0
55.63,11146,0
55.65,11156,0
55.67,11163,0
55.69,11178,0
55.71,11179,0
55.73,11183,0
55.75,11160,0
55.77,11105,0
55.79,11063,0
55.81,11025,0
55.83,10992,0
55.85,10971,0
55.87,10958,0
55.89,10971,0
55.91,10962,0
55.93,10960,0
55.95,10966,0
55.97,10974,0
55.99,10985,0
56.01,10993,0
56.03,10985,0
56.05,10998,0
56.07,10977,0
56.09,10972,0
56.11,10956,0
56.13,10947,0
56.15,10954,0
56.17,10959,0
56.19,10955,0
56.21,10963,0
56.23,10960,0
56.24,10965,0
56.26,10978,0
56.28,10979,0
56.30,10991,0
56.32,10997,0
56.34,11005,0
56.36,11024,0
56.38,11031,0
56.40,11026,0
56.42,11042,0
56.44,11040,0
56.46,11042,0
56.48,11047,0
56.50,11053,0
56.52,11058,0
56.54,11066,0
56.56,11069,0
56.58,11082,0
56.60,11089,0
56.62,11084,0
56.64,11106,0
56.66,11115,0
56.68,11115,0
56.70,11124,0
56.72,11138,0
56.74,11136,0
56.76,11136,0
56.78,11130,0
56.80,11093,0
56.82,11055,0
56.84,11017,0
56.86,10977,0
56.88,10946,0
56.90,10937,0
56.92,10933,0
56.94,10923,0
56.96,10933,0
56.98,10932,0
57.00,10931,0
57.02,10942,0
57.04,10948,0
57.05,10953,0
57.07,10962,0
57.09,10944,0
57.11,10944,0
57.13,10926,0
57.15,10911,0
57.17,10908,0
57.19,10902,0
57.21,10907,0
57.23,10909,0
57.25,10916,0
57.27,10922,0
57.29,10933,0
57.31,10938,0
57.33,10958,0
57.35,10964,0
57.37,10958,0
57.39,10969,0
57.41,10984,0
57.43,10978,0
57.45,10983,0
57.47,10999,0
57.49,10992,0
57.51,11002,0
57.53,11005,0
57.55,11017,0
57.57,11027,0
57.59,11016,0
57.61,11022,0
57.63,11046,0
57.65,11040,0
57.67,11050,0
57.69,11065,0
57.71,11073,0
57.73,11060,0
57.75,11016,0
57.77,10976,0
57.79,10939,0
57.81,10891,0
57.83,10870,0
57.85,10863,0
57.86,10853,0
57.88,10852,0
57.90,10844,0
57.92,10853,0
57.94,10871,0
57.96,10863,0
57.98,10872,0
58.00,10875,0
58.02,10877,0
58.04,10865,0
58.06,10850,0
58.08,10839,0
58.10,10834,0
58.12,10818,0
58.14,10818,0
58.16,10830,0
58.18,10822,0
58.20,10826,0
58.22,10840,0
58.24,10843,0
58.26,10852,0
58.28,10860,0
58.30,10876,0
58.32,10876,0
58.34,10883,0
58.36,10897,0
58.38,10908,0
58.40,10906,0
58.42,10908,0
58.44,10922,0
58.46,10931,0
58.48,10924,0
58.50,10942,0
58.52,10940,0
58.54,10943,0
58.56,10947,0
58.58,10957,0
58.60,10960,0
58.62,10963,0
58.64,10977,0
58.66,10976,0
58.67,10980,0
58.69,11000,0
58.71,10991,0
58.73,10979,0
58.75,10949,0
58.77,10898,0
58.79,10853,0
58.81,10808,0
58.83,10784,0
58.85,10773,0
58.87,10752,0
58.89,10750,0
58.91,10768,0
58.93,10764,0
58.95,10767,0
58.97,10776,0
58.99,10792,0
59.01,10788,0
59.03,10794,0
59.05,10792,0
59.07,10789,0
59.09,10775,0
59.11,10766,0
59.13,10759,0
59.15,10755,0
59.17,10756,0
59.19,10760,0
59.21,10770,0
59.23,10780,0
59.25,10790,0
59.27,10807,0
59.29,10813,0
59.31,10822,0
59.33,10840,0
59.35,10850,0
59.37,10866,0
59.39,10872,0
59.41,10891,0
59.43,10897,0
59.45,10896,0
59.47,10905,0
59.48,10919,0
59.50,10909,0
59.52,10917,0
59.54,10928,0
59.56,10937,0
59.58,10943,0
59.60,10949,0
59.62,10954,0
59.64,10960,0
59.66,10969,0
59.68,10980,0
59.70,10991,0
59.72,10996,0
59.74,11010,0
59.76,11029,0
59.78,11044,0
59.80,11052,0
59.82,11054,0
59.84,11040,0
59.86,11010,0
59.88,10959,0
59.90,10915,0
59.92,10890,0
59.94,10852,0
59.96,10846,0
59.98,10827,0
60.00,10825,0
60.02,10831,0
60.04,10840,0
60.06,10857,0
60.08,10850,0
60.10,10860,0
60.12,10870,0
60.14,10877,0
60.16,10875,0
60.18,10858,0
60.20,10860,0
60.22,10846,0
60.24,10832,0
60.26,10831,0
60.28,10830,0
60.29,10837,0
60.31,10841,0
60.33,10848,0
60.35,10865,0
60.37,10876,0
60.39,10873,0
60.41,10897,0
60.43,10896,0
60.45,10901,0
60.47,10916,0
60.49,10924,0
60.51,10933,0
60.53,10946,0
60.55,10947,0
60.57,10967,0
60.59,10964,0
60.61,10970,0
60.63,10974,0
60.65,10986,0
60.67,11005,0
60.69,11009,0
60.71,11016,0
60.73,11018,0
60.75,11024,0
60.77,11047,0
60.79,11044,0
60.81,11056,0
60.83,11070,0
60.85,11080,0
60.87,11093,0
60.89,11088,0
60.91,11099,0
60.93,11122,0
60.95,11115,0
60.97,11125,0
60.99,11111,0
61.01,11079,0
61.03,11034,0
61.05,10984,0
61.07,10943,0
61.09,10931,0
61.10,10910,0
61.12,10907,0
61.14,10911,0
61.16,10912,0
61.18,10921,0
61.20,10931,0
61.22,10949,0
61.24,10953,0
61.26,10962,0
61.28,10969,0
61.30,10966,0
61.32,10958,0
61.34,10938,0
61.36,10935,0
61.38,10930,0
61.40,10914,0
61.42,10924,0
61.44,10930,0
61.46,10926,0
61.48,10952,0
61.50,10959,0
61.52,10965,0
61.54,10970,0
61.56,10979,0
61.58,11000,0
61.60,11003,0
61.62,11008,0
61.64,11025,0
61.66,11029,0
61.68,11034,0
61.70,11043,0
61.72,11063,0
61.74,11055,0
61.76,11061,0
61.78,11074,0
61.80,11071,0
61.82,11076,0
61.84,11084,0
61.86,11088,0
61.88,11097,0
61.90,11099,0
61.91,11106,0
61.93,11125,0
61.95,11121,0
61.97,11136,0
61.99,11151,0
62.01,11162,0
62.03,11165,0
62.05,11182,0
62.07,11190,0
62.09,11174,0
62.11,11164,0
62.13,11122,0
62.15,11076,0
62.17,11049,0
62.19,11024,0
62.21,10994,0
62.23,10992,0
62.25,10996,0
62.27,10991,0
62.29,10994,0
62.31,11005,0
62.33,11014,0
62.35,11024,0
62.37,11033,0
62.39,11041,0
62.41,11048,0
62.43,11038,0
62.45,11029,0
62.47,11029,0
62.49,11007,0
62.51,10998,0
62.53,11009,0
62.55,11005,0
62.57,11006,0
62.59,11013,0
62.61,11016,0
62.63,11035,0
62.65,11032,0
62.67,11043,0
62.69,11059,0
62.71,11064,0
62.72,11076,0
62.74,11085,0
62.76,11093,0
62.78,11104,0
62.80,11113,0
62.82,11135,0
62.84,11128,0
62.86,11147,0
62.88,11152,0
62.90,11149,0
62.92,11154,0
62.94,11173,0
62.96,11166,0
62.98,11173,0
63.00,11189,0
63.02,11189,0
63.04,11199,0
63.06,11211,0
63.08,11224,0
63.10,11225,0
63.12,11241,0
63.14,11252,0
63.16,11243,0
63.18,11238,0
63.20,11206,0
63.22,11160,0
63.24,11124,0
63.26,11108,0
63.28,11074,0
63.30,11062,0
63.32,11065,0
63.34,11056,0
63.36,11058,0
63.38,11068,0
63.40,11077,0
63.42,11085,0
63.44,11098,0
63.46,11107,0
63.48,11121,0
63.50,11111,0
63.52,11104,0
63.53,11105,0
63.55,11083,0
63.57,11073,0
63.59,11088,0
63.61,11079,0
63.63,11078,0
63.65,11092,0
63.67,11100,0
63.69,11098,0
63.71,11116,0
63.73,11126,0
63.75,11129,0
63.77,11139,0
63.79,11156,0
63.81,11157,0
63.83,11160,0
63.85,11168,0
63.87,11177,0
63.89,11184,0
63.91,11193,0
63.93,11197,0
63.95,11207,0
63.97,11209,0
63.99,11214,0
64.01,11233,0
64.03,11229,0
64.05,11241,0
64.07,11264,0
64.09,11268,0
64.11,11276,0
64.13,11284,0
64.15,11285,0
64.17,11264,0
64.19,11239,0
64.21,11193,0
64.23,11150,0
64.25,11127,0
64.27,11105,0
64.29,11082,0
64.31,11078,0
64.33,11084,0
64.34,11088,0
64.36,11096,0
64.38,11096,0
64.40,11116,0
64.42,11125,0
64.44,11124,0
64.46,11132,0
64.48,11137,0
64.50,11117,0
64.52,11102,0
64.54,11097,0
64.56,11084,0
64.58,11082,0
64.60,11079,0
64.62,11083,0
64.64,11090,0
64.66,11098,0
64.68,11109,0
64.70,11127,0
64.72,11130,0
64.74,11150,0
64.76,11158,0
64.78,11175,0
64.80,11183,0
64.82,11190,0
64.84,11194,0
64.86,11205,0
64.88,11209,0
64.90,11213,0
64.92,11221,0
64.94,11228,0
64.96,11243,0
64.98,11242,0
65.00,11248,0
65.02,11266,0
65.04,11263,0
65.06,11275,0
65.08,11292,0
65.10,11292,0
65.12,11304,0
65.14,11323,0
65.15,11324,0
65.17,11301,0
65.19,11286,0
65.21,11246,0
65.23,11191,0
65.25,11166,0
65.27,11138,0
65.29,11113,0
65.31,11112,0
65.33,11112,0
65.35,11114,0
65.37,11110,0
65.39,11124,0
65.41,11129,0
65.43,11139,0
65.45,11149,0
65.47,11152,0
65.49,11160,0
65.51,11150,0
65.53,11140,0
65.55,11140,0
65.57,11118,0
65.59,11113,0
65.61,11120,0
65.63,11114,0
65.65,11121,0
65.67,11132,0
65.69,11142,0
65.71,11144,0
65.73,11163,0
65.75,11180,0
65.77,11178,0
65.79,11200,0
65.81,11212,0
65.83,11212,0
65.85,11221,0
65.87,11235,0
65.89,11239,0
65.91,11243,0
65.93,11245,0
65.95,11254,0
65.96,11258,0
65.98,11263,0
66.00,11266,0
66.02,11282,0
66.04,11281,0
66.06,11287,0
66.08,11308,0
66.10,11299,0
66.12,11309,0
66.14,11325,0
66.16,11326,0
66.18,11331,0
66.20,11328,0
66.22,11314,0
66.24,11268,0
66.26,11224,0
66.28,11184,0
66.30,11164,0
66.32,11128,0
66.34,11119,0
66.36,11119,0
66.38,11129,0
66.40,11122,0
66.42,11133,0
66.44,11141,0
66.46,11152,0
66.48,11159,0
66.50,11158,0
66.52,11163,0
66.54,11156,0
66.56,11145,0
66.58,11136,0
66.60,11124,0
66.62,11125,0
66.64,11113,0
66.66,11112,0
66.68,11125,0
