96,0
18.99,10605,0
19.01,10620,0
19.03,10632,0
19.05,10648,0
19.07,10664,0
19.09,10681,0
19.11,10691,0
19.13,10708,0
19.15,10722,0
19.17,10727,0
19.19,10738,0
19.21,10742,0
19.23,10749,0
19.25,10754,0
19.27,10762,0
19.29,10767,0
19.31,10767,0
19.33,10781,0
19.35,10787,0
19.37,10795,0
19.38,10799,0
19.40,10791,0
19.42,10744,0
19.44,10677,0
19.46,10608,0
19.48,10561,0
19.50,10527,0
19.52,10507,0
19.54,10508,0
19.56,10510,0
19.58,10527,0
19.60,10542,0
19.62,10564,0
19.64,10583,0
19.66,10606,0
19.68,10615,0
19.70,10616,0
19.72,10609,0
19.74,10601,0
19.76,10595,0
19.78,10584,0
19.80,10583,0
19.82,10584,0
19.84,10593,0
19.86,10602,0
19.88,10618,0
19.90,10629,0
19.92,10642,0
19.94,10662,0
19.96,10676,0
19.98,10694,0
20.00,10713,0
20.02,10722,0
20.04,10737,0
20.06,10750,0
20.08,10765,0
20.10,10781,0
20.12,10793,0
20.14,10802,0
20.15,10813,0
20.17,10826,0
20.19,10835,0
20.21,10852,0
20.23,10860,0
20.25,10867,0
20.27,10848,0
20.29,10804,0
20.31,10734,0
20.33,10661,0
20.35,10610,0
20.37,10574,0
20.39,10564,0
20.41,10559,0
20.43,10567,0
20.45,10577,0
20.47,10600,0
20.49,10615,0
20.51,10633,0
20.53,10649,0
20.55,10663,0
20.57,10664,0
20.59,10652,0
20.61,10633,0
20.63,10614,0
20.65,10606,0
20.67,10603,0
20.69,10605,0
20.71,10603,0
20.73,10613,0
20.75,10623,0
20.77,10639,0
20.79,10651,0
20.81,10667,0
20.83,10673,0
20.85,10696,0
20.87,10703,0
20.89,10714,0
20.91,10729,0
20.92,10738,0
20.94,10750,0
20.96,10757,0
20.98,10771,0
21.00,10777,0
21.02,10782,0
21.04,10795,0
21.06,10808,0
21.08,10813,0
21.10,10818,0
21.12,10800,0
21.14,10749,0
21.16,10679,0
21.18,10594,0
21.20,10531,0
21.22,10496,0
21.24,10470,0
21.26,10466,0
21.28,10471,0
21.30,10484,0
21.32,10500,0
21.34,10521,0
21.36,10537,0
21.38,10562,0
21.40,10575,0
21.42,10587,0
21.44,10588,0
21.46,10583,0
21.48,10569,0
21.50,10559,0
21.52,10550,0
21.54,10541,0
21.56,10542,0
21.58,10549,0
21.60,10560,0
21.62,10569,0
21.64,10585,0
21.66,10598,0
21.68,10616,0
21.69,10629,0
21.71,10645,0
21.73,10658,0
21.75,10673,0
21.77,10678,0
21.79,10694,0
21.81,10709,0
21.83,10712,0
21.85,10718,0
21.87,10727,0
21.89,10732,0
21.91,10737,0
21.93,10747,0
21.95,10755,0
21.97,10752,0
21.99,10721,0
22.01,10666,0
22.03,10604,0
22.05,10548,0
22.07,10502,0
22.09,10480,0
22.11,10474,0
22.13,10487,0
22.15,10492,0
22.17,10520,0
22.19,10541,0
22.21,10567,0
22.23,10592,0
22.25,10615,0
22.27,10627,0
22.29,10634,0
22.31,10629,0
22.33,10620,0
22.35,10603,0
22.37,10588,0
22.39,10588,0
22.41,10586,0
22.43,10586,0
22.45,10589,0
22.46,10596,0
22.48,10608,0
22.50,10620,0
22.52,10628,0
22.54,10641,0
22.56,10658,0
22.58,10667,0
22.60,10683,0
22.62,10690,0
22.64,10703,0
22.66,10716,0
22.68,10726,0
22.70,10735,0
22.72,10743,0
22.74,10752,0
22.76,10766,0
22.78,10765,0
22.80,10761,0
22.82,10726,0
22.84,10668,0
22.86,10606,0
22.88,10554,0
22.90,10523,0
22.92,10507,0
22.94,10504,0
22.96,10514,0
22.98,10523,0
23.00,10547,0
23.02,10564,0
23.04,10590,0
23.06,10609,0
23.08,10626,0
23.10,10640,0
23.12,10646,0
23.14,10646,0
23.16,10638,0
23.18,10636,0
23.20,10627,0
23.22,10626,0
23.23,10625,0
23.25,10640,0
23.27,10649,0
23.29,10655,0
23.31,10670,0
23.33,10676,0
23.35,10692,0
23.37,10703,0
23.39,10713,0
23.41,10723,0
23.43,10733,0
23.45,10751,0
23.47,10759,0
23.49,10764,0
23.51,10772,0
23.53,10776,0
23.55,10781,0
23.57,10789,0
23.59,10794,0
23.61,10777,0
23.63,10736,0
23.65,10677,0
23.67,10614,0
23.69,10564,0
23.71,10535,0
23.73,10518,0
23.75,10517,0
23.77,10525,0
23.79,10544,0
23.81,10555,0
23.83,10573,0
23.85,10591,0
23.87,10608,0
23.89,10621,0
23.91,10625,0
23.93,10626,0
23.95,10618,0
23.97,10606,0
23.98,10589,0
24.00,10580,0
24.02,10575,0
24.04,10566,0
24.06,10569,0
24.08,10579,0
24.10,10580,0
24.12,10591,0
24.14,10597,0
24.16,10612,0
24.18,10617,0
24.20,10631,0
24.22,10639,0
24.24,10641,0
24.26,10649,0
24.28,10658,0
24.30,10664,0
24.32,10669,0
24.34,10678,0
24.36,10685,0
24.38,10680,0
24.40,10649,0
24.42,10595,0
24.44,10531,0
24.46,10478,0
24.48,10443,0
24.50,10425,0
24.52,10420,0
24.54,10421,0
24.56,10433,0
24.58,10445,0
24.60,10469,0
24.62,10492,0
24.64,10509,0
24.66,10528,0
24.68,10537,0
24.70,10537,0
24.72,10535,0
24.74,10523,0
24.75,10513,0
24.77,10510,0
24.79,10506,0
24.81,10508,0
24.83,10512,0
24.85,10524,0
24.87,10537,0
24.89,10540,0
24.91,10558,0
24.93,10572,0
24.95,10583,0
24.97,10595,0
24.99,10610,0
25.01,10623,0
25.03,10632,0
25.05,10647,0
25.07,10657,0
25.09,10665,0
25.11,10681,0
25.13,10688,0
25.15,10673,0
25.17,10642,0
25.19,10592,0
25.21,10541,0
25.23,10495,0
25.25,10467,0
25.27,10460,0
25.29,10459,0
25.31,10470,0
25.33,10485,0
25.35,10506,0
25.37,10524,0
25.39,10549,0
25.41,10563,0
25.43,10570,0
25.45,10562,0
25.47,10543,0
25.49,10517,0
25.50,10493,0
25.52,10480,0
25.54,10475,0
25.56,10476,0
25.58,10483,0
25.60,10493,0
25.62,10504,0
25.64,10512,0
25.66,10516,0
25.68,10528,0
25.70,10536,0
25.72,10540,0
25.74,10545,0
25.76,10552,0
25.78,10556,0
25.80,10562,0
25.82,10571,0
25.84,10587,0
25.86,10600,0
25.88,10613,0
25.90,10628,0
25.92,10622,0
25.94,10597,0
25.96,10563,0
25.98,10520,0
26.00,10499,0
26.02,10489,0
26.04,10493,0
26.06,10505,0
26.08,10521,0
26.10,10541,0
26.12,10563,0
26.14,10584,0
26.16,10609,0
26.18,10627,0
26.20,10644,0
26.22,10662,0
26.24,10671,0
26.26,10674,0
26.27,10671,0
26.29,10662,0
26.31,10656,0
26.33,10656,0
26.35,10655,0
26.37,10662,0
26.39,10666,0
26.41,10679,0
26.43,10686,0
26.45,10698,0
26.47,10709,0
26.49,10717,0
26.51,10724,0
26.53,10739,0
26.55,10753,0
26.57,10765,0
26.59,10782,0
26.61,10800,0
26.63,10811,0
26.65,10817,0
26.67,10804,0
26.69,10762,0
26.71,10709,0
26.73,10668,0
26.75,10638,0
26.77,10623,0
26.79,10621,0
26.81,10632,0
26.83,10643,0
26.85,10664,0
26.87,10688,0
26.89,10709,0
26.91,10731,0
26.93,10751,0
26.95,10771,0
26.97,10768,0
26.99,10766,0
27.01,10768,0
27.03,10761,0
27.04,10760,0
27.06,10765,0
27.08,10776,0
27.10,10777,0
27.12,10787,0
27.14,10804,0
27.16,10816,0
27.18,10827,0
27.20,10839,0
27.22,10847,0
27.24,10857,0
27.26,10866,0
27.28,10875,0
27.30,10880,0
27.32,10889,0
27.34,10881,0
27.36,10851,0
27.38,10798,0
27.40,10728,0
27.42,10674,0
27.44,10635,0
27.46,10613,0
27.48,10614,0
27.50,10611,0
27.52,10622,0
27.54,10635,0
27.56,10644,0
27.58,10661,0
27.60,10679,0
27.62,10691,0
27.64,10700,0
27.66,10697,0
27.68,10687,0
27.70,10686,0
27.72,10679,0
27.74,10672,0
27.76,10673,0
27.78,10674,0
27.80,10684,0
27.81,10694,0
27.83,10704,0
27.85,10714,0
27.87,10732,0
27.89,10736,0
27.91,10735,0
27.93,10750,0
27.95,10762,0
27.97,10767,0
27.99,10781,0
28.01,10791,0
28.03,10802,0
28.05,10803,0
28.07,10775,0
28.09,10721,0
28.11,10665,0
28.13,10621,0
28.15,10590,0
28.17,10577,0
28.19,10574,0
28.21,10579,0
28.23,10590,0
28.25,10611,0
28.27,10631,0
28.29,10650,0
28.31,10667,0
28.33,10685,0
28.35,10694,0
28.37,10692,0
28.39,10690,0
28.41,10680,0
28.43,10677,0
28.45,10676,0
28.47,10669,0
28.49,10685,0
28.51,10688,0
28.53,10695,0
28.55,10710,0
28.57,10721,0
28.58,10730,0
28.60,10743,0
28.62,10751,0
28.64,10761,0
28.66,10772,0
28.68,10784,0
28.70,10796,0
28.72,10806,0
28.74,10817,0
28.76,10818,0
28.78,10792,0
28.80,10745,0
28.82,10685,0
28.84,10624,0
28.86,10591,0
28.88,10561,0
28.90,10556,0
28.92,10563,0
28.94,10578,0
28.96,10593,0
28.98,10616,0
29.00,10643,0
29.02,10657,0
29.04,10675,0
29.06,10686,0
29.08,10689,0
29.10,10679,0
29.12,10671,0
29.14,10662,0
29.16,10659,0
29.18,10659,0
29.20,10666,0
29.22,10670,0
29.24,10677,0
29.26,10692,0
29.28,10705,0
29.30,10716,0
29.32,10731,0
29.33,10742,0
29.35,10755,0
29.37,10762,0
29.39,10770,0
29.41,10778,0
29.43,10786,0
29.45,10791,0
29.47,10802,0
29.49,10812,0
29.51,10809,0
29.53,10785,0
29.55,10733,0
29.57,10662,0
29.59,10592,0
29.61,10555,0
29.63,10525,0
29.65,10517,0
29.67,10523,0
29.69,10529,0
29.71,10546,0
29.73,10558,0
29.75,10574,0
29.77,10588,0
29.79,10599,0
29.81,10607,0
29.83,10605,0
29.85,10604,0
29.87,10587,0
29.89,10580,0
29.91,10575,0
29.93,10576,0
29.95,10577,0
29.97,10582,0
29.99,10594,0
30.01,10607,0
30.03,10614,0
30.05,10629,0
30.07,10636,0
30.09,10656,0
30.10,10666,0
30.12,10682,0
30.14,10691,0
30.16,10696,0
30.18,10710,0
30.20,10724,0
30.22,10729,0
30.24,10738,0
30.26,10752,0
30.28,10758,0
30.30,10769,0
30.32,10781,0
30.34,10790,0
30.36,10791,0
30.38,10766,0
30.40,10713,0
30.42,10638,0
30.44,10577,0
30.46,10536,0
30.48,10509,0
30.50,10508,0
30.52,10513,0
30.54,10525,0
30.56,10538,0
30.58,10562,0
30.60,10576,0
30.62,10598,0
30.64,10608,0
30.66,10620,0
30.68,10617,0
30.70,10613,0
30.72,10599,0
30.74,10598,0
30.76,10590,0
30.78,10586,0
30.80,10597,0
30.82,10601,0
30.84,10615,0
30.86,10623,0
30.87,10641,0
30.89,10650,0
30.91,10665,0
30.93,10675,0
30.95,10685,0
30.97,10704,0
30.99,10711,0
31.01,10724,0
31.03,10736,0
31.05,10738,0
31.07,10755,0
31.09,10764,0
31.11,10775,0
31.13,10784,0
31.15,10787,0
31.17,10797,0
31.19,10804,0
31.21,10811,0
31.23,10825,0
31.25,10828,0
31.27,10838,0
31.29,10821,0
31.31,10777,0
31.33,10704,0
31.35,10637,0
31.37,10583,0
31.39,10556,0
31.41,10542,0
31.43,10545,0
31.45,10554,0
31.47,10573,0
31.49,10587,0
31.51,10608,0
31.53,10627,0
31.55,10644,0
31.57,10649,0
31.59,10659,0
31.61,10654,0
31.62,10642,0
31.64,10631,0
31.66,10622,0
31.68,10623,0
31.70,10625,0
31.72,10628,0
31.74,10639,0
31.76,10652,0
31.78,10667,0
31.80,10677,0
31.82,10693,0
31.84,10702,0
31.86,10712,0
31.88,10723,0
31.90,10740,0
31.92,10751,0
31.94,10762,0
31.96,10771,0
31.98,10785,0
32.00,10792,0
32.02,10800,0
32.04,10810,0
32.06,10817,0
32.08,10830,0
32.10,10834,0
32.12,10839,0
32.14,10852,0
32.16,10859,0
32.18,10868,0
32.20,10878,0
32.22,10886,0
32.24,10889,0
32.26,10862,0
32.28,10810,0
32.30,10738,0
32.32,10661,0
32.34,10610,0
32.36,10570,0
32.38,10561,0
32.39,10559,0
32.41,10566,0
32.43,10583,0
32.45,10586,0
32.47,10599,0
32.49,10617,0
32.51,10634,0
32.53,10644,0
32.55,10637,0
32.57,10636,0
32.59,10624,0
32.61,10615,0
32.63,10608,0
32.65,10604,0
32.67,10608,0
32.69,10616,0
32.71,10626,0
32.73,10637,0
32.75,10653,0
32.77,10669,0
32.79,10680,0
32.81,10696,0
32.83,10709,0
32.85,10721,0
32.87,10739,0
32.89,10748,0
32.91,10758,0
32.93,10772,0
32.95,10785,0
32.97,10793,0
32.99,10803,0
33.01,10816,0
33.03,10827,0
33.05,10832,0
33.07,10842,0
33.09,10851,0
33.11,10861,0
33.13,10867,0
33.14,10879,0
33.16,10887,0
33.18,10895,0
33.20,10909,0
33.22,10912,0
33.24,10894,0
33.26,10843,0
33.28,10778,0
33.30,10708,0
33.32,10656,0
33.34,10629,0
33.36,10616,0
33.38,10617,0
33.40,10628,0
33.42,10642,0
33.44,10661,0
33.46,10679,0
33.48,10702,0
33.50,10714,0
33.52,10727,0
33.54,10733,0
33.56,10723,0
33.58,10714,0
33.60,10695,0
33.62,10681,0
33.64,10673,0
33.66,10673,0
33.68,10671,0
33.70,10677,0
33.72,10685,0
33.74,10696,0
33.76,10705,0
33.78,10724,0
33.80,10739,0
33.82,10750,0
33.84,10764,0
33.86,10778,0
33.88,10792,0
33.90,10806,0
33.91,10818,0
33.93,10834,0
33.95,10845,0
33.97,10853,0
33.99,10870,0
34.01,10878,0
34.03,10893,0
34.05,10900,0
34.07,10913,0
34.09,10925,0
34.11,10933,0
34.13,10944,0
34.15,10952,0
34.17,10951,0
34.19,10923,0
34.21,10864,0
34.23,10794,0
34.25,10722,0
34.27,10675,0
34.29,10644,0
34.31,10634,0
34.33,10633,0
34.35,10643,0
34.37,10659,0
34.39,10678,0
34.41,10698,0
34.43,10717,0
34.45,10738,0
34.47,10751,0
34.49,10758,0
34.51,10756,0
34.53,10745,0
34.55,10732,0
34.57,10719,0
34.59,10708,0
34.61,10711,0
34.63,10712,0
34.65,10718,0
34.66,10730,0
34.68,10740,0
34.70,10751,0
34.72,10765,0
34.74,10778,0
34.76,10787,0
34.78,10799,0
34.80,10814,0
34.82,10817,0
34.84,10827,0
34.86,10838,0
34.88,10846,0
34.90,10856,0
34.92,10862,0
34.94,10869,0
34.96,10880,0
34.98,10891,0
35.00,10896,0
35.02,10910,0
35.04,10918,0
35.06,10922,0
35.08,10927,0
35.10,10908,0
35.12,10857,0
35.14,10785,0
35.16,10716,0
35.18,10663,0
35.20,10626,0
35.22,10609,0
35.24,10604,0
35.26,10614,0
35.28,10629,0
35.30,10643,0
35.32,10666,0
35.34,10683,0
35.36,10715,0
35.38,10727,0
35.40,10739,0
35.41,10743,0
35.43,10730,0
35.45,10726,0
35.47,10714,0
35.49,10705,0
35.51,10703,0
35.53,10705,0
35.55,10708,0
35.57,10715,0
35.59,10725,0
35.61,10736,0
35.63,10752,0
35.65,10761,0
35.67,10769,0
35.69,10788,0
35.71,10789,0
35.73,10801,0
35.75,10805,0
35.77,10815,0
35.79,10819,0
35.81,10822,0
35.83,10823,0
35.85,10832,0
35.87,10839,0
35.89,10845,0
35.91,10848,0
35.93,10853,0
35.95,10849,0
35.97,10820,0
35.99,10768,0
36.01,10701,0
36.03,10638,0
36.05,10588,0
36.07,10560,0
36.09,10544,0
36.11,10542,0
36.13,10555,0
36.15,10566,0
36.17,10584,0
36.18,10606,0
36.20,10628,0
36.22,10650,0
36.24,10676,0
36.26,10686,0
36.28,10697,0
36.30,10691,0
36.32,10678,0
36.34,10667,0
36.36,10664,0
36.38,10665,0
36.40,10662,0
36.42,10668,0
36.44,10674,0
36.46,10681,0
36.48,10698,0
36.50,10712,0
36.52,10724,0
36.54,10737,0
36.56,10757,0
36.58,10768,0
36.60,10786,0
36.62,10796,0
36.64,10804,0
36.66,10816,0
36.68,10824,0
36.70,10831,0
36.72,10835,0
36.74,10846,0
36.76,10849,0
36.78,10835,0
36.80,10790,0
36.82,10735,0
36.84,10668,0
36.86,10622,0
36.88,10583,0
36.90,10566,0
36.92,10556,0
36.93,10565,0
36.95,10577,0
36.97,10594,0
36.99,10621,0
37.01,10644,0
37.03,10670,0
37.05,10694,0
37.07,10712,0
37.09,10726,0
37.11,10727,0
37.13,10720,0
37.15,10710,0
37.17,10702,0
37.19,10695,0
37.21,10703,0
37.23,10704,0
37.25,10713,0
37.27,10728,0
37.29,10742,0
37.31,10753,0
37.33,10766,0
37.35,10783,0
37.37,10800,0
37.39,10815,0
37.41,10829,0
37.43,10841,0
37.45,10858,0
37.47,10873,0
37.49,10882,0
37.51,10899,0
37.53,10914,0
37.55,10928,0
37.57,10923,0
37.59,10909,0
37.61,10861,0
37.63,10809,0
37.65,10755,0
37.67,10716,0
37.69,10697,0
37.70,10686,0
37.72,10689,0
37.74,10701,0
37.76,10712,0
37.78,10734,0
37.80,10753,0
37.82,10774,0
37.84,10791,0
37.86,10811,0
37.88,10823,0
37.90,10825,0
37.92,10816,0
37.94,10810,0
37.96,10802,0
37.98,10797,0
38.00,10788,0
38.02,10788,0
38.04,10791,0
38.06,10796,0
38.08,10807,0
38.10,10816,0
38.12,10822,0
38.14,10832,0
38.16,10843,0
38.18,10853,0
38.20,10860,0
38.22,10870,0
38.24,10878,0
38.26,10883,0
38.28,10899,0
38.30,10893,0
38.32,10865,0
38.34,10811,0
38.36,10744,0
38.38,10685,0
38.40,10635,0
38.42,10611,0
38.44,10595,0
38.46,10598,0
38.47,10598,0
38.49,10607,0
38.51,10625,0
38.53,10648,0
38.55,10672,0
38.57,10682,0
38.59,10702,0
38.61,10709,0
38.63,10708,0
38.65,10700,0
38.67,10688,0
38.69,10673,0
38.71,10662,0
38.73,10660,0
38.75,10662,0
38.77,10660,0
38.79,10665,0
38.81,10670,0
38.83,10674,0
38.85,10682,0
38.87,10691,0
38.89,10701,0
38.91,10708,0
38.93,10725,0
38.95,10733,0
38.97,10746,0
38.99,10753,0
39.01,10743,0
39.03,10716,0
39.05,10666,0
39.07,10602,0
39.09,10547,0
39.11,10506,0
39.13,10490,0
39.15,10477,0
39.17,10490,0
39.19,10499,0
39.21,10513,0
39.22,10534,0
39.24,10551,0
39.26,10577,0
39.28,10592,0
39.30,10603,0
39.32,10606,0
39.34,10599,0
39.36,10588,0
39.38,10577,0
39.40,10563,0
39.42,10556,0
39.44,10552,0
39.46,10558,0
39.48,10562,0
39.50,10564,0
39.52,10572,0
39.54,10580,0
39.56,10591,0
39.58,10597,0
39.60,10605,0
39.62,10612,0
39.64,10617,0
39.66,10625,0
39.68,10633,0
39.70,10643,0
39.72,10631,0
39.74,10591,0
39.76,10536,0
39.78,10480,0
39.80,10435,0
39.82,10407,0
39.84,10395,0
39.86,10395,0
39.88,10405,0
39.90,10422,0
39.92,10437,0
39.94,10457,0
39.96,10476,0
39.97,10498,0
39.99,10505,0
40.01,10511,0
40.03,10501,0
40.05,10484,0
40.07,10480,0
40.09,10468,0
40.11,10465,0
40.13,10461,0
40.15,10466,0
40.17,10475,0
40.19,10479,0
40.21,10494,0
40.23,10507,0
40.25,10518,0
40.27,10532,0
40.29,10536,0
40.31,10545,0
40.33,10556,0
40.35,10565,0
40.37,10574,0
40.39,10585,0
40.41,10595,0
40.43,10593,0
40.45,10574,0
40.47,10530,0
40.49,10481,0
40.51,10430,0
40.53,10393,0
40.55,10377,0
40.57,10367,0
40.59,10381,0
40.61,10399,0
40.63,10416,0
40.65,10428,0
40.67,10447,0
40.69,10472,0
40.71,10486,0
40.73,10499,0
40.74,10500,0
40.76,10489,0
40.78,10480,0
40.80,10469,0
40.82,10468,0
40.84,10466,0
40.86,10472,0
40.88,10470,0
40.90,10482,0
40.92,10492,0
40.94,10510,0
40.96,10520,0
40.98,10537,0
41.00,10550,0
41.02,10558,0
41.04,10568,0
41.06,10578,0
41.08,10586,0
41.10,10592,0
41.12,10594,0
41.14,10602,0
41.16,10610,0
41.18,10612,0
41.20,10603,0
41.22,10570,0
41.24,10518,0
41.26,10467,0
41.28,10433,0
41.30,10415,0
41.32,10414,0
41.34,10425,0
41.36,10437,0
41.38,10456,0
41.40,10471,0
41.42,10491,0
41.44,10521,0
41.46,10534,0
41.48,10550,0
41.49,10553,0
41.51,10549,0
41.53,10546,0
41.55,10536,0
41.57,10530,0
41.59,10528,0
41.61,10534,0
41.63,10535,0
41.65,10544,0
41.67,10556,0
41.69,10565,0
41.71,10579,0
41.73,10593,0
41.75,10601,0
41.77,10615,0
41.79,10622,0
41.81,10631,0
41.83,10642,0
41.85,10648,0
41.87,10656,0
41.89,10669,0
41.91,10675,0
41.93,10682,0
41.95,10698,0
41.97,10701,0
41.99,10703,0
42.01,10672,0
42.03,10623,0
42.05,10569,0
42.07,10521,0
42.09,10489,0
42.11,10471,0
42.13,10479,0
42.15,10487,0
42.17,10507,0
42.19,10521,0
42.21,10543,0
42.23,10558,0
42.24,10579,0
42.26,10594,0
42.28,10601,0
42.30,10604,0
42.32,10600,0
42.34,10591,0
42.36,10579,0
42.38,10566,0
42.40,10570,0
42.42,10572,0
42.44,10579,0
42.46,10586,0
42.48,10599,0
42.50,10612,0
42.52,10621,0
42.54,10632,0
42.56,10641,0
42.58,10655,0
42.60,10661,0
42.62,10677,0
42.64,10683,0
42.66,10687,0
42.68,10699,0
42.70,10702,0
42.72,10704,0
42.74,10712,0
42.76,10716,0
42.78,10719,0
42.80,10724,0
42.82,10728,0
42.84,10722,0
42.86,10687,0
42.88,10630,0
42.90,10571,0
42.92,10528,0
42.94,10497,0
42.96,10485,0
42.98,10486,0
43.00,10494,0
43.01,10514,0
43.03,10530,0
43.05,10550,0
43.07,10564,0
43.09,10582,0
43.11,10592,0
43.13,10595,0
43.15,10594,0
43.17,10578,0
43.19,10567,0
43.21,10551,0
43.23,10542,0
43.25,10540,0
43.27,10542,0
43.29,10543,0
43.31,10553,0
43.33,10559,0
43.35,10570,0
43.37,10572,0
43.39,10586,0
43.41,10597,0
43.43,10609,0
43.45,10619,0
43.47,10623,0
43.49,10634,0
43.51,10646,0
43.53,10661,0
43.55,10667,0
43.57,10681,0
43.59,10689,0
43.61,10697,0
43.63,10707,0
43.65,10721,0
43.67,10729,0
43.69,10734,0
43.71,10740,0
43.73,10733,0
43.75,10700,0
43.76,10650,0
43.78,10585,0
43.80,10536,0
43.82,10503,0
43.84,10492,0
43.86,10487,0
43.88,10501,0
43.90,10516,0
43.92,10535,0
43.94,10551,0
43.96,10572,0
43.98,10594,0
44.00,10609,0
44.02,10617,0
44.04,10618,0
44.06,10604,0
44.08,10589,0
44.10,10579,0
44.12,10573,0
44.14,10570,0
44.16,10571,0
44.18,10576,0
44.20,10582,0
44.22,10594,0
44.24,10606,0
44.26,10619,0
44.28,10622,0
44.30,10643,0
44.32,10648,0
44.34,10660,0
44.36,10666,0
44.38,10683,0
44.40,10688,0
44.42,10694,0
44.44,10706,0
44.46,10713,0
44.48,10722,0
44.50,10731,0
44.52,10737,0
44.53,10739,0
44.55,10745,0
44.57,10754,0
44.59,10763,0
44.61,10752,0
44.63,10716,0
44.65,10659,0
44.67,10595,0
44.69,10548,0
44.71,10511,0
44.73,10504,0
44.75,10498,0
44.77,10512,0
44.79,10527,0
44.81,10545,0
44.83,10567,0
44.85,10588,0
44.87,10616,0
44.89,10635,0
44.91,10642,0
44.93,10646,0
44.95,10637,0
44.97,10627,0
44.99,10612,0
45.01,10596,0
45.03,10592,0
45.05,10594,0
45.07,10595,0
45.09,10605,0
45.11,10616,0
45.13,10629,0
45.15,10639,0
45.17,10649,0
45.19,10662,0
45.21,10678,0
45.23,10684,0
45.25,10696,0
45.27,10706,0
45.28,10714,0
45.30,10722,0
45.32,10728,0
45.34,10737,0
45.36,10746,0
45.38,10750,0
45.40,10761,0
45.42,10762,0
45.44,10742,0
45.46,10697,0
45.48,10631,0
45.50,10573,0
45.52,10526,0
45.54,10504,0
45.56,10495,0
45.58,10505,0
45.60,10520,0
45.62,10535,0
45.64,10555,0
45.66,10578,0
45.68,10601,0
45.70,10625,0
45.72,10646,0
45.74,10654,0
45.76,10661,0
45.78,10661,0
45.80,10653,0
45.82,10640,0
45.84,10636,0
45.86,10637,0
45.88,10641,0
45.90,10653,0
45.92,10663,0
45.94,10675,0
45.96,10692,0
45.98,10711,0
46.00,10730,0
46.02,10751,0
46.04,10772,0
46.05,10790,0
46.07,10814,0
46.09,10823,0
46.11,10835,0
46.13,10844,0
46.15,10854,0
46.17,10856,0
46.19,10863,0
46.21,10869,0
46.23,10875,0
46.25,10854,0
46.27,10805,0
46.29,10735,0
46.31,10672,0
46.33,10607,0
46.35,10574,0
46.37,10559,0
46.39,10558,0
46.41,10568,0
46.43,10586,0
46.45,10602,0
46.47,10623,0
46.49,10641,0
46.51,10660,0
46.53,10684,0
46.55,10695,0
46.57,10694,0
46.59,10685,0
46.61,10671,0
46.63,10664,0
46.65,10651,0
46.67,10643,0
46.69,10640,0
46.71,10643,0
46.73,10654,0
46.75,10661,0
46.77,10669,0
46.79,10677,0
46.80,10688,0
46.82,10698,0
46.84,10712,0
46.86,10721,0
46.88,10730,0
46.90,10743,0
46.92,10748,0
46.94,10759,0
46.96,10767,0
46.98,10777,0
47.00,10785,0
47.02,10792,0
47.04,10798,0
47.06,10794,0
47.08,10753,0
47.10,10697,0
47.12,10628,0
47.14,10571,0
47.16,10543,0
47.18,10519,0
47.20,10518,0
47.22,10529,0
47.24,10541,0
47.26,10562,0
47.28,10579,0
47.30,10607,0
47.32,10627,0
47.34,10646,0
47.36,10663,0
47.38,10667,0
47.40,10664,0
47.42,10654,0
47.44,10636,0
47.46,10625,0
47.48,10622,0
47.50,10618,0
47.52,10625,0
47.54,10634,0
47.55,10638,0
47.57,10647,0
47.59,10659,0
47.61,10672,0
47.63,10684,0
47.65,10696,0
47.67,10706,0
47.69,10716,0
47.71,10722,0
47.73,10735,0
47.75,10743,0
47.77,10752,0
47.79,10760,0
47.81,10771,0
47.83,10776,0
47.85,10776,0
47.87,10768,0
47.89,10733,0
47.91,10670,0
47.93,10606,0
47.95,10553,0
47.97,10520,0
47.99,10508,0
48.01,10501,0
48.03,10510,0
48.05,10531,0
48.07,10551,0
48.09,10576,0
48.11,10597,0
48.13,10620,0
48.15,10646,0
48.17,10661,0
48.19,10664,0
48.21,10658,0
48.23,10645,0
48.25,10632,0
48.27,10621,0
48.29,10615,0
48.31,10606,0
48.32,10616,0
48.34,10617,0
48.36,10629,0
48.38,10637,0
48.40,10642,0
48.42,10660,0
48.44,10671,0
48.46,10684,0
48.48,10697,0
48.50,10711,0
48.52,10719,0
48.54,10733,0
48.56,10747,0
48.58,10754,0
48.60,10761,0
48.62,10774,0
48.64,10768,0
48.66,10731,0
48.68,10673,0
48.70,10607,0
48.72,10557,0
48.74,10524,0
48.76,10509,0
48.78,10511,0
48.80,10516,0
48.82,10537,0
48.84,10560,0
48.86,10580,0
48.88,10605,0
48.90,10629,0
48.92,10645,0
48.94,10656,0
48.96,10664,0
48.98,10660,0
49.00,10648,0
49.02,10641,0
49.04,10629,0
49.06,10619,0
49.07,10617,0
49.09,10625,0
49.11,10626,0
49.13,10637,0
49.15,10644,0
49.17,10660,0
49.19,10672,0
49.21,10681,0
49.23,10692,0
49.25,10701,0
49.27,10716,0
49.29,10724,0
49.31,10731,0
49.33,10746,0
49.35,10751,0
49.37,10765,0
49.39,10773,0
49.41,10754,0
49.43,10723,0
49.45,10659,0
49.47,10597,0
49.49,10544,0
49.51,10523,0
49.53,10509,0
49.55,10512,0
49.57,10528,0
49.59,10539,0
49.61,10563,0
49.63,10585,0
49.65,10614,0
49.67,10635,0
49.69,10652,0
49.71,10662,0
49.73,10673,0
49.75,10668,0
49.77,10655,0
49.79,10643,0
49.81,10633,0
49.83,10632,0
49.84,10632,0
49.86,10633,0
49.88,10638,0
49.90,10652,0
49.92,10664,0
49.94,10675,0
49.96,10689,0
49.98,10699,0
50.00,10710,0
50.02,10721,0
50.04,10726,0
50.06,10738,0
50.08,10752,0
50.10,10755,0
50.12,10766,0
50.14,10777,0
50.16,10769,0
50.18,10733,0
50.20,10681,0
50.22,10623,0
50.24,10578,0
50.26,10543,0
50.28,10526,0
50.30,10529,0
50.32,10538,0
50.34,10553,0
50.36,10572,0
50.38,10590,0
50.40,10616,0
50.42,10638,0
50.44,10659,0
50.46,10664,0
50.48,10671,0
50.50,10669,0
50.52,10658,0
50.54,10643,0
50.56,10631,0
50.58,10625,0
50.59,10624,0
50.61,10623,0
50.63,10630,0
50.65,10638,0
50.67,10652,0
50.69,10658,0
50.71,10666,0
50.73,10678,0
50.75,10688,0
50.77,10701,0
50.79,10713,0
50.81,10722,0
50.83,10732,0
50.85,10744,0
50.87,10755,0
50.89,10761,0
50.91,10741,0
50.93,10701,0
50.95,10639,0
50.97,10582,0
50.99,10536,0
51.01,10509,0
51.03,10504,0
51.05,10506,0
51.07,10521,0
51.09,10533,0
51.11,10559,0
51.13,10578,0
51.15,10596,0
51.17,10620,0
51.19,10635,0
51.21,10645,0
51.23,10644,0
51.25,10637,0
51.27,10628,0
51.29,10619,0
51.31,10616,0
51.33,10614,0
51.34,10619,0
51.36,10628,0
51.38,10630,0
51.40,10644,0
51.42,10649,0
51.44,10668,0
51.46,10677,0
51.48,10697,0
51.50,10717,0
51.52,10736,0
51.54,10760,0
51.56,10783,0
51.58,10794,0
51.60,10814,0
51.62,10830,0
51.64,10846,0
51.66,10855,0
51.68,10840,0
51.70,10787,0
51.72,10725,0
51.74,10661,0
51.76,10614,0
51.78,10583,0
51.80,10580,0
51.82,10581,0
51.84,10595,0
51.86,10609,0
51.88,10629,0
51.90,10655,0
51.92,10676,0
51.94,10690,0
51.96,10705,0
51.98,10711,0
52.00,10706,0
52.02,10696,0
52.04,10683,0
52.06,10668,0
52.08,10660,0
52.10,10659,0
52.11,10663,0
52.13,10670,0
52.15,10675,0
52.17,10687,0
52.19,10700,0
52.21,10712,0
52.23,10727,0
52.25,10735,0
52.27,10745,0
52.29,10753,0
52.31,10764,0
52.33,10776,0
52.35,10778,0
52.37,10783,0
52.39,10798,0
52.41,10804,0
52.43,10813,0
52.45,10818,0
52.47,10816,0
52.49,10789,0
52.51,10728,0
52.53,10665,0
52.55,10615,0
52.57,10580,0
52.59,10565,0
52.61,10562,0
52.63,10571,0
52.65,10588,0
52.67,10614,0
52.69,10632,0
52.71,10659,0
52.73,10682,0
52.75,10695,0
52.77,10709,0
52.79,10714,0
52.81,10706,0
52.83,10695,0
52.85,10680,0
52.86,10671,0
52.88,10665,0
52.90,10659,0
52.92,10661,0
52.94,10666,0
52.96,10677,0
52.98,10685,0
53.00,10697,0
53.02,10710,0
53.04,10712,0
53.06,10731,0
53.08,10738,0
53.10,10753,0
53.12,10762,0
53.14,10769,0
53.16,10773,0
53.18,10783,0
53.20,10790,0
53.22,10798,0
53.24,10803,0
53.26,10814,0
53.28,10807,0
53.30,10773,0
53.32,10709,0
53.34,10639,0
53.36,10582,0
53.38,10544,0
53.40,10524,0
53.42,10518,0
53.44,10525,0
53.46,10540,0
53.48,10559,0
53.50,10577,0
53.52,10601,0
53.54,10624,0
53.56,10644,0
53.58,10655,0
53.60,10658,0
53.61,10654,0
53.63,10643,0
53.65,10629,0
53.67,10616,0
53.69,10610,0
53.71,10618,0
53.73,10613,0
53.75,10620,0
53.77,10632,0
53.79,10642,0
53.81,10654,0
53.83,10670,0
53.85,10682,0
53.87,10694,0
53.89,10710,0
53.91,10716,0
53.93,10732,0
53.95,10738,0
53.97,10746,0
53.99,10750,0
54.01,10751,0
54.03,10753,0
54.05,10746,0
54.07,10704,0
54.09,10650,0
54.11,10584,0
54.13,10526,0
54.15,10493,0
54.17,10480,0
54.19,10474,0
54.21,10489,0
54.23,10505,0
54.25,10518,0
54.27,10541,0
54.29,10563,0
54.31,10580,0
54.33,10593,0
54.35,10606,0
54.36,10607,0
54.38,10597,0
54.40,10576,0
54.42,10567,0
54.44,10555,0
54.46,10554,0
54.48,10551,0
54.50,10552,0
54.52,10554,0
54.54,10563,0
54.56,10572,0
54.58,10587,0
54.60,10602,0
54.62,10610,0
54.64,10626,0
54.66,10637,0
54.68,10644,0
54.70,10653,0
54.72,10657,0
54.74,10663,0
54.76,10668,0
54.78,10674,0
54.80,10679,0
54.82,10687,0
54.84,10666,0
54.86,10624,0
54.88,10566,0
54.90,10512,0
54.92,10475,0
54.94,10453,0
54.96,10447,0
54.98,10457,0
55.00,10472,0
55.02,10487,0
55.04,10499,0
55.06,10520,0
55.08,10539,0
55.10,10559,0
55.11,10574,0
55.13,10577,0
55.15,10576,0
55.17,10560,0
55.19,10547,0
55.21,10539,0
55.23,10536,0
55.25,10531,0
55.27,10529,0
55.29,10539,0
55.31,10547,0
55.33,10548,0
55.35,10560,0
55.37,10566,0
55.39,10579,0
55.41,10591,0
55.43,10597,0
55.45,10610,0
55.47,10616,0
55.49,10628,0
55.51,10636,0
55.53,10644,0
55.55,10658,0
55.57,10663,0
55.59,10667,0
55.61,10675,0
55.63,10662,0
55.65,10626,0
55.67,10573,0
55.69,10522,0
55.71,10487,0
55.73,10465,0
55.75,10466,0
55.77,10477,0
55.79,10487,0
55.81,10502,0
55.83,10529,0
55.85,10545,0
55.86,10567,0
55.88,10586,0
55.90,10598,0
55.92,10609,0
55.94,10609,0
55.96,10603,0
55.98,10591,0
56.00,10585,0
56.02,10573,0
56.04,10575,0
56.06,10580,0
56.08,10583,0
56.10,10595,0
56.12,10602,0
56.14,10613,0
56.16,10625,0
56.18,10640,0
56.20,10651,0
56.22,10663,0
56.24,10671,0
56.26,10683,0
56.28,10692,0
56.30,10705,0
56.32,10712,0
56.34,10719,0
56.36,10724,0
56.38,10737,0
56.40,10741,0
56.42,10744,0
56.44,10718,0
56.46,10671,0
56.48,10616,0
56.50,10572,0
56.52,10547,0
56.54,10547,0
56.56,10546,0
56.58,10559,0
56.60,10574,0
56.62,10595,0
56.63,10617,0
56.65,10641,0
56.67,10662,0
56.69,10684,0
56.71,10693,0
56.73,10699,0
56.75,10687,0
56.77,10685,0
56.79,10676,0
56.81,10664,0
56.83,10660,0
56.85,10662,0
56.87,10666,0
56.89,10677,0
56.91,10683,0
56.93,10702,0
56.95,10708,0
56.97,10727,0
56.99,10730,0
57.01,10744,0
57.03,10753,0
57.05,10759,0
57.07,10768,0
57.09,10777,0
57.11,10780,0
57.13,10789,0
57.15,10798,0
57.17,10798,0
57.19,10797,0
57.21,10773,0
57.23,10724,0
57.25,10663,0
57.27,10606,0
57.29,10567,0
57.31,10555,0
57.33,10549,0
57.35,10551,0
57.37,10571,0
57.38,10589,0
57.40,10608,0
57.42,10631,0
57.44,10649,0
57.46,10673,0
57.48,10686,0
57.50,10690,0
57.52,10686,0
57.54,10679,0
57.56,10664,0
57.58,10655,0
57.60,10649,0
57.62,10648,0
57.64,10648,0
57.66,10657,0
57.68,10662,0
57.70,10674,0
57.72,10682,0
57.74,10700,0
57.76,10710,0
57.78,10720,0
57.80,10725,0
57.82,10739,0
57.84,10748,0
57.86,10751,0
57.88,10763,0
57.90,10764,0
57.92,10770,0
57.94,10779,0
57.96,10784,0
57.98,10770,0
58.00,10740,0
58.02,10687,0
58.04,10624,0
58.06,10580,0
58.08,10557,0
58.10,10544,0
58.12,10539,0
58.13,10548,0
58.15,10571,0
58.17,10586,0
58.19,10602,0
58.21,10623,0
58.23,10644,0
58.25,10656,0
58.27,10669,0
58.29,10675,0
58.31,10667,0
58.33,10655,0
58.35,10641,0
58.37,10634,0
58.39,10632,0
58.41,10631,0
58.43,10639,0
58.45,10649,0
58.47,10657,0
58.49,10665,0
58.51,10673,0
58.53,10688,0
58.55,10701,0
58.57,10713,0
58.59,10724,0
58.61,10734,0
58.63,10742,0
58.65,10750,0
58.67,10759,0
58.69,10763,0
58.71,10779,0
58.73,10778,0
58.75,10779,0
58.77,10766,0
58.79,10725,0
58.81,10665,0
58.83,10611,0
58.85,10571,0
58.87,10551,0
58.88,10548,0
58.90,10548,0
58.92,10557,0
58.94,10576,0
58.96,10592,0
58.98,10621,0
59.00,10638,0
59.02,10661,0
59.04,10678,0
59.06,10683,0
59.08,10685,0
59.10,10674,0
59.12,10666,0
59.14,10654,0
59.16,10644,0
59.18,10643,0
59.20,10644,0
59.22,10651,0
59.24,10660,0
59.26,10669,0
59.28,10679,0
59.30,10687,0
59.32,10703,0
59.34,10709,0
59.36,10716,0
59.38,10728,0
59.40,10736,0
59.42,10743,0
59.44,10751,0
59.46,10754,0
59.48,10766,0
59.50,10759,0
59.52,10741,0
59.54,10692,0
59.56,10629,0
59.58,10578,0
59.60,10541,0
59.62,10526,0
59.64,10523,0
59.65,10530,0
59.67,10542,0
59.69,10560,0
59.71,10582,0
59.73,10606,0
59.75,10629,0
59.77,10645,0
59.79,10655,0
59.81,10654,0
59.83,10648,0
59.85,10632,0
59.87,10619,0
59.89,10609,0
59.91,10602,0
59.93,10599,0
59.95,10599,0
59.97,10609,0
59.99,10613,0
60.01,10625,0
60.03,10635,0
60.05,10648,0
60.07,10653,0
60.09,10665,0
60.11,10672,0
60.13,10680,0
60.15,10689,0
60.17,10691,0
60.19,10695,0
60.21,10696,0
60.23,10704,0
60.25,10679,0
60.27,10637,0
60.29,10571,0
60.31,10513,0
60.33,10472,0
60.35,10457,0
60.37,10445,0
60.39,10455,0
60.40,10470,0
60.42,10487,0
60.44,10513,0
60.46,10526,0
60.48,10547,0
60.50,10568,0
60.52,10584,0
60.54,10589,0
60.56,10582,0
60.58,10567,0
60.60,10553,0
60.62,10542,0
60.64,10535,0
60.66,10535,0
60.68,10537,0
60.70,10544,0
60.72,10551,0
60.74,10559,0
60.76,10571,0
60.78,10582,0
60.80,10590,0
60.82,10598,0
60.84,10609,0
60.86,10619,0
60.88,10622,0
60.90,10639,0
60.92,10644,0
60.94,10653,0
60.96,10662,0
60.98,10665,0
61.00,10653,0
61.02,10610,0
61.04,10556,0
61.06,10506,0
61.08,10471,0
61.10,10455,0
61.12,10456,0
61.14,10465,0
61.15,10473,0
61.17,10496,0
61.19,10521,0
61.21,10538,0
61.23,10557,0
61.25,10572,0
61.27,10577,0
61.29,10579,0
61.31,10573,0
61.33,10558,0
61.35,10546,0
61.37,10538,0
61.39,10536,0
61.41,10538,0
61.43,10544,0
61.45,10552,0
61.47,10564,0
61.49,10574,0
61.51,10580,0
61.53,10593,0
61.55,10601,0
61.57,10606,0
61.59,10615,0
61.61,10624,0
61.63,10628,0
61.65,10634,0
61.67,10637,0
61.69,10639,0
61.71,10642,0
61.73,10637,0
61.75,10611,0
61.77,10575,0
61.79,10519,0
61.81,10476,0
61.83,10453,0
61.85,10447,0
61.87,10457,0
61.89,10469,0
61.90,10485,0
61.92,10505,0
61.94,10530,0
61.96,10554,0
61.98,10579,0
62.00,10586,0
62.02,10598,0
62.04,10599,0
62.06,10587,0
62.08,10579,0
62.10,10570,0
62.12,10565,0
62.14,10567,0
62.16,10570,0
62.18,10577,0
62.20,10591,0
62.22,10603,0
62.24,10617,0
62.26,10628,0
62.28,10649,0
62.30,10657,0
62.32,10673,0
62.34,10678,0
62.36,10687,0
62.38,10694,0
62.40,10707,0
62.42,10713,0
62.44,10726,0
62.46,10732,0
62.48,10730,0
62.50,10715,0
62.52,10667,0
62.54,10609,0
62.56,10559,0
62.58,10527,0
62.60,10514,0
62.62,10510,0
62.64,10525,0
62.66,10537,0
62.67,10556,0
62.69,10576,0
62.71,10596,0
62.73,10612,0
62.75,10630,0
62.77,10639,0
62.79,10645,0
62.81,10637,0
62.83,10626,0
62.85,10621,0
62.87,10615,0
62.89,10612,0
62.91,10616,0
62.93,10626,0
62.95,10637,0
62.97,10643,0
62.99,10660,0
63.01,10671,0
63.03,10683,0
63.05,10698,0
63.07,10703,0
63.09,10714,0
63.11,10732,0
63.13,10741,0
63.15,10750,0
63.17,10759,0
63.19,10769,0
63.21,10775,0
63.23,10786,0
63.25,10788,0
63.27,10794,0
63.29,10779,0
63.31,10735,0
63.33,10675,0
63.35,10621,0
63.37,10588,0
63.39,10568,0
63.41,10566,0
63.42,10573,0
63.44,10589,0
63.46,10606,0
63.48,10624,0
63.50,10642,0
63.52,10660,0
63.54,10677,0
63.56,10685,0
63.58,10688,0
63.60,10679,0
63.62,10667,0
63.64,10651,0
63.66,10645,0
63.68,10639,0
63.70,10642,0
63.72,10646,0
63.74,10659,0
63.76,10675,0
63.78,10681,0
63.80,10703,0
63.82,10711,0
63.84,10729,0
63.86,10735,0
63.88,10745,0
63.90,10755,0
63.92,10763,0
63.94,10765,0
63.96,10774,0
63.98,10780,0
64.00,10786,0
64.02,10792,0
64.04,10799,0
64.06,10806,0
64.08,10809,0
64.10,10802,0
64.12,10765,0
64.14,10717,0
64.16,10660,0
64.17,10626,0
64.19,10602,0
64.21,10600,0
64.23,10610,0
64.25,10622,0
64.27,10638,0
64.29,10659,0
64.31,10682,0
64.33,10703,0
64.35,10720,0
64.37,10727,0
64.39,10730,0
64.41,10727,0
64.43,10715,0
64.45,10708,0
64.47,10701,0
64.49,10701,0
64.51,10704,0
64.53,10706,0
64.55,10717,0
64.57,10730,0
64.59,10745,0
64.61,10753,0
64.63,10761,0
64.65,10772,0
64.67,10783,0
64.69,10788,0
64.71,10800,0
64.73,10810,0
64.75,10812,0
64.77,10814,0
64.79,10825,0
64.81,10828,0
64.83,10840,0
64.85,10849,0
64.87,10847,0
64.89,10834,0
64.91,10793,0
64.92,10729,0
64.94,10670,0
64.96,10621,0
64.98,10592,0
65.00,10585,0
65.02,10590,0
65.04,10597,0
65.06,10616,0
65.08,10628,0
65.10,10644,0
65.12,10661,0
65.14,10672,0
65.16,10686,0
65.18,10687,0
65.20,10679,0
65.22,10670,0
65.24,10664,0
65.26,10655,0
65.28,10649,0
65.30,10654,0
65.32,10662,0
65.34,10666,0
65.36,10682,0
65.38,10694,0
65.40,10706,0
65.42,10711,0
65.44,10723,0
65.46,10732,0
65.48,10740,0
65.50,10746,0
65.52,10751,0
65.54,10752,0
65.56,10755,0
65.58,10755,0
65.60,10759,0
65.62,10756,0
65.64,10759,0
65.66,10756,0
65.67,10756,0
65.69,10744,0
65.71,10718,0
65.73,10671,0
65.75,10613,0
65.77,10564,0
65.79,10541,0
65.81,10527,0
65.83,10524,0
65.85,10536,0
65.87,10545,0
65.89,10557,0
65.91,10575,0
65.93,10591,0
65.95,10602,0
65.97,10612,0
65.99,10610,0
66.01,10605,0
66.03,10598,0
66.05,10587,0
66.07,10570,0
66.09,10565,0
66.11,10559,0
66.13,10562,0
66.15,10565,0
66.17,10570,0
66.19,10578,0
66.21,10584,0
66.23,10596,0
66.25,10607,0
66.27,10613,0
66.29,10623,0
66.31,10630,0
66.33,10640,0
66.35,10647,0
66.37,10653,0
66.39,10664,0
66.41,10676,0
66.43,10681,0
66.44,10693,0
66.46,10704,0
66.48,10705,0
66.50,10718,0
66.52,10721,0
66.54,10724,0
66.56,10705,0
66.58,10666,0
66.60,10621,0
66.62,10579,0
66.64,10555,0
66.66,10542,0
66.68,10547,0
66.70,10551,0
66.72,10567,0
66.74,10582,0
66.76,10598,0
66.78,10616,0
66.80,10631,0
66.82,10643,0
66.84,10646,0
66.86,10652,0
66.88,10647,0
66.90,10640,0
66.92,10634,0
66.94,10627,0
66.96,10633,0
66.98,10632,0
67.00,10640,0
67.02,10654,0
67.04,10664,0
67.06,10674,0
67.08,10682,0
67.10,10695,0
67.12,10704,0
67.14,10721,0
67.16,10729,0
67.18,10739,0
67.19,10748,0
67.21,10755,0
67.23,10765,0
67.25,10774,0
67.27,10784,0
67.29,10789,0
67.31,10794,0
67.33,10808,0
67.35,10811,0
67.37,10815,0
67.39,10789,0
67.41,10756,0
67.43,10719,0
67.45,10675,0
67.47,10646,0
67.49,10629,0
67.51,10631,0
67.53,10632,0
67.55,10649,0
67.57,10656,0
67.59,10675,0
67.61,10690,0
67.63,10707,0
67.65,10723,0
67.67,10735,0
67.69,10745,0
67.71,10737,0
67.73,10741,0
67.75,10737,0
67.77,10733,0
67.79,10743,0
67.81,10753,0
67.83,10761,0
67.85,10775,0
67.87,10792,0
67.89,10806,0
67.91,10825,0
67.93,10838,0
67.94,10852,0
67.96,10870,0
67.98,10894,0
68.00,10909,0
68.02,10927,0
68.04,10952,0
68.06,10972,0
68.08,10998,0
68.10,11006,0
68.12,11020,0
68.14,11028,0
68.16,11017,0
68.18,10991,0
68.20,10952,0
68.22,10913,0
68.24,10895,0
68.26,10880,0
68.28,10875,0
68.30,10882,0
68.32,10885,0
68.34,10901,0
68.36,10913,0
68.38,10932,0
68.40,10946,0
68.42,10956,0
68.44,10962,0
68.46,10962,0
68.48,10962,0
68.50,10954,0
68.52,10948,0
68.54,10946,0
68.56,10940,0
68.58,10942,0
68.60,10949,0
68.62,10956,0
68.64,10961,0
68.66,10966,0
68.68,10980,0
68.69,10989,0
68.71,11001,0
68.73,11009,0
68.75,11019,0
68.77,11027,0
68.79,11035,0
68.81,11049,0
68.83,11058,0
68.85,11064,0
68.87,11076,0
68.89,11074,0
68.91,11053,0
68.93,11018,0
68.95,10961,0
68.97,10912,0
68.99,10869,0
69.01,10846,0
69.03,10834,0
69.05,10836,0
69.07,10842,0
69.09,10847,0
69.11,10861,0
69.13,10876,0
69.15,10897,0
69.17,10901,0
69.19,10913,0
69.21,10913,0
69.23,10907,0
69.25,10899,0
69.27,10891,0
69.29,10880,0
69.31,10878,0
69.33,10873,0
69.35,10876,0
69.37,10877,0
69.39,10884,0
69.41,10896,0
69.43,10903,0
69.44,10911,0
69.46,10917,0
69.48,10925,0
69.50,10938,0
69.52,10948,0
69.54,10954,0
69.56,10964,0
69.58,10971,0
69.60,10977,0
69.62,10980,0
69.64,10982,0
69.66,10974,0
69.68,10947,0
69.70,10894,0
69.72,10835,0
69.74,10783,0
69.76,10745,0
69.78,10732,0
69.80,10721,0
69.82,10722,0
69.84,10727,0
69.86,10736,0
69.88,10753,0
69.90,10765,0
69.92,10779,0
69.94,10791,0
69.96,10796,0
69.98,10790,0
70.00,10778,0
70.02,10768,0
70.04,10762,0
70.06,10759,0
70.08,10756,0
70.10,10757,0
70.12,10757,0
70.14,10765,0
70.16,10774,0
70.18,10784,0
70.20,10792,0
70.21,10808,0
70.23,10817,0
70.25,10828,0
70.27,10836,0
70.29,10844,0
70.31,10851,0
70.33,10864,0
70.35,10871,0
70.37,10877,0
70.39,10891,0
70.41,10896,0
70.43,10884,0
70.45,10848,0
70.47,10797,0
70.49,10742,0
70.51,10696,0
70.53,10671,0
70.55,10660,0
70.57,10664,0
70.59,10675,0
70.61,10684,0
70.63,10701,0
70.65,10723,0
70.67,10736,0
70.69,10748,0
70.71,10764,0
70.73,10773,0
70.75,10774,0
70.77,10765,0
70.79,10759,0
70.81,10752,0
70.83,10752,0
70.85,10750,0
70.87,10753,0
70.89,10756,0
70.91,10762,0
70.93,10777,0
70.94,10786,0
70.96,10797,0
70.98,10808,0
71.00,10816,0
71.02,10830,0
71.04,10840,0
71.06,10849,0
71.08,10860,0
71.10,10872,0
71.12,10881,0
71.14,10894,0
71.16,10902,0
71.18,10900,0
71.20,10878,0
71.22,10833,0
71.24,10783,0
71.26,10746,0
71.28,10725,0
71.30,10708,0
71.32,10712,0
71.34,10714,0
71.36,10727,0
71.38,10742,0
71.40,10761,0
71.42,10783,0
71.44,10802,0
71.46,10819,0
71.48,10828,0
71.50,10830,0
71.52,10832,0
71.54,10822,0
71.56,10826,0
71.58,10815,0
71.60,10817,0
71.62,10821,0
71.64,10826,0
71.66,10836,0
71.68,10839,0
71.70,10845,0
71.71,10854,0
71.73,10859,0
71.75,10875,0
71.77,10879,0
71.79,10892,0
71.81,10896,0
71.83,10912,0
71.85,10920,0
71.87,10936,0
71.89,10943,0
71.91,10946,0
71.93,10946,0
71.95,10923,0
71.97,10874,0
71.99,10816,0
72.01,10769,0
72.03,10735,0
72.05,10716,0
72.07,10713,0
72.09,10720,0
72.11,10736,0
72.13,10745,0
72.15,10764,0
72.17,10778,0
72.19,10800,0
72.21,10809,0
72.23,10819,0
72.25,10817,0
72.27,10807,0
72.29,10796,0
72.31,10789,0
72.33,10777,0
72.35,10782,0
72.37,10780,0
72.39,10784,0
72.41,10792,0
72.43,10803,0
72.45,10813,0
72.46,10822,0
72.48,10832,0
72.50,10841,0
72.52,10852,0
72.54,10862,0
72.56,10868,0
72.58,10878,0
72.60,10885,0
72.62,10894,0
72.64,10900,0
72.66,10906,0
72.68,10903,0
72.70,10881,0
72.72,10828,0
72.74,10764,0
72.76,10712,0
72.78,10677,0
72.80,10652,0
72.82,10651,0
72.84,10654,0
72.86,10668,0
72.88,10682,0
72.90,10704,0
72.92,10718,0
72.94,10743,0
72.96,10753,0
72.98,10768,0
73.00,10766,0
73.02,10764,0
73.04,10749,0
73.06,10745,0
73.08,10745,0
73.10,10741,0
73.12,10745,0
73.14,10747,0
73.16,10758,0
73.18,10765,0
73.20,10783,0
73.21,10790,0
73.23,10800,0
73.25,10812,0
73.27,10824,0
73.29,10830,0
73.31,10840,0
73.33,10847,0
73.35,10858,0
73.37,10869,0
73.39,10876,0
73.41,10879,0
73.43,10887,0
73.45,10872,0
73.47,10833,0
73.49,10781,0
73.51,10729,0
73.53,10688,0
73.55,10672,0
73.57,10672,0
73.59,10673,0
73.61,10691,0
73.63,10702,0
73.65,10726,0
73.67,10742,0
73.69,10766,0
73.71,10786,0
73.73,10802,0
73.75,10801,0
73.77,10806,0
73.79,10801,0
73.81,10788,0
73.83,10784,0
73.85,10780,0
73.87,10784,0
73.89,10788,0
73.91,10796,0
73.93,10812,0
73.95,10819,0
73.96,10835,0
73.98,10853,0
74.00,10867,0
74.02,10879,0
74.04,10895,0
74.06,10908,0
74.08,10917,0
74.10,10928,0
74.12,10940,0
74.14,10951,0
74.16,10961,0
74.18,10970,0
74.20,10961,0
74.22,10940,0
74.24,10892,0
74.26,10839,0
74.28,10797,0
74.30,10765,0
74.32,10755,0
74.34,10755,0
74.36,10760,0
74.38,10780,0
74.40,10800,0
74.42,10818,0
74.44,10843,0
74.46,10865,0
74.48,10882,0
74.50,10890,0
74.52,10890,0
74.54,10885,0
74.56,10878,0
74.58,10870,0
74.60,10861,0
74.62,10861,0
74.64,10861,0
74.66,10867,0
74.68,10868,0
74.70,10883,0
74.71,10892,0
74.73,10899,0
74.75,10913,0
74.77,10921,0
74.79,10930,0
74.81,10944,0
74.83,10954,0
74.85,10963,0
74.87,10977,0
74.89,10987,0
74.91,10994,0
74.93,10993,0
74.95,10968,0
74.97,10919,0
74.99,10861,0
75.01,10817,0
75.03,10786,0
75.05,10765,0
75.07,10770,0
75.09,10772,0
75.11,10790,0
75.13,10805,0
75.15,10831,0
75.17,10845,0
75.19,10869,0
75.21,10885,0
75.23,10894,0
75.25,10895,0
75.27,10885,0
75.29,10875,0
75.31,10865,0
75.33,10858,0
75.35,10859,0
75.37,10861,0
75.39,10868,0
75.41,10873,0
75.43,10878,0
75.45,10891,0
75.46,10907,0
75.48,10916,0
75.50,10926,0
75.52,10934,0
75.54,10951,0
75.56,10958,0
75.58,10968,0
75.60,10973,0
75.62,10986,0
75.64,10995,0
75.66,10991,0
75.68,10962,0
75.70,10910,0
75.72,10853,0
75.74,10802,0
75.76,10773,0
75.78,10756,0
75.80,10754,0
75.82,10755,0
75.84,10770,0
75.86,10794,0
75.88,10808,0
75.90,10829,0
75.92,10845,0
75.94,10861,0
75.96,10866,0
75.98,10866,0
76.00,10856,0
76.02,10848,0
76.04,10834,0
76.06,10828,0
76.08,10827,0
76.10,10828,0
76.12,10833,0
76.14,10841,0
76.16,10849,0
76.18,10862,0
76.20,10874,0
76.22,10887,0
76.23,10895,0
76.25,10903,0
76.27,10919,0
76.29,10930,0
76.31,10935,0
76.33,10946,0
76.35,10957,0
76.37,10963,0
76.39,10951,0
76.41,10921,0
76.43,10871,0
76.45,10815,0
76.47,10770,0
76.49,10743,0
76.51,10726,0
76.53,10734,0
76.55,10742,0
76.57,10750,0
76.59,10769,0
76.61,10790,0
76.63,10812,0
76.65,10831,0
76.67,10843,0
76.69,10846,0
76.71,10845,0
76.73,10831,0
76.75,10821,0
76.77,10810,0
76.79,10804,0
76.81,10803,0
76.83,10809,0
76.85,10818,0
76.87,10821,0
76.89,10829,0
76.91,10840,0
76.93,10846,0
76.95,10857,0
76.96,10867,0
76.98,10872,0
77.00,10884,0
77.02,10895,0
77.04,10901,0
77.06,10907,0
77.08,10912,0
77.10,10911,0
77.12,10885,0
77.14,10837,0
77.16,10777,0
77.18,10725,0
77.20,10696,0
77.22,10680,0
77.24,10681,0
77.26,10688,0
77.28,10705,0
77.30,10716,0
77.32,10740,0
77.34,10765,0
77.36,10782,0
77.38,10798,0
77.40,10801,0
77.42,10805,0
77.44,10791,0
77.46,10783,0
77.48,10774,0
77.50,10774,0
77.52,10778,0
77.54,10777,0
77.56,10783,0
77.58,10790,0
77.60,10802,0
77.62,10814,0
77.64,10828,0
77.66,10840,0
77.68,10850,0
77.70,10865,0
77.72,10875,0
77.73,10876,0
77.75,10882,0
77.77,10888,0
77.79,10894,0
77.81,10892,0
77.83,10886,0
77.85,10857,0
77.87,10813,0
77.89,10743,0
77.91,10687,0
77.93,10651,0
77.95,10632,0
77.97,10632,0
77.99,10641,0
78.01,10654,0
78.03,10674,0
78.05,10690,0
78.07,10707,0
78.09,10728,0
78.11,10735,0
78.13,10738,0
78.15,10738,0
78.17,10729,0
