115.02,8228,0
115.04,8059,0
115.06,8517,0
115.08,7607,0
115.10,7648,0
115.12,7820,0
115.14,7728,0
115.16,7850,0
115.18,7708,0
115.20,7858,0
115.22,8368,0
115.24,7748,0
115.26,7839,0
115.28,7926,0
115.30,7654,0
115.32,8543,0
115.34,8274,0
115.36,8846,0
115.38,7751,0
115.40,7721,0
115.42,7851,0
115.44,8087,0
115.46,7887,0
115.48,9000,0
115.50,8452,0
115.52,9045,0
115.54,7959,0
115.56,7934,0
115.58,7803,0
115.60,7914,0
115.62,7943,0
115.64,8859,0
115.66,8728,0
115.68,8709,0
115.70,7840,0
115.71,8518,0
115.73,8356,0
115.75,8698,0
115.77,7929,0
115.79,7910,0
115.81,7935,0
115.83,7935,0
115.85,8468,0
115.87,7925,0
115.89,7829,0
115.91,7772,0
115.93,7685,0
115.95,8764,0
115.97,8175,0
115.99,8179,0
116.01,8110,0
116.03,8777,0
116.05,8642,0
116.07,8277,0
116.09,8741,0
116.11,7835,0
116.13,8131,0
116.15,7823,0
116.17,8268,0
116.19,7649,0
116.21,7673,0
116.23,8045,0
116.25,7759,0
116.27,7823,0
116.29,7798,0
116.31,7820,0
116.33,8925,0
116.35,7860,0
116.37,7768,0
116.39,7704,0
116.41,7542,0
116.43,8404,0
116.45,7807,0
116.47,7770,0
116.49,8990,0
116.51,7771,0
116.53,7790,0
116.55,7816,0
116.57,7771,0
116.59,7885,0
116.61,7649,0
116.63,7870,0
116.65,8663,0
116.67,7671,0
116.69,7740,0
116.70,8223,0
116.72,7832,0
116.74,7787,0
116.76,7829,0
116.78,7852,0
116.80,8407,0
116.82,7591,0
116.84,7855,0
116.86,8530,0
116.88,7626,0
116.90,7838,0
116.92,7837,0
116.94,7912,0
116.96,7900,0
116.98,8339,0
117.00,8342,0
117.02,8371,0
117.04,8689,0
117.06,8684,0
117.08,8875,0
117.10,8831,0
117.12,7799,0
117.14,8783,0
117.16,8196,0
117.18,7810,0
117.20,7948,0
117.22,7844,0
117.24,7929,0
117.26,8024,0
117.28,7825,0
117.30,8509,0
117.32,8948,0
117.34,7949,0
117.36,8816,0
117.38,8610,0
117.40,8090,0
117.42,7845,0
117.44,8784,0
117.46,7842,0
117.48,7920,0
117.50,8241,0
117.52,7706,0
117.54,7775,0
117.56,7930,0
117.58,7781,0
117.60,8858,0
117.62,7890,0
117.64,7832,0
117.66,8666,0
117.67,8079,0
117.69,7902,0
117.71,8423,0
117.73,8362,0
117.75,7714,0
117.77,8300,0
117.79,8324,0
117.81,8792,0
117.83,7996,0
117.85,7775,0
117.87,8041,0
117.89,8156,0
117.91,7737,0
117.93,8057,0
117.95,8318,0
117.97,8716,0
117.99,8080,0
118.01,8056,0
118.03,8568,0
118.05,8690,0
118.07,7897,0
118.09,7878,0
118.11,8049,0
118.13,8618,0
118.15,7967,0
118.17,7780,0
118.19,8112,0
118.21,8476,0
118.23,8032,0
118.25,7848,0
118.27,7833,0
118.29,8748,0
118.31,7863,0
118.33,7720,0
118.35,7854,0
118.37,7793,0
118.39,8897,0
118.41,7879,0
118.43,7851,0
118.45,7880,0
118.47,7743,0
118.49,8462,0
118.51,8077,0
118.53,8147,0
118.55,7702,0
118.57,8906,0
118.59,8723,0
118.61,8301,0
118.63,8451,0
118.64,8168,0
118.66,8147,0
118.68,8336,0
118.70,7889,0
118.72,8108,0
118.74,8341,0
118.76,8708,0
118.78,8498,0
118.80,7792,0
118.82,8421,0
118.84,7915,0
118.86,7965,0
118.88,7825,0
118.90,7772,0
118.92,8395,0
118.94,7962,0
118.96,7970,0
118.98,7785,0
119.00,7798,0
119.02,8698,0
119.04,8801,0
119.06,8113,0
119.08,7870,0
119.10,8721,0
119.12,8578,0
119.14,8559,0
119.16,9038,0
119.18,7905,0
119.20,7829,0
119.22,8217,0
119.24,8673,0
119.26,7857,0
119.28,7749,0
119.30,7776,0
119.32,7769,0
119.34,8721,0
119.36,7890,0
119.38,7937,0
119.40,7905,0
119.42,8050,0
119.44,7993,0
119.46,7676,0
119.48,7848,0
119.50,8547,0
119.52,8570,0
119.54,8476,0
119.56,7712,0
119.58,8916,0
119.60,8375,0
119.62,8742,0
119.64,8463,0
119.65,7686,0
119.67,7792,0
119.69,7778,0
119.71,7932,0
119.73,7732,0
119.75,8639,0
119.77,8499,0
119.79,8806,0
119.81,7680,0
119.83,8183,0
119.85,7971,0
119.87,8396,0
119.89,7864,0
119.91,7867,0
119.93,7790,0
119.95,7931,0
119.97,7924,0
119.99,8420,0
120.01,8171,0
120.03,8962,0
120.05,7812,0
120.07,7881,0
120.09,7754,0
120.11,7687,0
120.13,8730,0
120.15,7876,0
120.17,8282,0
120.19,7739,0
120.21,8473,0
120.23,8791,0
120.25,8433,0
120.27,7841,0
120.29,7770,0
120.31,8866,0
120.33,8728,0
120.35,8073,0
120.37,8637,0
120.39,8334,0
120.41,8562,0
120.43,8891,0
120.45,7756,0
120.47,7768,0
120.49,7710,0
120.51,8092,0
120.53,8051,0
120.55,8359,0
120.57,7975,0
120.59,8302,0
120.61,7940,0
120.62,8641,0
120.64,8103,0
120.66,8667,0
120.68,7754,0
120.70,8058,0
120.72,8008,0
120.74,8079,0
120.76,7927,0
120.78,8805,0
120.80,8623,0
120.82,8238,0
120.84,8134,0
120.86,7777,0
120.88,7698,0
120.90,7854,0
120.92,8376,0
120.94,8550,0
120.96,8579,0
120.98,8477,0
121.00,8178,0
121.02,7773,0
121.04,7911,0
121.06,7680,0
121.08,8508,0
121.10,8170,0
121.12,8358,0
121.14,7631,0
121.16,8895,0
121.18,8885,0
121.20,8974,0
121.22,8711,0
121.24,7888,0
121.26,8059,0
121.28,8010,0
121.30,8782,0
121.32,8136,0
121.34,7835,0
121.36,7998,0
121.38,7909,0
121.40,8348,0
121.42,7907,0
121.44,7946,0
121.46,8077,0
121.48,7953,0
121.50,7872,0
121.52,7890,0
121.54,7591,0
121.56,8760,0
121.58,7651,0
121.59,7650,0
121.61,7857,0
121.63,8087,0
121.65,8879,0
121.67,8719,0
121.69,8805,0
121.71,7837,0
121.73,8918,0
121.75,8911,0
121.77,8533,0
121.79,8941,0
121.81,8050,0
121.83,8552,0
121.85,8128,0
121.87,7988,0
121.89,8022,0
121.91,7915,0
121.93,8260,0
121.95,7657,0
121.97,7961,0
121.99,7824,0
122.01,7789,0
122.03,8900,0
122.05,8033,0
122.07,7672,0
122.09,7731,0
122.11,8014,0
122.13,8787,0
122.15,8053,0
122.17,8438,0
122.19,8024,0
122.21,8754,0
122.23,8910,0
122.25,8243,0
122.27,8798,0
122.29,7994,0
122.31,8433,0
122.33,7796,0
122.35,8654,0
122.37,8090,0
122.39,7907,0
122.41,7895,0
122.43,9059,0
122.45,7946,0
122.47,8048,0
122.49,8093,0
122.51,8556,0
122.53,7925,0
122.55,7834,0
122.57,8009,0
122.58,8359,0
122.60,8809,0
122.62,8983,0
122.64,9126,0
122.66,7790,0
122.68,7904,0
122.70,7955,0
122.72,7929,0
122.74,7712,0
122.76,8582,0
122.78,8531,0
122.80,8526,0
122.82,7688,0
122.84,8955,0
122.86,8732,0
122.88,8340,0
122.90,7999,0
122.92,7709,0
122.94,7854,0
122.96,7813,0
122.98,8951,0
123.00,7780,0
123.02,7795,0
123.04,7745,0
123.06,7859,0
123.08,8737,0
123.10,8476,0
123.12,7830,0
123.14,7779,0
123.16,8772,0
123.18,8520,0
123.20,8902,0
123.22,8076,0
123.24,8128,0
123.26,7709,0
123.28,7720,0
123.30,8419,0
123.32,7950,0
123.34,8362,0
123.36,7911,0
123.38,8811,0
123.40,8147,0
123.42,8386,0
123.44,8432,0
123.46,8689,0
123.48,7694,0
123.50,7785,0
123.52,7911,0
123.54,8564,0
123.56,8581,0
123.57,8396,0
123.59,8433,0
123.61,8000,0
123.63,7828,0
123.65,7830,0
123.67,7904,0
123.69,7775,0
123.71,8672,0
123.73,8728,0
123.75,8694,0
123.77,7790,0
123.79,8102,0
123.81,7736,0
123.83,8302,0
123.85,7688,0
123.87,8125,0
123.89,8113,0
123.91,8216,0
123.93,7681,0
123.95,8992,0
123.97,8791,0
123.99,8592,0
124.01,7942,0
124.03,7857,0
124.05,8260,0
124.07,7854,0
124.09,8884,0
124.11,7906,0
124.13,8015,0
124.15,8240,0
124.17,8060,0
124.19,7800,0
124.21,7986,0
124.23,7805,0
124.25,8714,0
124.27,7726,0
124.29,7674,0
124.31,7900,0
124.33,8185,0
124.35,8588,0
124.37,8545,0
124.39,8611,0
124.41,7858,0
124.43,8752,0
124.45,8951,0
124.47,8300,0
124.49,8866,0
124.51,8057,0
124.53,8818,0
124.55,8714,0
124.56,7778,0
124.58,8767,0
124.60,8962,0
124.62,8298,0
124.64,8865,0
124.66,8150,0
124.68,8979,0
124.70,8779,0
124.72,7935,0
124.74,8269,0
124.76,7860,0
124.78,8381,0
124.80,7687,0
124.82,7747,0
124.84,7922,0
124.86,7911,0
124.88,8391,0
124.90,7990,0
124.92,8100,0
124.94,7948,0
124.96,8261,0
124.98,8719,0
125.00,8214,0
125.02,7920,0
125.04,7671,0
125.06,8972,0
125.08,8694,0
125.10,8062,0
125.12,8455,0
125.14,7729,0
125.16,8047,0
125.18,8141,0
125.20,8638,0
125.22,7862,0
125.24,7909,0
125.26,7908,0
125.28,7807,0
125.30,8621,0
125.32,8139,0
125.34,7791,0
125.36,7814,0
125.38,8575,0
125.40,8806,0
125.42,7998,0
125.44,9071,0
125.46,8249,0
125.48,8396,0
125.50,8478,0
125.52,8447,0
125.53,7991,0
125.55,8044,0
125.57,8529,0
125.59,7908,0
125.61,7853,0
125.63,7700,0
125.65,7732,0
125.67,8176,0
125.69,8242,0
125.71,8448,0
125.73,7757,0
125.75,8629,0
125.77,8184,0
125.79,8599,0
125.81,8687,0
125.83,8171,0
125.85,7604,0
125.87,7639,0
125.89,7942,0
125.91,7687,0
125.93,8235,0
125.95,7798,0
125.97,7976,0
125.99,7803,0
126.01,8759,0
126.03,8706,0
126.05,8870,0
126.07,8427,0
126.09,7767,0
126.11,7982,0
126.13,7895,0
126.15,8927,0
126.17,7824,0
126.19,8142,0
126.21,7766,0
126.23,9028,0
126.25,8323,0
126.27,8541,0
126.29,8363,0
126.31,8828,0
126.33,7909,0
126.35,7914,0
126.37,7723,0
126.39,8196,0
126.41,8616,0
126.43,8984,0
126.45,8798,0
126.47,7931,0
126.49,8019,0
126.50,8086,0
126.52,8151,0
126.54,7789,0
126.56,8234,0
126.58,7734,0
126.60,7775,0
126.62,8440,0
126.64,7760,0
126.66,7877,0
126.68,7676,0
126.70,7760,0
126.72,8699,0
126.74,8298,0
126.76,7773,0
126.78,7766,0
126.80,8733,0
126.82,8535,0
126.84,8905,0
126.86,7949,0
126.88,7714,0
126.90,7818,0
126.92,7632,0
126.94,8186,0
126.96,8034,0
126.98,8425,0
127.00,7904,0
127.02,8745,0
127.04,7934,0
127.06,8381,0
127.08,8640,0
127.10,8048,0
127.12,7748,0
127.14,7744,0
127.16,8192,0
127.18,7867,0
127.20,7775,0
127.22,7788,0
127.24,7747,0
127.26,8521,0
127.28,7899,0
127.30,8436,0
127.32,7948,0
127.34,9057,0
127.36,8105,0
127.38,8910,0
127.40,8652,0
127.42,7870,0
127.44,7795,0
127.46,7759,0
127.48,7752,0
127.50,7683,0
127.51,8028,0
127.53,7648,0
127.55,8223,0
127.57,7910,0
127.59,8426,0
127.61,7812,0
127.63,7931,0
127.65,7810,0
127.67,8346,0
127.69,8007,0
127.71,8028,0
127.73,8059,0
127.75,8255,0
127.77,8553,0
127.79,8474,0
127.81,8459,0
127.83,7849,0
127.85,7880,0
127.87,7905,0
127.89,8669,0
127.91,7949,0
127.93,7852,0
127.95,7654,0
127.97,7630,0
127.99,8875,0
128.01,7973,0
128.03,8072,0
128.05,7735,0
128.07,9044,0
128.09,8766,0
128.11,8692,0
128.13,8457,0
128.15,7748,0
128.17,8184,0
128.19,7828,0
128.21,8768,0
128.23,7758,0
128.25,7804,0
128.27,7857,0
128.29,7773,0
128.31,8878,0
128.33,8154,0
128.35,7885,0
128.37,7897,0
128.39,8135,0
128.41,8297,0
128.43,7665,0
128.45,8430,0
128.47,8456,0
128.48,8797,0
128.50,8724,0
128.52,7914,0
128.54,8831,0
128.56,8641,0
128.58,8090,0
128.60,8883,0
128.62,8512,0
128.64,9011,0
128.66,8624,0
128.68,7694,0
128.70,8743,0
128.72,8587,0
128.74,8525,0
128.76,8681,0
128.78,8660,0
128.80,8467,0
128.82,7892,0
128.84,8202,0
128.86,7773,0
128.88,7708,0
128.90,7867,0
128.92,7766,0
128.94,7991,0
128.96,7705,0
128.98,7903,0
129.00,8334,0
129.02,7874,0
129.04,7978,0
129.06,8641,0
129.08,9020,0
129.10,7987,0
129.12,8719,0
129.14,8840,0
129.16,7853,0
129.18,8545,0
129.20,8963,0
129.22,8615,0
129.24,8825,0
129.26,8030,0
129.28,8868,0
129.30,8861,0
129.32,7816,0
129.34,8211,0
129.36,8099,0
129.38,8492,0
129.40,7918,0
129.42,7628,0
129.44,7826,0
129.46,7964,0
129.47,8244,0
129.49,8035,0
129.51,8150,0
129.53,8823,0
129.55,7888,0
129.57,7789,0
129.59,7969,0
129.61,7714,0
129.63,8489,0
129.65,7968,0
129.67,8047,0
129.69,7653,0
129.71,7963,0
129.73,8966,0
129.75,8266,0
129.77,7973,0
129.79,7873,0
129.81,8268,0
129.83,8431,0
129.85,7934,0
129.87,8176,0
129.89,8746,0
129.91,8846,0
129.93,8319,0
129.95,7895,0
129.97,8599,0
129.99,8748,0
130.01,8338,0
130.03,8594,0
130.05,7920,0
130.07,8678,0
130.09,8918,0
130.11,7751,0
130.13,8818,0
130.15,8524,0
130.17,8708,0
130.19,8936,0
130.21,8078,0
130.23,8732,0
130.25,8717,0
130.27,7839,0
130.29,8673,0
130.31,8602,0
130.33,8909,0
130.35,8788,0
130.37,7865,0
130.39,7979,0
130.41,8243,0
130.43,8550,0
130.44,7942,0
130.46,7768,0
130.48,7909,0
130.50,7735,0
130.52,7915,0
130.54,7656,0
130.56,7863,0
130.58,8096,0
130.60,7847,0
130.62,7682,0
130.64,7739,0
130.66,7830,0
130.68,9003,0
130.70,8632,0
130.72,8274,0
130.74,7732,0
130.76,8816,0
130.78,8880,0
130.80,8345,0
130.82,8970,0
130.84,8439,0
130.86,8952,0
130.88,8527,0
130.90,7778,0
130.92,8751,0
130.94,8504,0
130.96,8620,0
130.98,8599,0
131.00,7719,0
131.02,8045,0
131.04,8481,0
131.06,8521,0
131.08,7891,0
131.10,7755,0
131.12,7914,0
131.14,7915,0
131.16,8721,0
131.18,8652,0
131.20,8547,0
131.22,7913,0
131.24,8544,0
131.26,8382,0
131.28,8401,0
131.30,7668,0
131.32,7824,0
131.34,7688,0
131.36,7979,0
131.38,8763,0
131.40,7959,0
131.41,8040,0
131.43,7842,0
131.45,8273,0
131.47,8411,0
131.49,9030,0
131.51,8477,0
131.53,8446,0
131.55,7731,0
131.57,7917,0
131.59,7798,0
131.61,7734,0
131.63,9057,0
131.65,8132,0
131.67,8446,0
131.69,7807,0
131.71,8926,0
131.73,8783,0
131.75,9032,0
131.77,8380,0
131.79,8021,0
131.81,7972,0
131.83,7776,0
131.85,8261,0
131.87,7984,0
131.89,7977,0
131.91,7875,0
131.93,8656,0
131.95,7926,0
131.97,8003,0
131.99,8060,0
132.01,8710,0
132.03,7684,0
132.05,7969,0
132.07,7762,0
132.09,8440,0
132.11,8297,0
132.13,8754,0
132.15,8480,0
132.17,7914,0
132.19,7930,0
132.21,7868,0
132.23,8113,0
132.25,8002,0
132.27,8464,0
132.29,8055,0
132.31,7806,0
132.33,7745,0
132.35,8985,0
132.37,8460,0
132.39,8371,0
132.40,8033,0
132.42,7865,0
132.44,7946,0
132.46,7898,0
132.48,7910,0
132.50,8309,0
132.52,8659,0
132.54,8920,0
132.56,8485,0
132.58,7856,0
132.60,7979,0
132.62,7641,0
132.64,8159,0
132.66,8056,0
132.68,8834,0
132.70,8844,0
132.72,8674,0
132.74,7839,0
132.76,7909,0
132.78,7683,0
132.80,8656,0
132.82,7680,0
132.84,7858,0
132.86,7856,0
132.88,8159,0
132.90,8655,0
132.92,8226,0
132.94,8234,0
132.96,7785,0
132.98,8951,0
133.00,8982,0
133.02,8952,0
133.04,8711,0
133.06,7725,0
133.08,8138,0
133.10,7963,0
133.12,8929,0
133.14,7688,0
133.16,7844,0
133.18,7844,0
133.20,7799,0
133.22,9001,0
133.24,7897,0
133.26,7913,0
133.28,7796,0
133.30,8783,0
133.32,8724,0
133.34,8247,0
133.36,8746,0
133.38,8007,0
133.39,8657,0
133.41,8857,0
133.43,7824,0
133.45,7828,0
133.47,7795,0
133.49,7973,0
133.51,7719,0
133.53,8338,0
133.55,7931,0
133.57,7671,0
133.59,7787,0
133.61,8563,0
133.63,8586,0
133.65,7863,0
133.67,8186,0
133.69,8375,0
133.71,8554,0
133.73,8710,0
133.75,7778,0
133.77,8816,0
133.79,8213,0
133.81,7727,0
133.83,8009,0
133.85,8734,0
133.87,7990,0
133.89,7810,0
133.91,7944,0
133.93,8040,0
133.95,7954,0
133.97,7941,0
133.99,7718,0
134.01,8520,0
134.03,7946,0
134.05,7867,0
134.07,8563,0
134.09,7843,0
134.11,7672,0
134.13,7782,0
134.15,7608,0
134.17,8083,0
134.19,7840,0
134.21,7877,0
134.23,8571,0
134.25,7985,0
134.27,7771,0
134.29,7791,0
134.31,7874,0
134.33,8998,0
134.35,7806,0
134.36,8302,0
134.38,7729,0
134.40,8578,0
134.42,8197,0
134.44,7746,0
134.46,8327,0
134.48,8346,0
134.50,8811,0
134.52,8840,0
134.54,8013,0
134.56,7825,0
134.58,8070,0
134.60,8319,0
134.62,7806,0
134.64,8183,0
134.66,7756,0
134.68,8071,0
134.70,8221,0
134.72,8369,0
134.74,8809,0
134.76,8002,0
134.78,8810,0
134.80,7996,0
134.82,8212,0
134.84,8524,0
134.86,8718,0
134.88,7964,0
134.90,8003,0
134.92,7875,0
134.94,8759,0
134.96,7940,0
134.98,8181,0
135.00,7993,0
135.02,8715,0
135.04,7802,0
135.06,7937,0
135.08,7663,0
135.10,8990,0
135.12,7962,0
135.14,7993,0
135.16,7895,0
135.18,8799,0
135.20,7876,0
135.22,7788,0
135.24,7692,0
135.26,8535,0
135.28,8240,0
135.30,8726,0
135.32,8549,0
135.34,9003,0
135.35,7990,0
135.37,7705,0
135.39,7788,0
135.41,8535,0
135.43,8159,0
135.45,8982,0
135.47,9068,0
135.49,8014,0
135.51,8150,0
135.53,8100,0
135.55,8072,0
135.57,7793,0
135.59,8554,0
135.61,8172,0
135.63,8440,0
135.65,7843,0
135.67,8821,0
135.69,8773,0
135.71,8720,0
135.73,8233,0
135.75,7980,0
135.77,7749,0
135.79,7956,0
135.81,8430,0
135.83,8357,0
135.85,8911,0
135.87,8764,0
135.89,9046,0
135.91,7832,0
135.93,8348,0
135.95,8145,0
135.97,8723,0
135.99,7791,0
136.01,7734,0
136.03,7749,0
136.05,8220,0
136.07,8336,0
136.09,9077,0
136.11,8517,0
136.13,8003,0
136.15,7725,0
136.17,7733,0
136.19,7768,0
136.21,7950,0
136.23,8994,0
136.25,8056,0
136.27,7934,0
136.29,8125,0
136.31,8512,0
136.33,8288,0
136.34,7968,0
136.36,7858,0
136.38,8833,0
136.40,7998,0
136.42,8009,0
136.44,7980,0
136.46,8590,0
136.48,8410,0
136.50,8008,0
136.52,8796,0
136.54,8091,0
136.56,8822,0
136.58,8814,0
136.60,7992,0
136.62,8641,0
136.64,8717,0
136.66,8646,0
136.68,9008,0
136.70,7836,0
136.72,8780,0
136.74,9031,0
136.76,7814,0
136.78,8324,0
136.80,8543,0
136.82,8856,0
136.84,8310,0
136.86,7803,0
136.88,7931,0
136.90,7864,0
136.92,8697,0
136.94,7968,0
136.96,7903,0
136.98,7919,0
137.00,7875,0
137.02,8875,0
137.04,8596,0
137.06,8677,0
137.08,7657,0
137.10,8420,0
137.12,8376,0
137.14,8515,0
137.16,7786,0
137.18,7800,0
137.20,7698,0
137.22,7775,0
137.24,8496,0
137.26,7970,0
137.28,8002,0
137.30,7721,0
137.31,7706,0
137.33,8398,0
137.35,7676,0
137.37,7793,0
137.39,8448,0
137.41,7648,0
137.43,7696,0
137.45,7672,0
137.47,7784,0
137.49,8493,0
137.51,7725,0
137.53,7718,0
137.55,8244,0
137.57,8436,0
137.59,8263,0
137.61,7710,0
137.63,8051,0
137.65,8814,0
137.67,8066,0
137.69,7942,0
137.71,8130,0
137.73,8265,0
137.75,8078,0
137.77,7715,0
137.79,7836,0
137.81,8564,0
137.83,7595,0
137.85,7615,0
137.87,8003,0
137.89,7888,0
137.91,8154,0
137.93,7697,0
137.95,8758,0
137.97,8986,0
137.99,8542,0
138.01,7931,0
138.03,7967,0
138.05,8657,0
138.07,8567,0
138.09,7781,0
138.11,8746,0
138.13,8482,0
138.15,8778,0
138.17,9007,0
138.19,7968,0
138.21,8873,0
138.23,8752,0
138.25,8795,0
138.27,8328,0
138.28,7714,0
138.30,7909,0
138.32,8139,0
138.34,8501,0
138.36,7699,0
138.38,7966,0
138.40,7920,0
138.42,7926,0
138.44,8964,0
138.46,8701,0
138.48,8271,0
138.50,7753,0
138.52,8888,0
138.54,8821,0
138.56,8025,0
138.58,8761,0
138.60,8430,0
138.62,8828,0
138.64,8761,0
138.66,7787,0
138.68,8247,0
138.70,8039,0
138.72,8605,0
138.74,7771,0
138.76,7860,0
138.78,7634,0
138.80,7986,0
138.82,7959,0
138.84,8891,0
138.86,8615,0
138.88,8561,0
138.90,7886,0
138.92,7785,0
138.94,7929,0
138.96,7889,0
138.98,8905,0
139.00,7838,0
139.02,7744,0
139.04,7775,0
139.06,7955,0
139.08,8513,0
139.10,8135,0
139.12,8267,0
139.14,8135,0
139.16,8129,0
139.18,8040,0
139.20,7784,0
139.22,8005,0
139.24,8654,0
139.26,8142,0
139.27,8181,0
139.29,7823,0
139.31,8905,0
139.33,9049,0
139.35,8385,0
139.37,8616,0
139.39,7969,0
139.41,8494,0
139.43,8888,0
139.45,7785,0
139.47,8111,0
139.49,7950,0
139.51,8862,0
139.53,7996,0
139.55,7676,0
139.57,7848,0
139.59,7761,0
139.61,8556,0
139.63,7782,0
139.65,7767,0
139.67,7891,0
139.69,8420,0
139.71,8404,0
139.73,8808,0
139.75,8706,0
139.77,7903,0
139.79,7860,0
139.81,8042,0
139.83,8473,0
139.85,7929,0
139.87,8112,0
139.89,7991,0
139.91,8044,0
139.93,8670,0
139.95,8305,0
139.97,8146,0
139.99,7739,0
140.01,8710,0
140.03,8442,0
140.05,8740,0
140.07,8265,0
140.09,7930,0
140.11,7759,0
140.13,7730,0
140.15,7879,0
140.17,7797,0
140.19,8486,0
140.21,8073,0
140.23,8914,0
140.25,7803,0
140.26,8244,0
140.28,7883,0
140.30,8598,0
140.32,7813,0
140.34,7885,0
140.36,7854,0
140.38,7812,0
140.40,8178,0
140.42,8620,0
140.44,8502,0
140.46,8062,0
140.48,8684,0
140.50,7864,0
140.52,7719,0
140.54,7761,0
140.56,8805,0
140.58,8245,0
140.60,7938,0
140.62,7630,0
140.64,7969,0
140.66,8943,0
140.68,8209,0
140.70,8613,0
140.72,7807,0
140.74,8561,0
140.76,8938,0
140.78,8116,0
140.80,8545,0
140.82,8215,0
140.84,8933,0
140.86,8788,0
140.88,7844,0
140.90,8704,0
140.92,9087,0
140.94,8163,0
140.96,8774,0
140.98,8488,0
141.00,8408,0
141.02,8132,0
141.04,7988,0
141.06,8426,0
141.08,7922,0
141.10,7729,0
141.12,7847,0
141.14,7838,0
141.16,7632,0
141.18,7664,0
141.20,8528,0
141.22,7734,0
141.23,8044,0
141.25,8930,0
141.27,8389,0
141.29,8059,0
141.31,9070,0
141.33,8865,0
141.35,8059,0
141.37,8976,0
141.39,8588,0
141.41,7936,0
141.43,8372,0
141.45,8693,0
141.47,8218,0
141.49,8585,0
141.51,8052,0
141.53,8985,0
141.55,8140,0
141.57,7908,0
141.59,8275,0
141.61,8940,0
141.63,7814,0
141.65,7737,0
141.67,8754,0
141.69,7977,0
141.71,7791,0
141.73,7825,0
141.75,7923,0
141.77,8197,0
141.79,7705,0
141.81,7855,0
141.83,8482,0
141.85,8240,0
141.87,7883,0
141.89,8004,0
141.91,8254,0
141.93,8126,0
141.95,7862,0
141.97,7874,0
141.99,8701,0
142.01,7732,0
142.03,7906,0
142.05,8025,0
142.07,7876,0
142.09,8708,0
142.11,8331,0
142.13,8506,0
142.15,7994,0
142.17,8970,0
142.19,8964,0
142.21,7953,0
142.22,8744,0
142.24,8162,0
142.26,8509,0
142.28,8752,0
142.30,7668,0
142.32,8077,0
142.34,7898,0
142.36,8774,0
142.38,7789,0
142.40,7867,0
142.42,7724,0
142.44,7802,0
142.46,8796,0
142.48,7784,0
142.50,7704,0
142.52,7980,0
142.54,8343,0
142.56,8853,0
142.58,8902,0
142.60,8817,0
142.62,7736,0
142.64,8132,0
142.66,7960,0
142.68,8547,0
142.70,7939,0
142.72,7724,0
142.74,7888,0
142.76,7882,0
142.78,8731,0
142.80,8222,0
142.82,8227,0
142.84,7820,0
142.86,8708,0
142.88,8374,0
142.90,8641,0
142.92,8556,0
142.94,7584,0
142.96,7972,0
142.98,7997,0
143.00,8744,0
143.02,7910,0
143.04,7877,0
143.06,7763,0
143.08,7767,0
143.10,8992,0
143.12,7793,0
143.14,7874,0
143.16,8165,0
143.18,7919,0
143.19,8279,0
143.21,7945,0
143.23,7940,0
143.25,8327,0
143.27,8665,0
143.29,8801,0
143.31,8101,0
143.33,7999,0
143.35,7953,0
143.37,8059,0
143.39,7850,0
143.41,8345,0
143.43,7622,0
143.45,7673,0
143.47,7845,0
143.49,8131,0
143.51,8550,0
143.53,8576,0
143.55,8786,0
143.57,7775,0
143.59,7780,0
143.61,7684,0
143.63,8273,0
143.65,7558,0
143.67,7658,0
143.69,7636,0
143.71,7875,0
143.73,7986,0
143.75,8934,0
143.77,8807,0
143.79,8498,0
143.81,7924,0
143.83,7694,0
143.85,7787,0
143.87,7942,0
143.89,7877,0
143.91,8939,0
143.93,8794,0
143.95,8310,0
143.97,7914,0
143.99,7876,0
144.01,7738,0
144.03,7832,0
144.05,8822,0
144.07,8722,0
144.09,8644,0
144.11,7980,0
144.13,8165,0
144.15,7954,0
144.17,7860,0
144.18,7686,0
144.20,8935,0
144.22,8322,0
144.24,8283,0
144.26,7830,0
144.28,8701,0
144.30,8750,0
144.32,8734,0
144.34,8755,0
144.36,7688,0
144.38,7880,0
144.40,7743,0
144.42,8218,0
144.44,7675,0
144.46,8068,0
144.48,7926,0
144.50,7712,0
144.52,8049,0
144.54,8831,0
144.56,8780,0
144.58,8135,0
144.60,8164,0
144.62,7945,0
144.64,8080,0
144.66,7948,0
144.68,8571,0
144.70,7827,0
144.72,8015,0
144.74,7888,0
144.76,8900,0
144.78,8279,0
144.80,8136,0
144.82,8004,0
144.84,8329,0
144.86,7661,0
144.88,7746,0
144.90,7850,0
144.92,8904,0
144.94,8515,0
144.96,8594,0
144.98,7723,0
145.00,8155,0
145.02,7657,0
145.04,7717,0
145.06,7679,0
145.08,8768,0
145.10,8173,0
145.12,8452,0
145.14,7905,0
145.16,8331,0
145.17,7932,0
145.19,7673,0
145.21,7733,0
145.23,7649,0
145.25,8324,0
145.27,7793,0
145.29,8123,0
145.31,8358,0
145.33,8973,0
145.35,8415,0
145.37,7902,0
145.39,8987,0
145.41,8380,0
145.43,8491,0
145.45,8067,0
145.47,8087,0
145.49,7880,0
145.51,7932,0
145.53,8527,0
145.55,7842,0
145.57,7780,0
145.59,7786,0
145.61,7763,0
145.63,8406,0
145.65,7691,0
145.67,7770,0
145.69,8098,0
145.71,7781,0
145.73,7736,0
145.75,7779,0
145.77,7744,0
145.79,8827,0
145.81,7952,0
145.83,7899,0
145.85,7668,0
145.87,8985,0
145.89,8059,0
145.91,7923,0
145.93,7678,0
145.95,7761,0
145.97,7670,0
145.99,7891,0
146.01,8468,0
146.03,7984,0
146.05,8414,0
146.07,8126,0
146.09,8745,0
146.11,7821,0
146.13,8615,0
146.14,8748,0
146.16,8351,0
146.18,8505,0
146.20,8312,0
146.22,8512,0
146.24,8468,0
146.26,7761,0
146.28,8239,0
146.30,8030,0
146.32,8522,0
146.34,7742,0
146.36,7730,0
146.38,7878,0
146.40,7870,0
146.42,8335,0
146.44,8021,0
146.46,7913,0
146.48,8428,0
146.50,7715,0
146.52,7861,0
146.54,8289,0
146.56,8466,0
146.58,7773,0
146.60,8317,0
146.62,8931,0
146.64,7873,0
146.66,8696,0
146.68,8892,0
146.70,8334,0
146.72,7812,0
146.74,8761,0
146.76,8116,0
146.78,7942,0
146.80,7672,0
146.82,8484,0
146.84,8167,0
146.86,7948,0
146.88,7919,0
146.90,8622,0
146.92,7959,0
146.94,7744,0
146.96,7914,0
146.98,7861,0
147.00,7657,0
147.02,7871,0
147.04,7871,0
147.06,7921,0
147.08,8594,0
147.10,8978,0
147.11,8074,0
147.13,7913,0
147.15,7926,0
147.17,7836,0
147.19,7712,0
147.21,8279,0
147.23,7952,0
147.25,7723,0
147.27,8869,0
147.29,7746,0
147.31,7854,0
147.33,8043,0
147.35,7807,0
147.37,7907,0
147.39,7939,0
147.41,8450,0
147.43,8341,0
147.45,8257,0
147.47,7999,0
147.49,8705,0
147.51,8519,0
147.53,7940,0
147.55,8156,0
147.57,8383,0
147.59,8600,0
147.61,7804,0
147.63,7737,0
147.65,8013,0
147.67,7723,0
147.69,8017,0
147.71,7667,0
147.73,7739,0
147.75,8139,0
147.77,7946,0
147.79,7972,0
147.81,7731,0
147.83,7924,0
147.85,7780,0
147.87,7844,0
147.89,7754,0
147.91,8808,0
147.93,7785,0
147.95,7707,0
147.97,8363,0
147.99,7913,0
148.01,7666,0
148.03,7967,0
148.05,8907,0
148.07,7851,0
148.08,8755,0
148.10,8561,0
148.12,8306,0
148.14,8749,0
148.16,8382,0
148.18,8769,0
148.20,8478,0
148.22,7837,0
148.24,8750,0
148.26,9077,0
148.28,8351,0
148.30,8921,0
148.32,7977,0
148.34,8623,0
148.36,8706,0
148.38,7969,0
148.40,8610,0
148.42,8183,0
148.44,8394,0
148.46,7975,0
148.48,7732,0
148.50,7763,0
148.52,7988,0
148.54,8300,0
148.56,8199,0
148.58,8236,0
148.60,8139,0
148.62,8965,0
148.64,8058,0
148.66,8960,0
148.68,8461,0
148.70,8165,0
148.72,7973,0
148.74,7712,0
148.76,7872,0
148.78,7784,0
148.80,7876,0
148.82,7722,0
148.84,7688,0
148.86,7816,0
148.88,8660,0
148.90,8609,0
148.92,8455,0
148.94,8311,0
148.96,7874,0
148.98,7817,0
149.00,7796,0
149.02,9022,0
149.04,7963,0
149.06,7969,0
149.07,8029,0
149.09,7986,0
149.11,8875,0
149.13,8919,0
149.15,8906,0
149.17,7808,0
149.19,8624,0
149.21,8337,0
149.23,8734,0
149.25,7868,0
149.27,7803,0
149.29,7759,0
149.31,7691,0
149.33,8719,0
149.35,7736,0
149.37,7848,0
149.39,8056,0
149.41,8943,0
149.43,7754,0
149.45,8234,0
149.47,7689,0
149.49,8928,0
149.51,7886,0
149.53,8158,0
149.55,8059,0
149.57,8765,0
149.59,7730,0
149.61,7851,0
149.63,8096,0
149.65,8753,0
149.67,7856,0
149.69,7843,0
149.71,7634,0
149.73,7830,0
149.75,8846,0
149.77,8245,0
149.79,8052,0
149.81,7988,0
149.83,8307,0
149.85,8776,0
149.87,8228,0
149.89,9107,0
149.91,7859,0
149.93,8124,0
149.95,8258,0
149.97,8603,0
149.99,7782,0
150.01,7744,0
150.03,7595,0
150.05,7757,0
150.06,8693,0
150.08,8776,0
150.10,8732,0
150.12,7938,0
150.14,8232,0
150.16,8174,0
150.18,8947,0
150.20,7768,0
150.22,8010,0
150.24,7866,0
150.26,7923,0
150.28,7826,0
150.30,8800,0
150.32,8928,0
150.34,8886,0
150.36,7789,0
150.38,7782,0
150.40,7808,0
150.42,7969,0
150.44,7743,0
150.46,8761,0
150.48,8165,0
150.50,8666,0
150.52,7704,0
150.54,7908,0
150.56,7769,0
150.58,7668,0
150.60,7707,0
150.62,8822,0
150.64,8771,0
150.66,8508,0
150.68,8542,0
150.70,7785,0
150.72,7996,0
150.74,7823,0
150.76,8805,0
150.78,7748,0
150.80,8009,0
150.82,7671,0
150.84,8751,0
150.86,8132,0
150.88,8119,0
150.90,8306,0
150.92,8651,0
150.94,7587,0
150.96,7636,0
150.98,7672,0
151.00,7947,0
151.02,8843,0
151.03,8118,0
151.05,8908,0
151.07,7804,0
151.09,7983,0
151.11,7742,0
151.13,8270,0
151.15,7868,0
151.17,7900,0
151.19,7817,0
151.21,7982,0
151.23,8090,0
151.25,8934,0
151.27,8534,0
151.29,8250,0
151.31,8998,0
151.33,7873,0
151.35,8119,0
151.37,7953,0
151.39,8235,0
151.41,7934,0
151.43,7708,0
151.45,7851,0
151.47,7821,0
151.49,8072,0
151.51,7797,0
151.53,7757,0
151.55,8658,0
151.57,8736,0
151.59,8523,0
151.61,8167,0
151.63,9017,0
151.65,7986,0
151.67,8199,0
151.69,8030,0
151.71,8680,0
151.73,7822,0
151.75,7845,0
151.77,7656,0
151.79,8044,0
151.81,8684,0
151.83,8367,0
151.85,8443,0
151.87,7774,0
151.89,8785,0
151.91,8946,0
151.93,8304,0
151.95,9084,0
151.97,7982,0
151.99,8879,0
152.01,8419,0
152.02,7891,0
152.04,7755,0
152.06,8159,0
152.08,8682,0
152.10,7594,0
152.12,7614,0
152.14,7832,0
152.16,7711,0
152.18,8824,0
152.20,7729,0
152.22,7734,0
152.24,8055,0
152.26,7918,0
152.28,7769,0
152.30,7716,0
152.32,7740,0
152.34,8902,0
152.36,7871,0
152.38,7729,0
152.40,7924,0
152.42,7714,0
152.44,7920,0
152.46,7682,0
152.48,7945,0
152.50,8208,0
152.52,7689,0
152.54,8013,0
152.56,8572,0
152.58,7696,0
152.60,7641,0
152.62,7658,0
152.64,7862,0
152.66,7965,0
152.68,7858,0
152.70,8342,0
152.72,9030,0
152.74,8540,0
152.76,7979,0
152.78,8380,0
152.80,8451,0
152.82,8078,0
152.84,7872,0
152.86,7842,0
152.88,8749,0
152.90,7743,0
152.92,7884,0
152.94,7947,0
152.96,7817,0
152.98,8265,0
152.99,8010,0
153.01,8070,0
153.03,8396,0
153.05,7999,0
153.07,8076,0
153.09,7968,0
153.11,7766,0
153.13,8053,0
153.15,8824,0
153.17,8939,0
153.19,8013,0
153.21,8291,0
153.23,8193,0
153.25,8481,0
153.27,8498,0
153.29,7841,0
153.31,8007,0
153.33,8095,0
153.35,8846,0
153.37,7833,0
153.39,7851,0
153.41,8111,0
153.43,7769,0
153.45,8770,0
153.47,7963,0
153.49,7802,0
153.51,7815,0
153.53,8674,0
153.55,8878,0
153.57,8451,0
153.59,8413,0
153.61,7926,0
153.63,9032,0
153.65,8500,0
153.67,7894,0
153.69,8720,0
153.71,8095,0
153.73,8275,0
153.75,8288,0
153.77,7734,0
153.79,7688,0
153.81,7670,0
153.83,8756,0
153.85,7621,0
153.87,7945,0
153.89,7822,0
153.91,7972,0
153.93,8046,0
153.95,7839,0
153.97,7733,0
153.98,8862,0
154.00,7718,0
154.02,7761,0
154.04,8008,0
154.06,7949,0
154.08,8346,0
154.10,7794,0
154.12,7969,0
154.14,7861,0
154.16,7910,0
154.18,8071,0
154.20,7927,0
154.22,7695,0
154.24,8946,0
154.26,8223,0
154.28,8107,0
154.30,7998,0
154.32,8192,0
154.34,8964,0
154.36,8196,0
154.38,8331,0
154.40,8703,0
154.42,8661,0
154.44,8422,0
154.46,7750,0
154.48,8864,0
154.50,8775,0
154.52,8707,0
154.54,8935,0
154.56,7991,0
154.58,8190,0
154.60,8443,0
154.62,8390,0
154.64,8205,0
154.66,7891,0
154.68,7899,0
154.70,7625,0
154.72,9022,0
154.74,8325,0
154.76,7891,0
154.78,7813,0
154.80,8359,0
154.82,8791,0
154.84,8442,0
154.86,8886,0
154.88,8033,0
154.90,8416,0
154.92,8728,0
154.94,7978,0
154.96,8443,0
154.97,8273,0
154.99,8805,0
155.01,8874,0
155.03,7991,0
155.05,8681,0
155.07,8916,0
155.09,7677,0
155.11,8748,0
155.13,8901,0
155.15,8303,0
155.17,8803,0
155.19,8194,0
155.21,8876,0
155.23,8516,0
155.25,7687,0
155.27,8849,0
155.29,8573,0
155.31,8462,0
155.33,8773,0
155.35,7950,0
155.37,8532,0
155.39,8686,0
155.41,8433,0
155.43,7963,0
155.45,7794,0
155.47,8403,0
155.49,7901,0
155.51,7676,0
155.53,7696,0
155.55,7810,0
155.57,8725,0
155.59,7829,0
155.61,7944,0
155.63,7767,0
155.65,7856,0
155.67,8693,0
155.69,8330,0
155.71,7912,0
155.73,7802,0
155.75,8924,0
155.77,8787,0
155.79,7766,0
155.81,8415,0
155.83,8419,0
155.85,8766,0
155.87,8750,0
155.89,7944,0
155.91,8755,0
155.93,8658,0
155.94,8210,0
155.96,8547,0
155.98,7917,0
156.00,8810,0
156.02,8880,0
156.04,7797,0
156.06,8487,0
156.08,8484,0
156.10,9032,0
156.12,7946,0
156.14,7695,0
156.16,7685,0
156.18,7899,0
156.20,8924,0
156.22,7808,0
156.24,7677,0
156.26,7638,0
156.28,8236,0
156.30,8683,0
156.32,8663,0
156.34,8639,0
156.36,7999,0
156.38,8509,0
156.40,8994,0
156.42,8320,0
156.44,8920,0
156.46,8479,0
156.48,8635,0
156.50,8628,0
156.52,7832,0
156.54,8184,0
156.56,7963,0
156.58,7871,0
156.60,8295,0
156.62,8669,0
156.64,8152,0
156.66,8173,0
156.68,8178,0
156.70,8282,0
156.72,8510,0
156.74,7676,0
156.76,8670,0
156.78,8853,0
156.80,8253,0
156.82,8092,0
156.84,8051,0
156.86,8076,0
156.88,8022,0
156.90,7661,0
156.91,7807,0
156.93,8117,0
156.95,7826,0
156.97,7752,0
156.99,8327,0
157.01,7791,0
157.03,7874,0
157.05,8747,0
157.07,7925,0
157.09,8000,0
157.11,7904,0
157.13,7717,0
157.15,8626,0
157.17,7696,0
157.19,7711,0
157.21,7794,0
157.23,8438,0
157.25,8666,0
157.27,8269,0
157.29,8430,0
157.31,7896,0
157.33,8689,0
157.35,8748,0
157.37,8258,0
157.39,8982,0
157.41,8237,0
157.43,8768,0
157.45,8247,0
157.47,7636,0
157.49,7595,0
157.51,7846,0
157.53,8327,0
157.55,7896,0
157.57,7784,0
157.59,7816,0
157.61,7870,0
157.63,7854,0
157.65,7565,0
157.67,7929,0
157.69,8787,0
157.71,8049,0
157.73,8016,0
157.75,8688,0
157.77,8523,0
157.79,7663,0
157.81,8731,0
157.83,8570,0
157.85,7972,0
157.87,8880,0
157.88,8541,0
157.90,8877,0
157.92,8788,0
157.94,8196,0
157.96,8869,0
157.98,8095,0
158.00,7886,0
158.02,7765,0
158.04,7725,0
158.06,8013,0
158.08,7823,0
158.10,7721,0
158.12,8051,0
158.14,8871,0
158.16,7919,0
158.18,9146,0
158.20,8771,0
158.22,8477,0
158.24,8654,0
158.26,8168,0
158.28,8686,0
158.30,8245,0
158.32,8052,0
158.34,8803,0
158.36,8196,0
158.38,9022,0
158.40,8737,0
158.42,7745,0
158.44,8102,0
158.46,8402,0
158.48,8717,0
158.50,7909,0
158.52,7917,0
158.54,8440,0
158.56,8139,0
158.58,7835,0
158.60,8000,0
158.62,8070,0
158.64,8522,0
158.66,7794,0
158.68,7805,0
158.70,8338,0
158.72,8159,0
158.74,7845,0
158.76,7743,0
158.78,8012,0
158.80,8912,0
158.82,7666,0
158.84,7735,0
158.86,7711,0
158.87,7715,0
158.89,8508,0
158.91,7741,0
158.93,7742,0
158.95,7998,0
158.97,8329,0
158.99,8637,0
159.01,7644,0
159.03,8338,0
159.05,8148,0
159.07,8724,0
159.09,8666,0
159.11,7864,0
159.13,8902,0
159.15,8527,0
159.17,8818,0
159.19,8884,0
159.21,8000,0
159.23,7938,0
159.25,8345,0
159.27,8787,0
159.29,7686,0
159.31,7743,0
159.33,7945,0
159.35,7760,0
159.37,8548,0
159.39,8164,0
159.41,7883,0
159.43,7774,0
159.45,8502,0
159.47,8741,0
159.49,8263,0
159.51,8685,0
159.53,8647,0
159.55,8989,0
159.57,8636,0
159.59,7725,0
159.61,8565,0
159.63,7874,0
159.65,8073,0
159.67,7836,0
159.69,8177,0
159.71,7579,0
159.73,7829,0
159.75,7933,0
159.77,8550,0
159.79,8892,0
159.81,8247,0
159.83,9076,0
159.84,8423,0
159.86,8919,0
159.88,9014,0
159.90,7756,0
159.92,8338,0
159.94,8184,0
159.96,8774,0
159.98,7882,0
160.00,7876,0
160.02,7693,0
160.04,7769,0
160.06,8652,0
160.08,7875,0
160.10,7884,0
160.12,7652,0
160.14,8077,0
160.16,8822,0
160.18,8801,0
160.20,8644,0
160.22,7811,0
160.24,8643,0
160.26,8384,0
160.28,8931,0
160.30,7750,0
160.32,7695,0
160.34,7720,0
160.36,7696,0
160.38,8868,0
160.40,7802,0
160.42,7802,0
160.44,7955,0
160.46,7867,0
160.48,8266,0
160.50,8304,0
160.52,8206,0
160.54,7767,0
160.56,8921,0
160.58,8694,0
160.60,8730,0
160.62,8099,0
160.64,7936,0
160.66,7939,0
160.68,7984,0
160.70,8279,0
160.72,7935,0
160.74,7752,0
160.76,7988,0
160.78,7893,0
160.80,8043,0
160.82,7951,0
160.83,7905,0
160.85,7944,0
160.87,9020,0
160.89,9003,0
160.91,8374,0
160.93,8916,0
160.95,7803,0
160.97,8070,0
160.99,8019,0
161.01,8431,0
161.03,7916,0
161.05,8036,0
161.07,7952,0
161.09,8034,0
161.11,8849,0
161.13,8475,0
161.15,8814,0
161.17,7807,0
161.19,8248,0
161.21,8299,0
161.23,8651,0
161.25,7660,0
161.27,7694,0
161.29,7726,0
161.31,7777,0
161.33,8452,0
161.35,8419,0
161.37,8411,0
161.39,7943,0
161.41,8432,0
161.43,7673,0
161.45,7878,0
161.47,7678,0
161.49,8265,0
161.51,7737,0
161.53,8057,0
161.55,8293,0
161.57,7680,0
161.59,8016,0
161.61,7867,0
161.63,7662,0
161.65,8673,0
161.67,7612,0
161.69,7658,0
161.71,7710,0
161.73,8010,0
161.75,8853,0
161.77,7894,0
161.79,8093,0
161.80,8571,0
161.82,8141,0
161.84,7818,0
161.86,7619,0
161.88,8529,0
161.90,8838,0
161.92,8483,0
161.94,8545,0
161.96,7963,0
161.98,8925,0
162.00,8937,0
162.02,8008,0
162.04,8651,0
162.06,7730,0
162.08,8090,0
162.10,7787,0
162.12,7988,0
162.14,7751,0
162.16,7939,0
162.18,8450,0
162.20,7767,0
162.22,7795,0
162.24,7813,0
162.26,7802,0
162.28,8402,0
162.30,8601,0
162.32,8815,0
162.34,8305,0
162.36,8133,0
162.38,7807,0
162.40,8007,0
162.42,7660,0
162.44,8487,0
162.46,7884,0
162.48,8047,0
162.50,7897,0
162.52,8568,0
162.54,8802,0
162.56,8409,0
162.58,8217,0
162.60,7816,0
162.62,8914,0
162.64,8814,0
162.66,7770,0
162.68,8378,0
162.70,8150,0
162.72,8872,0
162.74,8705,0
162.76,7795,0
162.77,8008,0
162.79,7890,0
162.81,8783,0
162.83,7888,0
162.85,7705,0
162.87,7731,0
162.89,7662,0
162.91,8712,0
162.93,7798,0
162.95,7822,0
162.97,8045,0
162.99,8319,0
163.01,8571,0
163.03,8390,0
163.05,8624,0
163.07,7783,0
163.09,8325,0
163.11,8279,0
163.13,8913,0
163.15,7812,0
163.17,8031,0
163.19,7998,0
163.21,8009,0
163.23,9041,0
163.25,7966,0
163.27,7984,0
163.29,7723,0
163.31,8880,0
163.33,8481,0
163.35,8792,0
163.37,8723,0
163.39,7653,0
163.41,7904,0
163.43,8026,0
163.45,8835,0
163.47,7647,0
163.49,7883,0
163.51,7854,0
163.53,7743,0
163.55,8914,0
163.57,8527,0
163.59,8297,0
163.61,7986,0
163.63,8940,0
163.65,8706,0
163.67,8949,0
163.69,8932,0
163.71,7919,0
163.73,8149,0
163.75,8529,0
163.77,8251,0
163.78,8290,0
163.80,8311,0
163.82,9005,0
163.84,8724,0
163.86,7872,0
163.88,8336,0
163.90,8558,0
163.92,8588,0
163.94,7905,0
163.96,7896,0
163.98,8465,0
164.00,7922,0
164.02,7762,0
164.04,7718,0
164.06,7975,0
164.08,8639,0
164.10,7763,0
164.12,7992,0
164.14,7860,0
164.16,9000,0
164.18,7961,0
164.20,8593,0
164.22,8986,0
164.24,7997,0
164.26,8613,0
164.28,7843,0
164.30,8700,0
164.32,8214,0
164.34,7887,0
164.36,8112,0
164.38,8203,0
164.40,8734,0
164.42,8056,0
164.44,7924,0
164.46,7968,0
164.48,7699,0
164.50,8117,0
164.52,7750,0
164.54,7753,0
164.56,7680,0
164.58,8717,0
164.60,8578,0
164.62,8784,0
164.64,8464,0
164.66,7692,0
164.68,8010,0
164.70,7951,0
164.72,8873,0
164.74,7874,0
164.75,8010,0
164.77,7888,0
164.79,7781,0
164.81,8439,0
164.83,8047,0
164.85,7849,0
164.87,7995,0
164.89,8155,0
164.91,8502,0
164.93,8220,0
164.95,8508,0
164.97,7861,0
164.99,7953,0
165.01,8099,0
165.03,8706,0
165.05,7924,0
165.07,7844,0
165.09,7783,0
165.11,7952,0
165.13,8724,0
165.15,8176,0
165.17,8357,0
165.19,7947,0
165.21,8494,0
165.23,8269,0
165.25,7644,0
165.27,8190,0
165.29,9101,0
165.31,8038,0
165.33,7936,0
165.35,8174,0
165.37,8318,0
165.39,7674,0
165.41,7723,0
165.43,7866,0
165.45,8843,0
165.47,8175,0
165.49,8583,0
165.51,7872,0
165.53,9006,0
165.55,8506,0
165.57,8080,0
165.59,8769,0
165.61,8293,0
165.63,8958,0
165.65,8867,0
165.67,8034,0
165.69,8799,0
165.71,8915,0
165.73,8391,0
165.74,8887,0
165.76,7960,0
165.78,8830,0
165.80,8896,0
165.82,7950,0
165.84,8927,0
165.86,8769,0
165.88,8208,0
165.90,8936,0
165.92,8061,0
165.94,8625,0
165.96,8210,0
165.98,8109,0
166.00,8245,0
166.02,8016,0
166.04,7759,0
166.06,7975,0
166.08,8441,0
166.10,8005,0
166.12,7871,0
166.14,8981,0
166.16,8033,0
166.18,7756,0
166.20,8792,0
166.22,7842,0
166.24,8064,0
166.26,8476,0
166.28,8853,0
166.30,7714,0
166.32,8909,0
166.34,8825,0
166.36,8028,0
166.38,8048,0
166.40,8720,0
166.42,7907,0
166.44,7895,0
166.46,8558,0
166.48,8030,0
166.50,8137,0
166.52,8003,0
166.54,7946,0
166.56,8367,0
166.58,7915,0
166.60,7855,0
166.62,9032,0
166.64,8084,0
166.66,7870,0
166.68,7836,0
166.70,7906,0
166.71,8258,0
166.73,7726,0
166.75,7834,0
166.77,8615,0
166.79,8029,0
166.81,7730,0
166.83,8242,0
166.85,7910,0
166.87,7996,0
166.89,7912,0
166.91,7742,0
166.93,8723,0
166.95,7759,0
166.97,7761,0
166.99,7776,0
167.01,7744,0
167.03,7986,0
167.05,7887,0
167.07,7790,0
167.09,8173,0
167.11,7831,0
167.13,7864,0
167.15,8763,0
167.17,8005,0
167.19,7844,0
167.21,8533,0
167.23,8803,0
167.25,7894,0
167.27,8884,0
167.29,8690,0
167.31,7696,0
167.33,9070,0
167.35,8762,0
167.37,8252,0
167.39,8139,0
167.41,8584,0
167.43,7885,0
167.45,7602,0
167.47,8014,0
167.49,7626,0
167.51,7733,0
167.53,7721,0
167.55,7735,0
167.57,7753,0
167.59,8524,0
167.61,8800,0
167.63,7702,0
167.65,8334,0
167.67,8574,0
167.68,7781,0
167.70,7780,0
167.72,8395,0
167.74,7581,0
167.76,7706,0
167.78,8885,0
167.80,7892,0
167.82,7795,0
167.84,8412,0
167.86,8038,0
167.88,7960,0
167.90,8174,0
167.92,8732,0
167.94,8212,0
167.96,8749,0
167.98,8625,0
168.00,8330,0
168.02,8770,0
168.04,8780,0
168.06,8358,0
168.08,7815,0
168.10,7914,0
168.12,7699,0
168.14,7805,0
168.16,7772,0
168.18,7906,0
168.20,7835,0
168.22,7743,0
168.24,8454,0
168.26,7981,0
168.28,8920,0
168.30,8562,0
168.32,7652,0
168.34,7742,0
168.36,8396,0
168.38,7939,0
168.40,7829,0
168.42,8796,0
168.44,8006,0
168.46,8081,0
168.48,8926,0
168.50,8646,0
168.52,7785,0
168.54,8293,0
168.56,8373,0
168.58,7737,0
168.60,8713,0
168.62,8921,0
168.64,8253,0
168.65,8671,0
168.67,8145,0
168.69,8612,0
168.71,8107,0
168.73,8033,0
168.75,8449,0
168.77,8279,0
168.79,7639,0
168.81,7859,0
168.83,8691,0
168.85,7874,0
168.87,7984,0
168.89,8701,0
168.91,7939,0
168.93,7875,0
168.95,7943,0
168.97,7899,0
168.99,8038,0
169.01,7946,0
169.03,7870,0
169.05,8440,0
169.07,7977,0
169.09,8132,0
169.11,8854,0
169.13,8773,0
169.15,7732,0
169.17,8715,0
169.19,8906,0
169.21,7766,0
169.23,9013,0
169.25,7994,0
169.27,7805,0
169.29,7934,0
169.31,8317,0
169.33,7951,0
169.35,7812,0
169.37,8764,0
169.39,7688,0
169.41,7647,0
169.43,8014,0
169.45,7918,0
169.47,7932,0
169.49,8270,0
169.51,8499,0
169.53,7865,0
169.55,8702,0
169.57,8569,0
169.59,8143,0
169.61,8792,0
169.62,8608,0
169.64,8626,0
169.66,8361,0
169.68,8081,0
169.70,9143,0
169.72,8775,0
169.74,8591,0
169.76,8470,0
169.78,7982,0
169.80,8664,0
169.82,8666,0
169.84,7637,0
169.86,8965,0
169.88,8957,0
169.90,7990,0
169.92,8912,0
169.94,8556,0
169.96,8506,0
169.98,8668,0
170.00,7867,0
170.02,8843,0
170.04,8397,0
170.06,7696,0
170.08,8213,0
170.10,8788,0
170.12,7795,0
170.14,7950,0
170.16,8792,0
170.18,7993,0
170.20,7793,0
170.22,7892,0
170.24,7674,0
170.26,7953,0
170.28,7975,0
170.30,7904,0
170.32,8036,0
170.34,7888,0
170.36,7942,0
170.38,8776,0
170.40,8209,0
170.42,7986,0
170.44,8783,0
170.46,8619,0
170.48,7769,0
170.50,8041,0
170.52,8354,0
170.54,8833,0
170.56,7866,0
170.58,7837,0
170.60,7929,0
170.61,7956,0
170.63,7851,0
170.65,7884,0
170.67,7757,0
170.69,8714,0
170.71,7848,0
170.73,7725,0
170.75,7994,0
170.77,7881,0
170.79,7809,0
170.81,7618,0
170.83,7944,0
170.85,8571,0
170.87,7723,0
170.89,7904,0
170.91,8151,0
170.93,8076,0
170.95,7728,0
170.97,8434,0
170.99,8897,0
171.01,8113,0
171.03,8796,0
171.05,8799,0
171.07,8201,0
171.09,8643,0
171.11,8176,0
171.13,8809,0
171.15,8451,0
171.17,7929,0
171.19,8674,0
171.21,8728,0
171.23,8045,0
171.25,7868,0
171.27,8893,0
171.29,7935,0
171.31,7644,0
171.33,7866,0
171.35,7957,0
171.37,8001,0
171.39,7939,0
171.41,7761,0
171.43,8870,0
171.45,7633,0
171.47,7827,0
171.49,8223,0
171.51,7734,0
171.53,8162,0
171.55,7785,0
171.57,7807,0
171.58,8492,0
171.60,8165,0
171.62,7896,0
171.64,8024,0
171.66,7880,0
171.68,7916,0
171.70,7887,0
171.72,7801,0
171.74,8698,0
171.76,7922,0
171.78,8021,0
171.80,9058,0
171.82,7960,0
171.84,7837,0
171.86,8066,0
171.88,7829,0
171.90,7659,0
171.92,8089,0
171.94,8426,0
171.96,8261,0
171.98,8224,0
172.00,7873,0
172.02,8094,0
172.04,7883,0
172.06,7932,0
172.08,7890,0
172.10,7889,0
172.12,8319,0
172.14,7915,0
172.16,7755,0
172.18,7923,0
172.20,7675,0
172.22,8222,0
172.24,7762,0
172.26,7750,0
172.28,8579,0
172.30,7702,0
172.32,7707,0
172.34,8240,0
172.36,7752,0
172.38,7735,0
172.40,8012,0
172.42,8612,0
172.44,7859,0
172.46,8746,0
172.48,8638,0
172.50,8597,0
172.52,9018,0
172.54,8121,0
172.55,8787,0
172.57,8648,0
172.59,7847,0
172.61,8676,0
172.63,8398,0
172.65,7912,0
172.67,8100,0
172.69,8690,0
172.71,7929,0
172.73,7752,0
172.75,8230,0
172.77,7851,0
172.79,7715,0
172.81,7694,0
172.83,7840,0
172.85,8673,0
172.87,7793,0
172.89,7927,0
172.91,8219,0
172.93,8266,0
172.95,8148,0
172.97,7735,0
172.99,8137,0
173.01,8551,0
173.03,8555,0
173.05,8239,0
173.07,7855,0
173.09,8909,0
173.11,8428,0
173.13,7929,0
173.15,8241,0
173.17,8645,0
173.19,8915,0
173.21,8686,0
173.23,7780,0
173.25,8283,0
173.27,8058,0
173.29,8069,0
173.31,7843,0
173.33,8287,0
173.35,7849,0
173.37,8203,0
173.39,7825,0
173.41,8790,0
173.43,8494,0
173.45,8748,0
173.47,8114,0
173.49,7746,0
173.51,7679,0
173.52,7973,0
173.54,8596,0
173.56,7862,0
173.58,7800,0
173.60,8091,0
173.62,7980,0
173.64,8608,0
173.66,8004,0
173.68,7914,0
173.70,7979,0
173.72,8715,0
173.74,8851,0
173.76,8639,0
173.78,7871,0
173.80,7672,0
173.82,7690,0
173.84,7988,0
173.86,8870,0
173.88,7599,0
173.90,7658,0
173.92,7956,0
173.94,8278,0
173.96,8548,0
173.98,8754,0
174.00,8909,0
174.02,7905,0
174.04,8486,0
174.06,8055,0
174.08,8768,0
174.10,7734,0
174.12,7835,0
174.14,7745,0
174.16,7740,0
174.18,8639,0
174.20,7864,0
174.22,8062,0
174.24,7905,0
174.26,9014,0
174.28,7982,0
174.30,8291,0
174.32,8373,0
174.34,8132,0
174.36,7777,0
174.38,7674,0
174.40,7829,0
