,0
13.74,16383,0
13.76,16383,0
13.78,16383,0
13.80,16383,0
13.82,16383,0
13.84,16383,0
13.85,16383,0
13.87,16383,0
13.89,16383,0
13.91,16383,0
13.93,16383,0
13.95,16383,0
13.97,16383,0
13.99,16383,0
14.01,16383,0
14.03,16383,0
14.05,16383,0
14.07,16383,0
14.09,16383,0
14.11,16383,0
14.13,16383,0
14.15,16383,0
14.17,16383,0
14.19,16383,0
14.21,16383,0
14.23,16383,0
14.25,16383,0
14.27,16383,0
14.29,16383,0
14.31,16383,0
14.33,16383,0
14.35,16383,0
14.37,16383,0
14.39,16383,0
14.41,16383,0
14.43,16383,0
14.45,16383,0
14.47,16383,0
14.49,16383,0
14.51,16383,0
14.53,16383,0
14.55,16383,0
14.57,16383,0
14.59,16383,0
14.61,16383,0
14.63,16383,0
14.65,16383,0
14.67,16383,0
14.69,16383,0
14.70,16383,0
14.72,16383,0
14.74,16383,0
14.76,16383,0
14.78,16383,0
14.80,16383,0
14.82,16383,0
14.84,16383,0
14.86,16383,0
14.88,16383,0
14.90,16383,0
14.92,16383,0
14.94,16383,0
14.96,16383,0
14.98,16383,0
15.00,16383,0
15.02,16383,0
15.04,16383,0
15.06,16383,0
15.08,16383,0
15.10,16383,0
15.12,16383,0
15.14,16383,0
15.16,16383,0
15.18,16383,0
15.20,16383,0
15.22,16383,0
15.24,16383,0
15.26,16383,0
15.28,16383,0
15.30,16383,0
15.32,16383,0
15.34,16383,0
15.36,16383,0
15.38,16383,0
15.40,16383,0
15.42,16383,0
15.44,16383,0
15.46,16383,0
15.48,16383,0
15.50,16383,0
15.52,16383,0
15.54,16383,0
15.55,16383,0
15.57,16383,0
15.59,16383,0
15.61,16383,0
15.63,16383,0
15.65,16383,0
15.67,16383,0
15.69,16383,0
15.71,16383,0
15.73,16383,0
15.75,16383,0
15.77,16383,0
15.79,16383,0
15.81,16383,0
15.83,16383,0
15.85,16383,0
15.87,16383,0
15.89,16383,0
15.91,16383,0
15.93,16383,0
15.95,16383,0
15.97,16383,0
15.99,16383,0
16.01,16383,0
16.03,16383,0
16.05,16383,0
16.07,16383,0
16.09,16383,0
16.11,16383,0
16.13,16383,0
16.15,16383,0
16.17,16383,0
16.19,16383,0
16.21,16383,0
16.23,16383,0
16.25,16383,0
16.27,16383,0
16.29,16383,0
16.31,16383,0
16.33,16383,0
16.35,16383,0
16.37,16383,0
16.39,16383,0
16.40,16383,0
16.42,16383,0
16.44,16383,0
16.46,16383,0
16.48,16383,0
16.50,16383,0
16.52,16383,0
16.54,16383,0
16.56,16383,0
16.58,16383,0
16.60,16383,0
16.62,16383,0
16.64,16383,0
16.66,16383,0
16.68,16383,0
16.70,16383,0
16.72,16383,0
16.74,16383,0
16.76,16383,0
16.78,16383,0
16.80,16383,0
16.82,16383,0
16.84,16383,0
16.86,16383,0
16.88,16383,0
16.90,16383,0
16.92,16383,0
16.94,16383,0
16.96,16383,0
16.98,16383,0
17.00,16383,0
17.02,16383,0
17.04,16383,0
17.06,16383,0
17.08,16383,0
17.10,16383,0
17.12,16383,0
17.14,16383,0
17.16,16383,0
17.18,16383,0
17.20,16383,0
17.22,16383,0
17.24,16383,0
17.25,16383,0
17.27,16383,0
17.29,16383,0
17.31,16383,0
17.33,16383,0
17.35,16383,0
17.37,16383,0
17.39,16383,0
17.41,16383,0
17.43,16383,0
17.45,16383,0
17.47,16383,0
17.49,16383,0
17.51,16383,0
17.53,16383,0
17.55,16383,0
17.57,16383,0
17.59,16383,0
17.61,16383,0
17.63,16383,0
17.65,16383,0
17.67,16383,0
17.69,16383,0
17.71,16383,0
17.73,16383,0
17.75,16383,0
17.77,16383,0
17.79,16383,0
17.81,16383,0
17.83,16383,0
17.85,16383,0
17.87,16383,0
17.89,16383,0
17.91,16383,0
17.93,16383,0
17.95,16383,0
17.97,16383,0
17.99,16383,0
18.01,16383,0
18.03,16383,0
18.05,16383,0
18.07,16383,0
18.09,16383,0
18.10,16383,0
18.12,16383,0
18.14,16383,0
18.16,16383,0
18.18,16383,0
18.20,16383,0
18.22,16383,0
18.24,16383,0
18.26,16383,0
18.28,16383,0
18.30,16383,0
18.32,16383,0
18.34,16383,0
18.36,16383,0
18.38,16383,0
18.40,16383,0
18.42,16383,0
18.44,16383,0
18.46,16383,0
18.48,16383,0
18.50,16383,0
18.52,16383,0
18.54,16383,0
18.56,16383,0
18.58,16383,0
18.60,16383,0
18.62,16383,0
18.64,16383,0
18.66,16383,0
18.68,16383,0
18.70,16383,0
18.72,16383,0
18.74,16383,0
18.76,16383,0
18.78,16383,0
18.80,16383,0
18.82,16383,0
18.84,16383,0
18.86,16383,0
18.88,16383,0
18.90,16383,0
18.92,16383,0
18.94,16383,0
18.95,16383,0
18.97,16383,0
18.99,16383,0
19.01,16383,0
19.03,16383,0
19.05,16383,0
19.07,16383,0
19.09,16383,0
19.11,16383,0
19.13,16383,0
19.15,16383,0
19.17,16383,0
19.19,16383,0
19.21,16383,0
19.23,16383,0
19.25,16383,0
19.27,16383,0
19.29,16383,0
19.31,16383,0
19.33,16383,0
19.35,16383,0
19.37,16383,0
19.39,16383,0
19.41,16383,0
19.43,16383,0
19.45,16383,0
19.47,16383,0
19.49,16383,0
19.51,16383,0
19.53,16383,0
19.55,16383,0
19.57,16383,0
19.59,16383,0
19.61,16383,0
19.63,16383,0
19.65,16383,0
19.67,16383,0
19.69,16383,0
19.71,16383,0
19.73,16383,0
19.75,16383,0
19.77,16383,0
19.79,16383,0
19.81,16383,0
19.82,16383,0
19.84,16383,0
19.86,16383,0
19.88,16383,0
19.90,16383,0
19.92,16383,0
19.94,16383,0
19.96,16383,0
19.98,16383,0
20.00,16383,0
20.02,16383,0
20.04,16383,0
20.06,16383,0
20.08,16383,0
20.10,16383,0
20.12,16383,0
20.14,16383,0
20.16,16383,0
20.18,16383,0
20.20,16383,0
20.22,16383,0
20.24,16383,0
20.26,16383,0
20.28,16383,0
20.30,16383,0
20.32,16383,0
20.34,16383,0
20.36,16383,0
20.38,16383,0
20.40,16383,0
20.42,16383,0
20.44,16383,0
20.46,16383,0
20.48,16383,0
20.50,16383,0
20.52,16383,0
20.54,16383,0
20.56,16383,0
20.58,16383,0
20.60,16383,0
20.62,16383,0
20.64,16383,0
20.65,16383,0
20.67,16383,0
20.69,16383,0
20.71,16383,0
20.73,16383,0
20.75,16383,0
20.77,16383,0
20.79,16383,0
20.81,16383,0
20.83,16383,0
20.85,16383,0
20.87,16383,0
20.89,16383,0
20.91,16383,0
20.93,16383,0
20.95,16383,0
20.97,16383,0
20.99,16383,0
21.01,16383,0
21.03,16383,0
21.05,16383,0
21.07,16383,0
21.09,16383,0
21.11,16383,0
21.13,16383,0
21.15,16383,0
21.17,16383,0
21.19,16383,0
21.21,16383,0
21.23,16383,0
21.25,16383,0
21.27,16383,0
21.29,16383,0
21.31,16383,0
21.33,16383,0
21.35,16383,0
21.37,16383,0
21.39,16383,0
21.41,16383,0
21.43,16383,0
21.45,16383,0
21.47,16383,0
21.49,16383,0
21.50,16383,0
21.52,16383,0
21.54,16383,0
21.56,16383,0
21.58,16383,0
21.60,16383,0
21.62,16383,0
21.64,16383,0
21.66,16383,0
21.68,16383,0
21.70,16383,0
21.72,16383,0
21.74,16383,0
21.76,16383,0
21.78,16383,0
21.80,16383,0
21.82,16383,0
21.84,16383,0
21.86,16383,0
21.88,16383,0
21.90,16383,0
21.92,16383,0
21.94,16383,0
21.96,16383,0
21.98,16383,0
22.00,16383,0
22.02,16383,0
22.04,16383,0
22.06,16383,0
22.08,16383,0
22.10,16383,0
22.12,16383,0
22.14,16383,0
22.16,16383,0
22.18,16383,0
22.20,16383,0
22.22,16383,0
22.24,16383,0
22.26,16383,0
22.28,16383,0
22.30,16383,0
22.32,16383,0
22.34,16383,0
22.36,16383,0
22.37,16383,0
22.39,16383,0
22.41,16383,0
22.43,16383,0
22.45,16383,0
22.47,16383,0
22.49,16383,0
22.51,16383,0
22.53,16383,0
22.55,16383,0
22.57,16383,0
22.59,16383,0
22.61,16383,0
22.63,16383,0
22.65,16383,0
22.67,16383,0
22.69,16383,0
22.71,16383,0
22.73,16383,0
22.75,16383,0
22.77,16383,0
22.79,16383,0
22.81,16383,0
22.83,16383,0
22.85,16383,0
22.87,16383,0
22.89,16383,0
22.91,16383,0
22.93,16383,0
22.95,16383,0
22.97,16383,0
22.99,16383,0
23.01,16383,0
23.03,16383,0
23.05,16383,0
23.07,16383,0
23.09,16383,0
23.11,16383,0
23.13,16383,0
23.15,16383,0
23.17,16383,0
23.19,16383,0
23.21,16383,0
23.22,16383,0
23.24,16383,0
23.26,16383,0
23.28,16383,0
23.30,16383,0
23.32,16383,0
23.34,16383,0
23.36,16383,0
23.38,16383,0
23.40,16383,0
23.42,16383,0
23.44,16383,0
23.46,16383,0
23.48,16383,0
23.50,16383,0
23.52,16383,0
23.54,16383,0
23.56,16383,0
23.58,16383,0
23.60,16383,0
23.62,16383,0
23.64,16383,0
23.66,16383,0
23.68,16383,0
23.70,16383,0
23.72,16383,0
23.74,16383,0
23.76,16383,0
23.78,16383,0
23.80,16383,0
23.82,16383,0
23.84,16383,0
23.86,16383,0
23.88,16383,0
23.90,16383,0
23.92,16383,0
23.94,16383,0
23.96,16383,0
23.98,16383,0
24.00,16383,0
24.02,16383,0
24.04,16383,0
24.06,16383,0
24.07,16383,0
24.09,16383,0
24.11,16383,0
24.13,16383,0
24.15,16383,0
24.17,16383,0
24.19,16383,0
24.21,16383,0
24.23,16383,0
24.25,16383,0
24.27,16383,0
24.29,16383,0
24.31,16383,0
24.33,16383,0
24.35,16383,0
24.37,16383,0
24.39,16383,0
24.41,16383,0
24.43,16383,0
24.45,16383,0
24.47,16383,0
24.49,16383,0
24.51,16383,0
24.53,16383,0
24.55,16383,0
24.57,16383,0
24.59,16383,0
24.61,16383,0
24.63,16383,0
24.65,16383,0
24.67,16383,0
24.69,16383,0
24.71,16383,0
24.73,16383,0
24.75,16383,0
24.77,16383,0
24.79,16383,0
24.81,16383,0
24.83,16383,0
24.85,16383,0
24.87,16383,0
24.89,16383,0
24.91,16383,0
24.92,16383,0
24.94,16383,0
24.96,16383,0
24.98,16383,0
25.00,16383,0
25.02,16383,0
25.04,16383,0
25.06,16383,0
25.08,16383,0
25.10,16383,0
25.12,16383,0
25.14,16383,0
25.16,16383,0
25.18,16383,0
25.20,16383,0
25.22,16383,0
25.24,16383,0
25.26,16383,0
25.28,16383,0
25.30,16383,0
25.32,16383,0
25.34,16383,0
25.36,16383,0
25.38,16383,0
25.40,16383,0
25.42,16383,0
25.44,16383,0
25.46,16383,0
25.48,16383,0
25.50,16383,0
25.52,16383,0
25.54,16383,0
25.56,16383,0
25.58,16383,0
25.60,16383,0
25.62,16383,0
25.64,16383,0
25.66,16383,0
25.68,16383,0
25.70,16383,0
25.72,16383,0
25.74,16383,0
25.76,16383,0
25.77,16383,0
25.79,16383,0
25.81,16383,0
25.83,16383,0
25.85,16383,0
25.87,16383,0
25.89,16383,0
25.91,16383,0
25.93,16383,0
25.95,16383,0
25.97,16383,0
25.99,16383,0
26.01,16383,0
26.03,16383,0
26.05,16383,0
26.07,16383,0
26.09,16383,0
26.11,16383,0
26.13,16383,0
26.15,16383,0
26.17,16383,0
26.19,16383,0
26.21,16383,0
26.23,16383,0
26.25,16383,0
26.27,16383,0
26.29,16383,0
26.31,16383,0
26.33,16383,0
26.35,16383,0
26.37,16383,0
26.39,16383,0
26.41,16383,0
26.43,16383,0
26.45,16383,0
26.47,16383,0
26.49,16383,0
26.51,16383,0
26.53,16383,0
26.55,16383,0
26.57,16383,0
26.59,16383,0
26.61,16383,0
26.62,16383,0
26.64,16383,0
26.66,16383,0
26.68,16383,0
26.70,16383,0
26.72,16383,0
26.74,16383,0
26.76,16383,0
26.78,16383,0
26.80,16383,0
26.82,16383,0
26.84,16383,0
26.86,16383,0
26.88,16383,0
26.90,16383,0
26.92,16383,0
26.94,16383,0
26.96,16383,0
26.98,16383,0
27.00,16383,0
27.02,16383,0
27.04,16383,0
27.06,16383,0
27.08,16383,0
27.10,16383,0
27.12,16383,0
27.14,16383,0
27.16,16383,0
27.18,16383,0
27.20,16383,0
27.22,16383,0
27.24,16383,0
27.26,16383,0
27.28,16383,0
27.30,16383,0
27.32,16383,0
27.34,16383,0
27.36,16383,0
27.38,16383,0
27.40,16383,0
27.42,16383,0
27.44,16383,0
27.46,16383,0
27.47,16383,0
27.49,16383,0
27.51,16383,0
27.53,16383,0
27.55,16383,0
27.57,16383,0
27.59,16383,0
27.61,16383,0
27.63,16383,0
27.65,16383,0
27.67,16383,0
27.69,16383,0
27.71,16383,0
27.73,16383,0
27.75,16383,0
27.77,16383,0
27.79,16383,0
27.81,16383,0
27.83,16383,0
27.85,16383,0
27.87,16383,0
27.89,16383,0
27.91,16383,0
27.93,16383,0
27.95,16383,0
27.97,16383,0
27.99,16383,0
28.01,16383,0
28.03,16383,0
28.05,16383,0
28.07,16383,0
28.09,16383,0
28.11,16383,0
28.13,16383,0
28.15,16383,0
28.17,16383,0
28.19,16383,0
28.21,16383,0
28.23,16383,0
28.25,16383,0
28.27,16383,0
28.29,16383,0
28.31,16383,0
28.32,16383,0
28.34,16383,0
28.36,16383,0
28.38,16383,0
28.40,16383,0
28.42,16383,0
28.44,16383,0
28.46,16383,0
28.48,16383,0
28.50,16383,0
28.52,16383,0
28.54,16383,0
28.56,16383,0
28.58,16383,0
28.60,16383,0
28.62,16383,0
28.64,16383,0
28.66,16383,0
28.68,16383,0
28.70,16383,0
28.72,16383,0
28.74,16383,0
28.76,16383,0
28.78,16383,0
28.80,16383,0
28.82,16383,0
28.84,16383,0
28.86,16383,0
28.88,16383,0
28.90,16383,0
28.92,16383,0
28.94,16383,0
28.96,16383,0
28.98,16383,0
29.00,16383,0
29.02,16383,0
29.04,16383,0
29.06,16383,0
29.08,16383,0
29.10,16383,0
29.12,16383,0
29.14,16383,0
29.16,16383,0
29.17,16383,0
29.19,16383,0
29.21,16383,0
29.23,16383,0
29.25,16383,0
29.27,16383,0
29.29,16383,0
29.31,16383,0
29.33,16383,0
29.35,16383,0
29.37,16383,0
29.39,16383,0
29.41,16383,0
29.43,16383,0
29.45,16383,0
29.47,16383,0
29.49,16383,0
29.51,16383,0
29.53,16383,0
29.55,16383,0
29.57,16383,0
29.59,16383,0
29.61,16383,0
29.63,16383,0
29.65,16383,0
29.67,16383,0
29.69,16383,0
29.71,16383,0
29.73,16383,0
29.75,16383,0
29.77,16383,0
29.79,16383,0
29.81,16383,0
29.83,16383,0
29.85,16383,0
29.87,16383,0
29.89,16383,0
29.91,16383,0
29.93,16383,0
29.95,16383,0
29.97,16383,0
29.99,16383,0
30.01,16383,0
30.02,16383,0
30.04,16383,0
30.06,16383,0
30.08,16383,0
30.10,16383,0
30.12,16383,0
30.14,16383,0
30.16,16383,0
30.18,16383,0
30.20,16383,0
30.22,16383,0
30.24,16383,0
30.26,16383,0
30.28,16383,0
30.30,16383,0
30.32,16383,0
30.34,16383,0
30.36,16383,0
30.38,16383,0
30.40,16383,0
30.42,16383,0
30.44,16383,0
30.46,16383,0
30.48,16383,0
30.50,16383,0
30.52,16383,0
30.54,16383,0
30.56,16383,0
30.58,16383,0
30.60,16383,0
30.62,16383,0
30.64,16383,0
30.66,16383,0
30.68,16383,0
30.70,16383,0
30.72,16383,0
30.74,16383,0
30.76,16383,0
30.78,16383,0
30.80,16383,0
30.82,16383,0
30.84,16383,0
30.86,16383,0
30.87,16383,0
30.89,16383,0
30.91,16383,0
30.93,16383,0
30.95,16383,0
30.97,16383,0
30.99,16383,0
31.01,16383,0
31.03,16383,0
31.05,16383,0
31.07,16383,0
31.09,16383,0
31.11,16383,0
31.13,16383,0
31.15,16383,0
31.17,16383,0
31.19,16383,0
31.21,16383,0
31.23,16383,0
31.25,16383,0
31.27,16383,0
31.29,16383,0
31.31,16383,0
31.33,16383,0
31.35,16383,0
31.37,16383,0
31.39,16383,0
31.41,16383,0
31.43,16383,0
31.45,16383,0
31.47,16383,0
31.49,16383,0
31.51,16383,0
31.53,16383,0
31.55,16383,0
31.57,16383,0
31.59,16383,0
31.61,16383,0
31.63,16383,0
31.65,16383,0
31.67,16383,0
31.69,16383,0
31.71,16383,0
31.72,16383,0
31.74,16383,0
31.76,16383,0
31.78,16383,0
31.80,16383,0
31.82,16383,0
31.84,16383,0
31.86,16383,0
31.88,16383,0
31.90,16383,0
31.92,16383,0
31.94,16383,0
31.96,16383,0
31.98,16383,0
32.00,16383,0
32.02,16383,0
32.04,16383,0
32.06,16383,0
32.08,16383,0
32.10,16383,0
32.12,16383,0
32.14,16383,0
32.16,16383,0
32.18,16383,0
32.20,16383,0
32.22,16383,0
32.24,16383,0
32.26,16383,0
32.28,16383,0
32.30,16383,0
32.32,16383,0
32.34,16383,0
32.36,16383,0
32.38,16383,0
32.40,16383,0
32.42,16383,0
32.44,16383,0
32.46,16383,0
32.48,16383,0
32.50,16383,0
32.52,16383,0
32.54,16383,0
32.56,16383,0
32.57,16383,0
32.59,16383,0
32.61,16383,0
32.63,16383,0
32.65,16383,0
32.67,16383,0
32.69,16383,0
32.71,16383,0
32.73,16383,0
32.75,16383,0
32.77,16383,0
32.79,16383,0
32.81,16383,0
32.83,16383,0
32.85,16383,0
32.87,16383,0
32.89,16383,0
32.91,16383,0
32.93,16383,0
32.95,16383,0
32.97,16383,0
32.99,16383,0
33.01,16383,0
33.03,16383,0
33.05,16383,0
33.07,16383,0
33.09,16383,0
33.11,16383,0
33.13,16383,0
33.15,16383,0
33.17,16383,0
33.19,16383,0
33.21,16383,0
33.23,16383,0
33.25,16383,0
33.27,16383,0
33.29,16383,0
33.31,16383,0
33.33,16383,0
33.35,16383,0
33.37,16383,0
33.39,16383,0
33.41,16383,0
33.42,16383,0
33.44,16383,0
33.46,16383,0
33.48,16383,0
33.50,16383,0
33.52,16383,0
33.54,16383,0
33.56,16383,0
33.58,16383,0
33.60,16383,0
33.62,16383,0
33.64,16383,0
33.66,16383,0
33.68,16383,0
33.70,16383,0
33.72,16383,0
33.74,16383,0
33.76,16383,0
33.78,16383,0
33.80,16383,0
33.82,16383,0
33.84,16383,0
33.86,16383,0
33.88,16383,0
33.90,16383,0
33.92,16383,0
33.94,16383,0
33.96,16383,0
33.98,16383,0
34.00,16383,0
34.02,16383,0
34.04,16383,0
34.06,16383,0
34.08,16383,0
34.10,16383,0
34.12,16383,0
34.14,16383,0
34.16,16383,0
34.18,16383,0
34.20,16383,0
34.22,16383,0
34.24,16383,0
34.26,16383,0
34.27,16383,0
34.29,16383,0
34.31,16383,0
34.33,16383,0
34.35,16383,0
34.37,16383,0
34.39,16383,0
34.41,16383,0
34.43,16383,0
34.45,16383,0
34.47,16383,0
34.49,16383,0
34.51,16383,0
34.53,16383,0
34.55,16383,0
34.57,16383,0
34.59,16383,0
34.61,16383,0
34.63,16383,0
34.65,16383,0
34.67,16383,0
34.69,16383,0
34.71,16383,0
34.73,16383,0
34.75,16383,0
34.77,16383,0
34.79,16383,0
34.81,16383,0
34.83,16383,0
34.85,16383,0
34.87,16383,0
34.89,16383,0
34.91,16383,0
34.93,16383,0
34.95,16383,0
34.97,16383,0
34.99,16383,0
35.01,16383,0
35.03,16383,0
35.05,16383,0
35.07,16383,0
35.09,16383,0
35.11,16383,0
35.12,16383,0
35.14,16383,0
35.16,16383,0
35.18,16383,0
35.20,16383,0
35.22,16383,0
35.24,16383,0
35.26,16383,0
35.28,16383,0
35.30,16383,0
35.32,16383,0
35.34,16383,0
35.36,16383,0
35.38,16383,0
35.40,16383,0
35.42,16383,0
35.44,16383,0
35.46,16383,0
35.48,16383,0
35.50,16383,0
35.52,16383,0
35.54,16383,0
35.56,16383,0
35.58,16383,0
35.60,16383,0
35.62,16383,0
35.64,16383,0
35.66,16383,0
35.68,16383,0
35.70,16383,0
35.72,16383,0
35.74,16383,0
35.76,16383,0
35.78,16383,0
35.80,16383,0
35.82,16383,0
35.84,16383,0
35.86,16383,0
35.88,16383,0
35.90,16383,0
35.92,16383,0
35.94,16383,0
35.96,16383,0
35.97,16383,0
35.99,16383,0
36.01,16383,0
36.03,16383,0
36.05,16383,0
36.07,16383,0
36.09,16383,0
36.11,16383,0
36.13,16383,0
36.15,16383,0
36.17,16383,0
36.19,16383,0
36.21,16383,0
36.23,16383,0
36.25,16383,0
36.27,16383,0
36.29,16383,0
36.31,16383,0
36.33,16383,0
36.35,16383,0
36.37,16383,0
36.39,16383,0
36.41,16383,0
36.43,16383,0
36.45,16383,0
36.47,16383,0
36.49,16383,0
36.51,16383,0
36.53,16383,0
36.55,16383,0
36.57,16383,0
36.59,16383,0
36.61,16383,0
36.63,16383,0
36.65,16383,0
36.67,16383,0
36.69,16383,0
36.71,16383,0
36.73,16383,0
36.75,16383,0
36.77,16383,0
36.79,16383,0
36.81,16383,0
36.82,16383,0
36.84,16383,0
36.86,16383,0
36.88,16383,0
36.90,16383,0
36.92,16383,0
36.94,16383,0
36.96,16383,0
36.98,16383,0
37.00,16383,0
37.02,16383,0
37.04,16383,0
37.06,16383,0
37.08,16383,0
37.10,16383,0
37.12,16383,0
37.14,16383,0
37.16,16383,0
37.18,16383,0
37.20,16383,0
37.22,16383,0
37.24,16383,0
37.26,16383,0
37.28,16383,0
37.30,16383,0
37.32,16383,0
37.34,16383,0
37.36,16383,0
37.38,16383,0
37.40,16383,0
37.42,16383,0
37.44,16383,0
37.46,16383,0
37.48,16383,0
37.50,16383,0
37.52,16383,0
37.54,16383,0
37.56,16383,0
37.58,16383,0
37.60,16383,0
37.62,16383,0
37.64,16383,0
37.66,16383,0
37.67,16383,0
37.69,16383,0
37.71,16383,0
37.73,16383,0
37.75,16383,0
37.77,16383,0
37.79,16383,0
37.81,16383,0
37.83,16383,0
37.85,16383,0
37.87,16383,0
37.89,16383,0
37.91,16383,0
37.93,16383,0
37.95,16383,0
37.97,16383,0
37.99,16383,0
38.01,16383,0
38.03,16383,0
38.05,16383,0
38.07,16383,0
38.09,16383,0
38.11,16383,0
38.13,16383,0
38.15,16383,0
38.17,16383,0
38.19,16383,0
38.21,16383,0
38.23,16383,0
38.25,16383,0
38.27,16383,0
38.29,16383,0
38.31,16383,0
38.33,16383,0
38.35,16383,0
38.37,16383,0
38.39,16383,0
38.41,16383,0
38.43,16383,0
38.45,16383,0
38.47,16383,0
38.49,16383,0
38.51,16383,0
38.52,16383,0
38.54,16383,0
38.56,16383,0
38.58,16383,0
38.60,16383,0
38.62,16383,0
38.64,16383,0
38.66,16383,0
38.68,16383,0
38.70,16383,0
38.72,16383,0
38.74,16383,0
38.76,16383,0
38.78,16383,0
38.80,16383,0
38.82,16383,0
38.84,16383,0
38.86,16383,0
38.88,16383,0
38.90,16383,0
38.92,16383,0
38.94,16383,0
38.96,16383,0
38.98,16383,0
39.00,16383,0
39.02,16383,0
39.04,16383,0
39.06,16383,0
39.08,16383,0
39.10,16383,0
39.12,16383,0
39.14,16383,0
39.16,16383,0
39.18,16383,0
39.20,16383,0
39.22,16383,0
39.24,16383,0
39.26,16383,0
39.28,16383,0
39.30,16383,0
39.32,16383,0
39.34,16383,0
39.36,16383,0
39.38,16383,0
39.39,16383,0
39.41,16383,0
39.43,16383,0
39.45,16383,0
39.47,16383,0
39.49,16383,0
39.51,16383,0
39.53,16383,0
39.55,16383,0
39.57,16383,0
39.59,16383,0
39.61,16383,0
39.63,16383,0
39.65,16383,0
39.67,16383,0
39.69,16383,0
39.71,16383,0
39.73,16383,0
39.75,16383,0
39.77,16383,0
39.79,16383,0
39.81,16383,0
39.83,16383,0
39.85,16383,0
39.87,16383,0
39.89,16383,0
39.91,16383,0
39.93,16383,0
39.95,16383,0
39.97,16383,0
39.99,16383,0
40.01,16383,0
40.03,16383,0
40.05,16383,0
40.07,16383,0
40.09,16383,0
40.11,16383,0
40.13,16383,0
40.15,16383,0
40.17,16383,0
40.19,16383,0
40.21,16383,0
40.23,16383,0
40.24,16383,0
40.26,16383,0
40.28,16383,0
40.30,16383,0
40.32,16383,0
40.34,16383,0
40.36,16383,0
40.38,16383,0
40.40,16383,0
40.42,16383,0
40.44,16383,0
40.46,16383,0
40.48,16383,0
40.50,16383,0
40.52,16383,0
40.54,16383,0
40.56,16383,0
40.58,16383,0
40.60,16383,0
40.62,16383,0
40.64,16383,0
40.66,16383,0
40.68,16383,0
40.70,16383,0
40.72,16383,0
40.74,16383,0
40.76,16383,0
40.78,16383,0
40.80,16383,0
40.82,16383,0
40.84,16383,0
40.86,16383,0
40.88,16383,0
40.90,16383,0
40.92,16383,0
40.94,16383,0
40.96,16383,0
40.98,16383,0
41.00,16383,0
41.02,16383,0
41.04,16383,0
41.06,16383,0
41.07,16383,0
41.09,16383,0
41.11,16383,0
41.13,16383,0
41.15,16383,0
41.17,16383,0
41.19,16383,0
41.21,16383,0
41.23,16383,0
41.25,16383,0
41.27,16383,0
41.29,16383,0
41.31,16383,0
41.33,16383,0
41.35,16383,0
41.37,16383,0
41.39,16383,0
41.41,16383,0
41.43,16383,0
41.45,16383,0
41.47,16383,0
41.49,16383,0
41.51,16383,0
41.53,16383,0
41.55,16383,0
41.57,16383,0
41.59,16383,0
41.61,16383,0
41.63,16383,0
41.65,16383,0
41.67,16383,0
41.69,16383,0
41.71,16383,0
41.73,16383,0
41.75,16383,0
41.77,16383,0
41.79,16383,0
41.81,16383,0
41.83,16383,0
41.85,16383,0
41.87,16383,0
41.89,16383,0
41.91,16383,0
41.93,16383,0
41.94,16383,0
41.96,16383,0
41.98,16383,0
42.00,16383,0
42.02,16383,0
42.04,16383,0
42.06,16383,0
42.08,16383,0
42.10,16383,0
42.12,16383,0
42.14,16383,0
42.16,16383,0
42.18,16383,0
42.20,16383,0
42.22,16383,0
42.24,16383,0
42.26,16383,0
42.28,16383,0
42.30,16383,0
42.32,16383,0
42.34,16383,0
42.36,16383,0
42.38,16383,0
42.40,16383,0
42.42,16383,0
42.44,16383,0
42.46,16383,0
42.48,16383,0
42.50,16383,0
42.52,16383,0
42.54,16383,0
42.56,16383,0
42.58,16383,0
42.60,16383,0
42.62,16383,0
42.64,16383,0
42.66,16383,0
42.68,16383,0
42.70,16383,0
42.72,16383,0
42.74,16383,0
42.76,16383,0
42.77,16383,0
42.79,16383,0
42.81,16383,0
42.83,16383,0
42.85,16383,0
42.87,16383,0
42.89,16383,0
42.91,16383,0
42.93,16383,0
42.95,16383,0
42.97,16383,0
42.99,16383,0
43.01,16383,0
43.03,16383,0
43.05,16383,0
43.07,16383,0
43.09,16383,0
43.11,16383,0
43.13,16383,0
43.15,16383,0
43.17,16383,0
43.19,16383,0
43.21,16383,0
43.23,16383,0
43.25,16383,0
43.27,16383,0
43.29,16383,0
43.31,16383,0
43.33,16383,0
43.35,16383,0
43.37,16383,0
43.39,16383,0
43.41,16383,0
43.43,16383,0
43.45,16383,0
43.47,16383,0
43.49,16383,0
43.51,16383,0
43.53,16383,0
43.55,16383,0
43.57,16383,0
43.59,16383,0
43.61,16383,0
43.62,16383,0
43.64,16383,0
43.66,16383,0
43.68,16383,0
43.70,16383,0
43.72,16383,0
43.74,16383,0
43.76,16383,0
43.78,16383,0
43.80,16383,0
43.82,16383,0
43.84,16383,0
43.86,16383,0
43.88,16383,0
43.90,16383,0
43.92,16383,0
43.94,16383,0
43.96,16383,0
43.98,16383,0
44.00,16383,0
44.02,16383,0
44.04,16383,0
44.06,16383,0
44.08,16383,0
44.10,16383,0
44.12,16383,0
44.14,16383,0
44.16,16383,0
44.18,16383,0
44.20,16383,0
44.22,16383,0
44.24,16383,0
44.26,16383,0
44.28,16383,0
44.30,16383,0
44.32,16383,0
44.34,16383,0
44.36,16383,0
44.38,16383,0
44.40,16383,0
44.42,16383,0
44.44,16383,0
44.46,16383,0
44.47,16383,0
44.49,16383,0
44.51,16383,0
44.53,16383,0
44.55,16383,0
44.57,16383,0
44.59,16383,0
44.61,16383,0
44.63,16383,0
44.65,16383,0
44.67,16383,0
44.69,16383,0
44.71,16383,0
44.73,16383,0
44.75,16383,0
44.77,16383,0
44.79,16383,0
44.81,16383,0
44.83,16383,0
44.85,16383,0
44.87,16383,0
44.89,16383,0
44.91,16383,0
44.93,16383,0
44.95,16383,0
44.97,16383,0
44.99,16383,0
45.01,16383,0
45.03,16383,0
45.05,16383,0
45.07,16383,0
45.09,16383,0
45.11,16383,0
45.13,16383,0
45.15,16383,0
45.17,16383,0
45.19,16383,0
45.21,16383,0
45.23,16383,0
45.25,16383,0
45.27,16383,0
45.29,16383,0
45.31,16383,0
45.32,16383,0
45.34,16383,0
45.36,16383,0
45.38,16383,0
45.40,16383,0
45.42,16383,0
45.44,16383,0
45.46,16383,0
45.48,16383,0
45.50,16383,0
45.52,16383,0
45.54,16383,0
45.56,16383,0
45.58,16383,0
45.60,16383,0
45.62,16383,0
45.64,16383,0
45.66,16383,0
45.68,16383,0
45.70,16383,0
45.72,16383,0
45.74,16383,0
45.76,16383,0
45.78,16383,0
45.80,16383,0
45.82,16383,0
45.84,16383,0
45.86,16383,0
45.88,16383,0
45.90,16383,0
45.92,16383,0
45.94,16383,0
45.96,16383,0
45.98,16383,0
46.00,16383,0
46.02,16383,0
46.04,16383,0
46.06,16383,0
46.08,16383,0
46.10,16383,0
46.12,16383,0
46.14,16383,0
46.16,16383,0
46.17,16383,0
46.19,16383,0
46.21,16383,0
46.23,16383,0
46.25,16383,0
46.27,16383,0
46.29,16383,0
46.31,16383,0
46.33,16383,0
46.35,16383,0
46.37,16383,0
46.39,16383,0
46.41,16383,0
46.43,16383,0
46.45,16383,0
46.47,16383,0
46.49,16383,0
46.51,16383,0
46.53,16383,0
46.55,16383,0
46.57,16383,0
46.59,16383,0
46.61,16383,0
46.63,16383,0
46.65,16383,0
46.67,16383,0
46.69,16383,0
46.71,16383,0
46.73,16383,0
46.75,16383,0
46.77,16383,0
46.79,16383,0
46.81,16383,0
46.83,16383,0
46.85,16383,0
46.87,16383,0
46.89,16383,0
46.91,16383,0
46.93,16383,0
46.95,16383,0
46.97,16383,0
46.99,16383,0
47.01,16383,0
47.02,16383,0
47.04,16383,0
47.06,16383,0
47.08,16383,0
47.10,16383,0
47.12,16383,0
47.14,16383,0
47.16,16383,0
47.18,16383,0
47.20,16383,0
47.22,16383,0
47.24,16383,0
47.26,16383,0
47.28,16383,0
47.30,16383,0
47.32,16383,0
47.34,16383,0
47.36,16383,0
47.38,16383,0
47.40,16383,0
47.42,16383,0
47.44,16383,0
47.46,16383,0
47.48,16383,0
47.50,16383,0
47.52,16383,0
47.54,16383,0
47.56,16383,0
47.58,16383,0
47.60,16383,0
47.62,16383,0
47.64,16383,0
47.66,16383,0
47.68,16383,0
47.70,16383,0
47.72,16383,0
47.74,16383,0
47.76,16383,0
47.78,16383,0
47.80,16383,0
47.82,16383,0
47.84,16383,0
47.86,16383,0
47.87,16383,0
47.89,16383,0
47.91,16383,0
47.93,16383,0
47.95,16383,0
47.97,16383,0
47.99,16383,0
48.01,16383,0
48.03,16383,0
48.05,16383,0
48.07,16383,0
48.09,16383,0
48.11,16383,0
48.13,16383,0
48.15,16383,0
48.17,16383,0
48.19,16383,0
48.21,16383,0
48.23,16383,0
48.25,16383,0
48.27,16383,0
48.29,16383,0
48.31,16383,0
48.33,16383,0
48.35,16383,0
48.37,16383,0
48.39,16383,0
48.41,16383,0
48.43,16383,0
48.45,16383,0
48.47,16383,0
48.49,16383,0
48.51,16383,0
48.53,16383,0
48.55,16383,0
48.57,16383,0
48.59,16383,0
48.61,16383,0
48.63,16383,0
48.65,16383,0
48.67,16383,0
48.69,16383,0
48.71,16383,0
48.72,16383,0
48.74,16383,0
48.76,16383,0
48.78,16383,0
48.80,16383,0
48.82,16383,0
48.84,16383,0
48.86,16383,0
48.88,16383,0
48.90,16383,0
48.92,16383,0
48.94,16383,0
48.96,16383,0
48.98,16383,0
49.00,16383,0
49.02,16383,0
49.04,16383,0
49.06,16383,0
49.08,16383,0
49.10,16383,0
49.12,16383,0
49.14,16383,0
49.16,16383,0
49.18,16383,0
49.20,16383,0
49.22,16383,0
49.24,16383,0
49.26,16383,0
49.28,16383,0
49.30,16383,0
49.32,16383,0
49.34,16383,0
49.36,16383,0
49.38,16383,0
49.40,16383,0
49.42,16383,0
49.44,16383,0
49.46,16383,0
49.48,16383,0
49.50,16383,0
49.52,16383,0
49.54,16383,0
49.55,16383,0
49.57,16383,0
49.59,16383,0
49.61,16383,0
49.63,16383,0
49.65,16383,0
49.67,16383,0
49.69,16383,0
49.71,16383,0
49.73,16383,0
49.75,16383,0
49.77,16383,0
49.79,16383,0
49.81,16383,0
49.83,16383,0
49.85,16383,0
49.87,16383,0
49.89,16383,0
49.91,16383,0
49.93,16383,0
49.95,16383,0
49.97,16383,0
49.99,16383,0
50.01,16383,0
50.03,16383,0
50.05,16383,0
50.07,16383,0
50.09,16383,0
50.11,16383,0
50.13,16383,0
50.15,16383,0
50.17,16383,0
50.19,16383,0
50.21,16383,0
50.23,16383,0
50.25,16383,0
50.27,16383,0
50.29,16383,0
50.31,16383,0
50.33,16383,0
50.35,16383,0
50.37,16383,0
50.39,16383,0
50.40,16383,0
50.42,16383,0
50.44,16383,0
50.46,16383,0
50.48,16383,0
50.50,16383,0
50.52,16383,0
50.54,16383,0
50.56,16383,0
50.58,16383,0
50.60,16383,0
50.62,16383,0
50.64,16383,0
50.66,16383,0
50.68,16383,0
50.70,16383,0
50.72,16383,0
50.74,16383,0
50.76,16383,0
50.78,16383,0
50.80,16383,0
50.82,16383,0
50.84,16383,0
50.86,16383,0
50.88,16383,0
50.90,16383,0
50.92,16383,0
50.94,16383,0
50.96,16383,0
50.98,16383,0
51.00,16383,0
51.02,16383,0
51.04,16383,0
51.06,16383,0
51.08,16383,0
51.10,16383,0
51.12,16383,0
51.14,16383,0
51.16,16383,0
51.18,16383,0
51.20,16383,0
51.22,16383,0
51.24,16383,0
51.25,16383,0
51.27,16383,0
51.29,16383,0
51.31,16383,0
51.33,16383,0
51.35,16383,0
51.37,16383,0
51.39,16383,0
51.41,16383,0
51.43,16383,0
51.45,16383,0
51.47,16383,0
51.49,16383,0
51.51,16383,0
51.53,16383,0
51.55,16383,0
51.57,16383,0
51.59,16383,0
51.61,16383,0
51.63,16383,0
51.65,16383,0
51.67,16383,0
51.69,16383,0
51.71,16383,0
51.73,16383,0
51.75,16383,0
51.77,16383,0
51.79,16383,0
51.81,16383,0
51.83,16383,0
51.85,16383,0
51.87,16383,0
51.89,16383,0
51.91,16383,0
51.93,16383,0
51.95,16383,0
51.97,16383,0
51.99,16383,0
52.01,16383,0
52.03,16383,0
52.05,16383,0
52.07,16383,0
52.09,16383,0
52.10,16383,0
52.12,16383,0
52.14,16383,0
52.16,16383,0
52.18,16383,0
52.20,16383,0
52.22,16383,0
52.24,16383,0
52.26,16383,0
52.28,16383,0
52.30,16383,0
52.32,16383,0
52.34,16383,0
52.36,16383,0
52.38,16383,0
52.40,16383,0
52.42,16383,0
52.44,16383,0
52.46,16383,0
52.48,16383,0
52.50,16383,0
52.52,16383,0
52.54,16383,0
52.56,16383,0
52.58,16383,0
52.60,16383,0
52.62,16383,0
52.64,16383,0
52.66,16383,0
52.68,16383,0
52.70,16383,0
52.72,16383,0
52.74,16383,0
52.76,16383,0
52.78,16383,0
52.80,16383,0
52.82,16383,0
52.84,16383,0
52.86,16383,0
52.88,16383,0
52.90,16383,0
52.92,16383,0
52.93,16383,0
52.95,16383,0
52.97,16383,0
52.99,16383,0
53.01,16383,0
53.03,16383,0
53.05,16383,0
53.07,16383,0
53.09,16383,0
53.11,16383,0
53.13,16383,0
53.15,16383,0
53.17,16383,0
53.19,16383,0
53.21,16383,0
53.23,16383,0
53.25,16383,0
53.27,16383,0
53.29,16383,0
53.31,16383,0
53.33,16383,0
53.35,16383,0
53.37,16383,0
53.39,16383,0
53.41,16383,0
53.43,16383,0
53.45,16383,0
53.47,16383,0
53.49,16383,0
53.51,16383,0
53.53,16383,0
53.55,16383,0
53.57,16383,0
53.59,16383,0
53.61,16383,0
53.63,16383,0
53.65,16383,0
53.67,16383,0
53.69,16383,0
53.71,16383,0
53.73,16383,0
53.75,16383,0
53.76,16383,0
53.78,16383,0
53.80,16383,0
53.82,16383,0
53.84,16383,0
53.86,16383,0
53.88,16383,0
53.90,16383,0
53.92,16383,0
53.94,16383,0
53.96,16383,0
53.98,16383,0
54.00,16383,0
54.02,16383,0
54.04,16383,0
54.06,16383,0
54.08,16383,0
54.10,16383,0
54.12,16383,0
54.14,16383,0
54.16,16383,0
54.18,16383,0
54.20,16383,0
54.22,16383,0
54.24,16383,0
54.26,16383,0
54.28,16383,0
54.30,16383,0
54.32,16383,0
54.34,16383,0
54.36,16383,0
54.38,16383,0
54.40,16383,0
54.42,16383,0
54.44,16383,0
54.46,16383,0
54.48,16383,0
54.50,16383,0
54.52,16383,0
54.54,16383,0
54.56,16383,0
54.58,16383,0
54.60,16383,0
54.61,16383,0
54.63,16383,0
54.65,16383,0
54.67,16383,0
54.69,16383,0
54.71,16383,0
54.73,16383,0
54.75,16383,0
54.77,16383,0
54.79,16383,0
54.81,16383,0
54.83,16383,0
54.85,16383,0
54.87,16383,0
54.89,16383,0
54.91,16383,0
54.93,16383,0
54.95,16383,0
54.97,16383,0
54.99,16383,0
55.01,16383,0
55.03,16383,0
55.05,16383,0
55.07,16383,0
55.09,16383,0
55.11,16383,0
55.13,16383,0
55.15,16383,0
55.17,16383,0
55.19,16383,0
55.21,16383,0
55.23,16383,0
55.25,16383,0
55.27,16383,0
55.29,16383,0
55.31,16383,0
55.33,16383,0
55.35,16383,0
55.37,16383,0
55.39,16383,0
55.41,16383,0
55.43,16383,0
55.44,16383,0
55.46,16383,0
55.48,16383,0
55.50,16383,0
55.52,16383,0
55.54,16383,0
55.56,16383,0
55.58,16383,0
55.60,16383,0
55.62,16383,0
55.64,16383,0
55.66,16383,0
55.68,16383,0
55.70,16383,0
55.72,16383,0
55.74,16383,0
55.76,16383,0
55.78,16383,0
55.80,16383,0
55.82,16383,0
55.84,16383,0
55.86,16383,0
55.88,16383,0
55.90,16383,0
55.92,16383,0
55.94,16383,0
55.96,16383,0
55.98,16383,0
56.00,16383,0
56.02,16383,0
56.04,16383,0
56.06,16383,0
56.08,16383,0
56.10,16383,0
56.12,16383,0
56.14,16383,0
56.16,16383,0
56.18,16383,0
56.20,16383,0
56.22,16383,0
56.24,16383,0
56.26,16383,0
56.28,16383,0
56.29,16383,0
56.31,16383,0
56.33,16383,0
56.35,16383,0
56.37,16383,0
56.39,16383,0
56.41,16383,0
56.43,16383,0
56.45,16383,0
56.47,16383,0
56.49,16383,0
56.51,16383,0
56.53,16383,0
56.55,16383,0
56.57,16383,0
56.59,16383,0
56.61,16383,0
56.63,16383,0
56.65,16383,0
56.67,16383,0
56.69,16383,0
56.71,16383,0
56.73,16383,0
56.75,16383,0
56.77,16383,0
56.79,16383,0
56.81,16383,0
56.83,16383,0
56.85,16383,0
56.87,16383,0
56.89,16383,0
56.91,16383,0
56.93,16383,0
56.95,16383,0
56.97,16383,0
56.99,16383,0
57.01,16383,0
57.03,16383,0
57.05,16383,0
57.07,16383,0
57.09,16383,0
57.11,16383,0
57.13,16383,0
57.14,16383,0
57.16,16383,0
57.18,16383,0
57.20,16383,0
57.22,16383,0
57.24,16383,0
57.26,16383,0
57.28,16383,0
57.30,16383,0
57.32,16383,0
57.34,16383,0
57.36,16383,0
57.38,16383,0
57.40,16383,0
57.42,16383,0
57.44,16383,0
57.46,16383,0
57.48,16383,0
57.50,16383,0
57.52,16383,0
57.54,16383,0
57.56,16383,0
57.58,16383,0
57.60,16383,0
57.62,16383,0
57.64,16383,0
57.66,16383,0
57.68,16383,0
57.70,16383,0
57.72,16383,0
57.74,16383,0
57.76,16383,0
57.78,16383,0
57.80,16383,0
57.82,16383,0
57.84,16383,0
57.86,16383,0
57.88,16383,0
57.90,16383,0
57.92,16383,0
57.94,16383,0
57.96,16383,0
57.97,16383,0
57.99,16383,0
58.01,16383,0
58.03,16383,0
58.05,16383,0
58.07,16383,0
58.09,16383,0
58.11,16383,0
58.13,16383,0
58.15,16383,0
58.17,16383,0
58.19,16383,0
58.21,16383,0
58.23,16383,0
58.25,16383,0
58.27,16383,0
58.29,16383,0
58.31,16383,0
58.33,16383,0
58.35,16383,0
58.37,16383,0
58.39,16383,0
58.41,16383,0
58.43,16383,0
58.45,16383,0
58.47,16383,0
58.49,16383,0
58.51,16383,0
58.53,16383,0
58.55,16383,0
58.57,16383,0
58.59,16383,0
58.61,16383,0
58.63,16383,0
58.65,16383,0
58.67,16383,0
58.69,16383,0
58.71,16383,0
58.73,16383,0
58.75,16383,0
58.77,16383,0
58.79,16383,0
58.81,16383,0
58.82,16383,0
58.84,16383,0
58.86,16383,0
58.88,16383,0
58.90,16383,0
58.92,16383,0
58.94,16383,0
58.96,16383,0
58.98,16383,0
59.00,16383,0
59.02,16383,0
59.04,16383,0
59.06,16383,0
59.08,16383,0
59.10,16383,0
59.12,16383,0
59.14,16383,0
59.16,16383,0
59.18,16383,0
59.20,16383,0
59.22,16383,0
59.24,16383,0
59.26,16383,0
59.28,16383,0
59.30,16383,0
59.32,16383,0
59.34,16383,0
59.36,16383,0
59.38,16383,0
59.40,16383,0
59.42,16383,0
59.44,16383,0
59.46,16383,0
59.48,16383,0
59.50,16383,0
59.52,16383,0
59.54,16383,0
59.56,16383,0
59.58,16383,0
59.60,16383,0
59.62,16383,0
59.64,16383,0
59.66,16383,0
59.67,16383,0
59.69,16383,0
59.71,16383,0
59.73,16383,0
59.75,16383,0
59.77,16383,0
59.79,16383,0
59.81,16383,0
59.83,16383,0
59.85,16383,0
59.87,16383,0
59.89,16383,0
59.91,16383,0
59.93,16383,0
59.95,16383,0
59.97,16383,0
59.99,16383,0
60.01,16383,0
60.03,16383,0
60.05,16383,0
60.07,16383,0
60.09,16383,0
60.11,16383,0
60.13,16383,0
60.15,16383,0
60.17,16383,0
60.19,16383,0
60.21,16383,0
60.23,16383,0
60.25,16383,0
60.27,16383,0
60.29,16383,0
60.31,16383,0
60.33,16383,0
60.35,16383,0
60.37,16383,0
60.39,16383,0
60.41,16383,0
60.43,16383,0
60.45,16383,0
60.47,16383,0
60.49,16383,0
60.50,16383,0
60.52,16383,0
60.54,16383,0
60.56,16383,0
60.58,16383,0
60.60,16383,0
60.62,16383,0
60.64,16383,0
60.66,16383,0
60.68,16383,0
60.70,16383,0
60.72,16383,0
60.74,16383,0
60.76,16383,0
60.78,16383,0
60.80,16383,0
60.82,16383,0
60.84,16383,0
60.86,16383,0
60.88,16383,0
60.90,16383,0
60.92,16383,0
60.94,16383,0
60.96,16383,0
60.98,16383,0
61.00,16383,0
61.02,16383,0
61.04,16383,0
61.06,16383,0
61.08,16383,0
61.10,16383,0
61.12,16383,0
61.14,16383,0
61.16,16383,0
61.18,16383,0
61.20,16383,0
61.22,16383,0
61.24,16383,0
61.26,16383,0
61.28,16383,0
61.30,16383,0
61.32,16383,0
61.33,16383,0
61.35,16383,0
61.37,16383,0
61.39,16383,0
61.41,16383,0
61.43,16383,0
61.45,16383,0
61.47,16383,0
61.49,16383,0
61.51,16383,0
61.53,16383,0
61.55,16383,0
61.57,16383,0
61.59,16383,0
61.61,16383,0
61.63,16383,0
61.65,16383,0
61.67,16383,0
61.69,16383,0
61.71,16383,0
61.73,16383,0
61.75,16383,0
61.77,16383,0
61.79,16383,0
61.81,16383,0
61.83,16383,0
61.85,16383,0
61.87,16383,0
61.89,16383,0
61.91,16383,0
61.93,16383,0
61.95,16383,0
61.97,16383,0
61.99,16383,0
62.01,16383,0
62.03,16383,0
62.05,16383,0
62.07,16383,0
62.09,16383,0
62.11,16383,0
62.13,16383,0
62.15,16383,0
62.17,16383,0
62.18,16383,0
62.20,16383,0
62.22,16383,0
62.24,16383,0
62.26,16383,0
62.28,16383,0
62.30,16383,0
62.32,16383,0
62.34,16383,0
62.36,16383,0
62.38,16383,0
62.40,16383,0
62.42,16383,0
62.44,16383,0
62.46,16383,0
62.48,16383,0
62.50,16383,0
62.52,16383,0
62.54,16383,0
62.56,16383,0
62.58,16383,0
62.60,16383,0
62.62,16383,0
62.64,16383,0
62.66,16383,0
62.68,16383,0
62.70,16383,0
62.72,16383,0
62.74,16383,0
62.76,16383,0
62.78,16383,0
62.80,16383,0
62.82,16383,0
62.84,16383,0
62.86,16383,0
62.88,16383,0
62.90,16383,0
62.92,16383,0
62.94,16383,0
62.96,16383,0
62.98,16383,0
63.00,16383,0
63.02,16383,0
63.03,16383,0
63.05,16383,0
63.07,16383,0
63.09,16383,0
63.11,16383,0
63.13,16383,0
63.15,16383,0
63.17,16383,0
63.19,16383,0
63.21,16383,0
63.23,16383,0
63.25,16383,0
63.27,16383,0
63.29,16383,0
63.31,16383,0
63.33,16383,0
63.35,16383,0
63.37,16383,0
63.39,16383,0
63.41,16383,0
63.43,16383,0
63.45,16383,0
63.47,16383,0
63.49,16383,0
63.51,16383,0
63.53,16383,0
63.55,16383,0
63.57,16383,0
63.59,16383,0
63.61,16383,0
63.63,16383,0
63.65,16383,0
63.67,16383,0
63.69,16383,0
63.71,16383,0
63.73,16383,0
63.75,16383,0
63.77,16383,0
63.79,16383,0
63.81,16383,0
63.83,16383,0
63.85,16383,0
63.86,16383,0
63.88,16383,0
63.90,16383,0
63.92,16383,0
63.94,16383,0
63.96,16383,0
63.98,16383,0
64.00,16383,0
64.02,16383,0
64.04,16383,0
64.06,16383,0
64.08,16383,0
64.10,16383,0
64.12,16383,0
64.14,16383,0
64.16,16383,0
64.18,16383,0
64.20,16383,0
64.22,16383,0
64.24,16383,0
64.26,16383,0
64.28,16383,0
64.30,16383,0
64.32,16383,0
64.34,16383,0
64.36,16383,0
64.38,16383,0
64.40,16383,0
64.42,16383,0
64.44,16383,0
64.46,16383,0
64.48,16383,0
64.50,16383,0
64.52,16383,0
64.54,16383,0
64.56,16383,0
64.58,16383,0
64.60,16383,0
64.62,16383,0
64.64,16383,0
64.66,16383,0
64.68,16383,0
64.70,16383,0
64.71,16383,0
64.73,16383,0
64.75,16383,0
64.77,16383,0
64.79,16383,0
64.81,16383,0
64.83,16383,0
64.85,16383,0
64.87,16383,0
64.89,16383,0
64.91,16383,0
64.93,16383,0
64.95,16383,0
64.97,16383,0
64.99,16383,0
65.01,16383,0
65.03,16383,0
65.05,16383,0
65.07,16383,0
65.09,16383,0
65.11,16383,0
65.13,16383,0
65.15,16383,0
65.17,16383,0
65.19,16383,0
65.21,16383,0
65.23,16383,0
65.25,16383,0
65.27,16383,0
65.29,16383,0
65.31,16383,0
65.33,16383,0
65.35,16383,0
65.37,16383,0
65.39,16383,0
65.41,16383,0
65.43,16383,0
65.45,16383,0
65.47,16383,0
65.49,16383,0
65.51,16383,0
65.53,16383,0
65.54,16383,0
65.56,16383,0
65.58,16383,0
65.60,16383,0
65.62,16383,0
65.64,16383,0
65.66,16383,0
65.68,16383,0
65.70,16383,0
65.72,16383,0
65.74,16383,0
65.76,16383,0
65.78,16383,0
65.80,16383,0
65.82,16383,0
65.84,16383,0
65.86,16383,0
65.88,16383,0
65.90,16383,0
65.92,16383,0
65.94,16383,0
65.96,16383,0
65.98,16383,0
66.00,16383,0
66.02,16383,0
66.04,16383,0
66.06,16383,0
66.08,16383,0
66.10,16383,0
66.12,16383,0
66.14,16383,0
66.16,16383,0
66.18,16383,0
66.20,16383,0
66.22,16383,0
66.24,16383,0
66.26,16383,0
66.28,16383,0
66.30,16383,0
66.32,16383,0
66.34,16383,0
66.36,16383,0
66.38,16383,0
66.39,16383,0
66.41,16383,0
66.43,16383,0
66.45,16383,0
66.47,16383,0
66.49,16383,0
66.51,16383,0
66.53,16383,0
66.55,16383,0
66.57,16383,0
66.59,16383,0
66.61,16383,0
66.63,16383,0
66.65,16383,0
66.67,16383,0
66.69,16383,0
66.71,16383,0
66.73,16383,0
66.75,16383,0
66.77,16383,0
66.79,16383,0
66.81,16383,0
66.83,16383,0
66.85,16383,0
66.87,16383,0
66.89,16383,0
66.91,16383,0
66.93,16383,0
66.95,16383,0
66.97,16383,0
66.99,16383,0
67.01,16383,0
67.03,16383,0
67.05,16383,0
67.07,16383,0
67.09,16383,0
67.11,16383,0
67.13,16383,0
67.15,16383,0
67.17,16383,0
67.19,16383,0
67.21,16383,0
67.22,16383,0
67.24,16383,0
67.26,16383,0
67.28,16383,0
67.30,16383,0
67.32,16383,0
67.34,16383,0
67.36,16383,0
67.38,16383,0
67.40,16383,0
67.42,16383,0
67.44,16383,0
67.46,16383,0
67.48,16383,0
67.50,16383,0
67.52,16383,0
67.54,16383,0
67.56,16383,0
67.58,16383,0
67.60,16383,0
67.62,16383,0
67.64,16383,0
67.66,16383,0
67.68,16383,0
67.70,16383,0
67.72,16383,0
67.74,16383,0
67.76,16383,0
67.78,16383,0
67.80,16383,0
67.82,16383,0
67.84,16383,0
67.86,16383,0
67.88,16383,0
67.90,16383,0
67.92,16383,0
67.94,16383,0
67.96,16383,0
67.98,16383,0
68.00,16383,0
68.02,16383,0
68.04,16383,0
68.06,16383,0
68.07,16383,0
68.09,16383,0
68.11,16383,0
68.13,16383,0
68.15,16383,0
68.17,16383,0
68.19,16383,0
68.21,16383,0
68.23,16383,0
68.25,16383,0
68.27,16383,0
68.29,16383,0
68.31,16383,0
68.33,16383,0
68.35,16383,0
68.37,16383,0
68.39,16383,0
68.41,16383,0
68.43,16383,0
68.45,16383,0
68.47,16383,0
68.49,16383,0
68.51,16383,0
68.53,16383,0
68.55,16383,0
68.57,16383,0
68.59,16383,0
68.61,16383,0
68.63,16383,0
68.65,16383,0
68.67,16383,0
68.69,16383,0
68.71,16383,0
68.73,16383,0
68.75,16383,0
68.77,16383,0
68.79,16383,0
68.81,16383,0
68.83,16383,0
68.85,16383,0
68.87,16383,0
68.89,16383,0
68.90,16383,0
68.92,16383,0
68.94,16383,0
68.96,16383,0
68.98,16383,0
69.00,16383,0
69.02,16383,0
69.04,16383,0
69.06,16383,0
69.08,16383,0
69.10,16383,0
69.12,16383,0
69.14,16383,0
69.16,16383,0
69.18,16383,0
69.20,16383,0
69.22,16383,0
69.24,16383,0
69.26,16383,0
69.28,16383,0
69.30,16383,0
69.32,16383,0
69.34,16383,0
69.36,16383,0
69.38,16383,0
69.40,16383,0
69.42,16383,0
69.44,16383,0
69.46,16383,0
69.48,16383,0
69.50,16383,0
69.52,16383,0
69.54,16383,0
69.56,16383,0
69.58,16383,0
69.60,16383,0
69.62,16383,0
69.64,16383,0
69.66,16383,0
69.68,16383,0
69.70,16383,0
69.72,16383,0
69.73,16383,0
69.75,16383,0
69.77,16383,0
69.79,16383,0
69.81,16383,0
69.83,16383,0
69.85,16383,0
69.87,16383,0
69.89,16383,0
69.91,16383,0
69.93,16383,0
69.95,16383,0
69.97,16383,0
69.99,16383,0
70.01,16383,0
70.03,16383,0
70.05,16383,0
70.07,16383,0
70.09,16383,0
70.11,16383,0
70.13,16383,0
70.15,16383,0
70.17,16383,0
70.19,16383,0
70.21,16383,0
70.23,16383,0
70.25,16383,0
70.27,16383,0
70.29,16383,0
70.31,16383,0
70.33,16383,0
70.35,16383,0
70.37,16383,0
70.39,16383,0
70.41,16383,0
70.43,16383,0
70.45,16383,0
70.47,16383,0
70.49,16383,0
70.51,16383,0
70.53,16383,0
70.55,16383,0
70.56,16383,0
70.58,16383,0
70.60,16383,0
70.62,16383,0
70.64,16383,0
70.66,16383,0
70.68,16383,0
70.70,16383,0
70.72,16383,0
70.74,16383,0
70.76,16383,0
70.78,16383,0
70.80,16383,0
70.82,16383,0
70.84,16383,0
70.86,16383,0
70.88,16383,0
70.90,16383,0
70.92,16383,0
70.94,16383,0
70.96,16383,0
70.98,16383,0
71.00,16383,0
71.02,16383,0
71.04,16383,0
71.06,16383,0
71.08,16383,0
71.10,16383,0
71.12,16383,0
71.14,16383,0
71.16,16383,0
71.18,16383,0
71.20,16383,0
71.22,16383,0
71.24,16383,0
71.26,16383,0
71.28,16383,0
71.30,16383,0
71.32,16383,0
71.34,16383,0
71.36,16383,0
71.38,16383,0
71.39,16383,0
71.41,16383,0
71.43,16383,0
71.45,16383,0
71.47,16383,0
71.49,16383,0
71.51,16383,0
71.53,16383,0
71.55,16383,0
71.57,16383,0
71.59,16383,0
71.61,16383,0
71.63,16383,0
71.65,16383,0
71.67,16383,0
71.69,16383,0
71.71,16383,0
71.73,16383,0
71.75,16383,0
71.77,16383,0
71.79,16383,0
71.81,16383,0
71.83,16383,0
71.85,16383,0
71.87,16383,0
71.89,16383,0
71.91,16383,0
71.93,16383,0
71.95,16383,0
71.97,16383,0
71.99,16383,0
72.01,16383,0
72.03,16383,0
72.05,16383,0
72.07,16383,0
72.09,16383,0
72.11,16383,0
72.13,16383,0
72.15,16383,0
72.17,16383,0
72.19,16383,0
72.21,16383,0
72.22,16383,0
72.24,16383,0
72.26,16383,0
72.28,16383,0
72.30,16383,0
72.32,16383,0
72.34,16383,0
72.36,16383,0
72.38,16383,0
72.40,16383,0
72.42,16383,0
72.44,16383,0
72.46,16383,0
72.48,16383,0
72.50,16383,0
72.52,16383,0
72.54,16383,0
72.56,16383,0
72.58,16383,0
72.60,16383,0
72.62,16383,0
72.64,16383,0
72.66,16383,0
72.68,16383,0
72.70,16383,0
72.72,16383,0
72.74,16383,0
72.76,16383,0
72.78,16383,0
72.80,16383,0
72.82,16383,0
72.84,16383,0
72.86,16383,0
72.88,16383,0
72.90,16383,0
72.92,16383,0
72.94,16383,0
72.96,16383,0
72.98,16383,0
73.00,16383,0
