836,0
7.86,9836,0
7.88,9835,0
7.90,9833,0
7.92,9832,0
7.94,9836,0
7.96,9834,0
7.98,9835,0
8.00,9832,0
8.02,9831,0
8.04,9833,0
8.06,9833,0
8.08,9832,0
8.10,9833,0
8.12,9834,0
8.14,9831,0
8.16,9830,0
8.17,9832,0
8.19,9833,0
8.21,9833,0
8.23,9832,0
8.25,9830,0
8.27,9828,0
8.29,9833,0
8.31,9828,0
8.33,9828,0
8.35,9831,0
8.37,9831,0
8.39,9834,0
8.41,9833,0
8.43,9829,0
8.45,9831,0
8.47,9830,0
8.49,9830,0
8.51,9832,0
8.53,9837,0
8.55,9836,0
8.57,9831,0
8.59,9832,0
8.61,9835,0
8.63,9835,0
8.65,9831,0
8.67,9832,0
8.69,9832,0
8.71,9834,0
8.73,9831,0
8.75,9831,0
8.77,9832,0
8.79,9829,0
8.81,9829,0
8.83,9830,0
8.85,9829,0
8.87,9828,0
8.89,9827,0
8.91,9825,0
8.93,9826,0
8.95,9829,0
8.97,9826,0
8.99,9827,0
9.01,9827,0
9.03,9826,0
9.05,9828,0
9.07,9828,0
9.09,9826,0
9.11,9827,0
9.13,9830,0
9.15,9832,0
9.17,9825,0
9.19,9824,0
9.21,9827,0
9.22,9826,0
9.24,9827,0
9.26,9825,0
9.28,9827,0
9.30,9826,0
9.32,9825,0
9.34,9823,0
9.36,9827,0
9.38,9823,0
9.40,9826,0
9.42,9825,0
9.44,9826,0
9.46,9826,0
9.48,9824,0
9.50,9823,0
9.52,9828,0
9.54,9827,0
9.56,9834,0
9.58,9834,0
9.60,9833,0
9.62,9835,0
9.64,9833,0
9.66,9832,0
9.68,9832,0
9.70,9831,0
9.72,9835,0
9.74,9835,0
9.76,9838,0
9.78,9836,0
9.80,9836,0
9.82,9835,0
9.84,9838,0
9.86,9839,0
9.88,9837,0
9.90,9841,0
9.92,9842,0
9.94,9836,0
9.96,9838,0
9.98,9837,0
10.00,9842,0
10.02,9838,0
10.04,9833,0
10.06,9840,0
10.08,9837,0
10.10,9840,0
10.12,9839,0
10.14,9836,0
10.16,9840,0
10.18,9838,0
10.20,9839,0
10.22,9833,0
10.23,9837,0
10.25,9832,0
10.27,9834,0
10.29,9832,0
10.31,9837,0
10.33,9834,0
10.35,9829,0
10.37,9829,0
10.39,9831,0
10.41,9831,0
10.43,9831,0
10.45,9832,0
10.47,9829,0
10.49,9835,0
10.51,9833,0
10.53,9833,0
10.55,9831,0
10.57,9832,0
10.59,9830,0
10.61,9832,0
10.63,9829,0
10.65,9829,0
10.67,9829,0
10.69,9828,0
10.71,9822,0
10.73,9827,0
10.75,9823,0
10.77,9825,0
10.79,9821,0
10.81,9820,0
10.83,9821,0
10.85,9821,0
10.87,9820,0
10.89,9817,0
10.91,9819,0
10.93,9820,0
10.95,9821,0
10.97,9816,0
10.99,9820,0
11.01,9820,0
11.03,9823,0
11.05,9825,0
11.07,9819,0
11.09,9819,0
11.11,9820,0
11.13,9821,0
11.15,9821,0
11.17,9818,0
11.19,9823,0
11.21,9824,0
11.23,9821,0
11.25,9821,0
11.27,9818,0
11.28,9819,0
11.30,9818,0
11.32,9821,0
11.34,9822,0
11.36,9821,0
11.38,9821,0
11.40,9822,0
11.42,9822,0
11.44,9817,0
11.46,9816,0
11.48,9820,0
11.50,9821,0
11.52,9820,0
11.54,9816,0
11.56,9824,0
11.58,9817,0
11.60,9818,0
11.62,9819,0
11.64,9815,0
11.66,9815,0
11.68,9815,0
11.70,9817,0
11.72,9816,0
11.74,9816,0
11.76,9809,0
11.78,9811,0
11.80,9810,0
11.82,9813,0
11.84,9814,0
11.86,9807,0
11.88,9808,0
11.90,9804,0
11.92,9805,0
11.94,9802,0
11.96,9799,0
11.98,9797,0
12.00,9794,0
12.02,9789,0
12.04,9794,0
12.06,9791,0
12.08,9790,0
12.10,9791,0
12.12,9785,0
12.14,9787,0
12.16,9791,0
12.18,9791,0
12.20,9791,0
12.22,9791,0
12.24,9798,0
12.26,9799,0
12.28,9795,0
12.30,9802,0
12.31,9795,0
12.33,9798,0
12.35,9801,0
12.37,9800,0
12.39,9798,0
12.41,9799,0
12.43,9802,0
12.45,9799,0
12.47,9800,0
12.49,9803,0
12.51,9803,0
12.53,9802,0
12.55,9802,0
12.57,9802,0
12.59,9805,0
12.61,9803,0
12.63,9807,0
12.65,9806,0
12.67,9807,0
12.69,9807,0
12.71,9810,0
12.73,9803,0
12.75,9802,0
12.77,9809,0
12.79,9810,0
12.81,9807,0
12.83,9809,0
12.85,9810,0
12.87,9806,0
12.89,9809,0
12.91,9810,0
12.93,9806,0
12.95,9804,0
12.97,9806,0
12.99,9805,0
13.01,9804,0
13.03,9804,0
13.05,9806,0
13.07,9804,0
13.09,9806,0
13.11,9805,0
13.13,9801,0
13.15,9806,0
13.17,9803,0
13.19,9803,0
13.21,9798,0
13.23,9802,0
13.25,9800,0
13.27,9800,0
13.29,9800,0
13.31,9800,0
13.33,9800,0
13.34,9802,0
13.36,9800,0
13.38,9799,0
13.40,9804,0
13.42,9800,0
13.44,9794,0
13.46,9798,0
13.48,9797,0
13.50,9797,0
13.52,9801,0
13.54,9797,0
13.56,9799,0
13.58,9801,0
13.60,9800,0
13.62,9797,0
13.64,9798,0
13.66,9799,0
13.68,9800,0
13.70,9800,0
13.72,9796,0
13.74,9805,0
13.76,9802,0
13.78,9802,0
13.80,9797,0
13.82,9802,0
13.84,9804,0
13.86,9801,0
13.88,9801,0
13.90,9804,0
13.92,9803,0
13.94,9799,0
13.96,9805,0
13.98,9800,0
14.00,9807,0
14.02,9805,0
14.04,9804,0
14.06,9798,0
14.08,9800,0
14.10,9799,0
14.12,9796,0
14.14,9792,0
14.16,9792,0
14.18,9789,0
14.20,9787,0
14.22,9790,0
14.24,9783,0
14.26,9785,0
14.28,9787,0
14.30,9786,0
14.32,9791,0
14.34,9786,0
14.36,9786,0
14.37,9789,0
14.39,9793,0
14.41,9788,0
14.43,9793,0
14.45,9792,0
14.47,9792,0
14.49,9797,0
14.51,9800,0
14.53,9794,0
14.55,9798,0
14.57,9792,0
14.59,9794,0
14.61,9796,0
14.63,9796,0
14.65,9799,0
14.67,9799,0
14.69,9799,0
14.71,9798,0
14.73,9802,0
14.75,9797,0
14.77,9795,0
14.79,9797,0
14.81,9802,0
14.83,9798,0
14.85,9794,0
14.87,9800,0
14.89,9800,0
14.91,9798,0
14.93,9800,0
14.95,9797,0
14.97,9795,0
14.99,9797,0
15.01,9793,0
15.03,9799,0
15.05,9792,0
15.07,9793,0
15.09,9792,0
15.11,9795,0
15.13,9788,0
15.15,9789,0
15.17,9789,0
15.19,9791,0
15.21,9791,0
15.23,9794,0
15.25,9786,0
15.27,9789,0
15.29,9788,0
15.31,9792,0
15.33,9792,0
15.35,9786,0
15.37,9792,0
15.39,9789,0
15.40,9793,0
15.42,9794,0
15.44,9792,0
15.46,9793,0
15.48,9793,0
15.50,9793,0
15.52,9794,0
15.54,9794,0
15.56,9797,0
15.58,9798,0
15.60,9792,0
15.62,9796,0
15.64,9797,0
15.66,9796,0
15.68,9795,0
15.70,9798,0
15.72,9798,0
15.74,9798,0
15.76,9797,0
15.78,9798,0
15.80,9795,0
15.82,9795,0
15.84,9797,0
15.86,9797,0
15.88,9799,0
15.90,9799,0
15.92,9803,0
15.94,9799,0
15.96,9800,0
15.98,9800,0
16.00,9800,0
16.02,9799,0
16.04,9804,0
16.06,9801,0
16.08,9800,0
16.10,9800,0
16.12,9802,0
16.14,9804,0
16.16,9804,0
16.18,9800,0
16.20,9799,0
16.22,9798,0
16.24,9796,0
16.26,9797,0
16.28,9793,0
16.30,9792,0
16.32,9790,0
16.34,9793,0
16.36,9793,0
16.38,9794,0
16.40,9790,0
16.42,9791,0
16.43,9790,0
16.45,9790,0
16.47,9787,0
16.49,9785,0
16.51,9787,0
16.53,9786,0
16.55,9786,0
16.57,9786,0
16.59,9790,0
16.61,9788,0
16.63,9788,0
16.65,9786,0
16.67,9789,0
16.69,9787,0
16.71,9787,0
16.73,9792,0
16.75,9791,0
16.77,9791,0
16.79,9788,0
16.81,9790,0
16.83,9791,0
16.85,9787,0
16.87,9788,0
16.89,9790,0
16.91,9788,0
16.93,9790,0
16.95,9795,0
16.97,9793,0
16.99,9791,0
17.01,9792,0
17.03,9788,0
17.05,9787,0
17.07,9789,0
17.09,9791,0
17.11,9792,0
17.13,9787,0
17.15,9790,0
17.17,9790,0
17.19,9785,0
17.21,9787,0
17.23,9788,0
17.25,9793,0
17.27,9798,0
17.29,9788,0
17.31,9789,0
17.33,9789,0
17.35,9786,0
17.37,9786,0
17.39,9783,0
17.41,9784,0
17.43,9784,0
17.45,9785,0
17.46,9785,0
17.48,9784,0
17.50,9781,0
17.52,9783,0
17.54,9784,0
17.56,9788,0
17.58,9780,0
17.60,9789,0
17.62,9782,0
17.64,9789,0
17.66,9788,0
17.68,9787,0
17.70,9794,0
17.72,9791,0
17.74,9784,0
17.76,9784,0
17.78,9784,0
17.80,9786,0
17.82,9785,0
17.84,9787,0
17.86,9790,0
17.88,9793,0
17.90,9794,0
17.92,9799,0
17.94,9794,0
17.96,9796,0
17.98,9794,0
18.00,9795,0
18.02,9796,0
18.04,9800,0
18.06,9799,0
18.08,9799,0
18.10,9797,0
18.12,9797,0
18.14,9793,0
18.16,9791,0
18.18,9794,0
18.20,9798,0
18.22,9802,0
18.24,9797,0
18.26,9794,0
18.28,9800,0
18.30,9809,0
18.32,9812,0
18.34,9816,0
18.36,9821,0
18.38,9817,0
18.40,9818,0
18.42,9827,0
18.44,9847,0
18.46,9858,0
18.48,9865,0
18.49,9868,0
18.51,9867,0
18.53,9872,0
18.55,9893,0
18.57,9926,0
18.59,9972,0
18.61,10024,0
18.63,10071,0
18.65,10116,0
18.67,10156,0
18.69,10178,0
18.71,10178,0
18.73,10175,0
18.75,10177,0
18.77,10177,0
18.79,10180,0
18.81,10164,0
18.83,10154,0
18.85,10139,0
18.87,10144,0
18.89,10158,0
18.91,10166,0
18.93,10165,0
18.95,10147,0
18.97,10130,0
18.99,10120,0
19.01,10124,0
19.03,10126,0
19.05,10149,0
19.07,10157,0
19.09,10185,0
19.11,10204,0
19.13,10216,0
19.15,10239,0
19.17,10267,0
19.19,10274,0
19.21,10267,0
19.23,10260,0
19.25,10230,0
19.27,10091,0
19.29,10170,0
19.31,10178,0
19.33,10196,0
19.35,10197,0
19.37,10230,0
19.39,10237,0
19.41,10266,0
19.43,10248,0
19.45,10210,0
19.47,10222,0
19.49,10207,0
19.50,10242,0
19.52,10230,0
19.54,10218,0
19.56,10228,0
19.58,10242,0
19.60,10241,0
19.62,10190,0
19.64,10229,0
19.66,10230,0
19.68,10237,0
19.70,10183,0
19.72,9457,0
19.74,9015,0
19.76,8987,0
19.78,8996,0
19.80,8999,0
19.82,9011,0
19.84,9013,0
19.86,9020,0
19.88,9022,0
19.90,9025,0
19.92,9031,0
19.94,9031,0
19.96,9030,0
19.98,9031,0
20.00,9029,0
20.02,9033,0
20.04,9029,0
20.06,9029,0
20.08,9030,0
20.10,9028,0
20.12,9029,0
20.14,9030,0
20.16,9033,0
20.18,9031,0
20.20,9025,0
20.22,9028,0
20.24,9026,0
20.26,9027,0
20.28,9029,0
20.30,9032,0
20.32,9030,0
20.34,9034,0
20.36,9037,0
20.38,9033,0
20.40,9036,0
20.42,9039,0
20.44,9043,0
20.46,9041,0
20.48,9041,0
20.50,9040,0
20.51,9039,0
20.53,9037,0
20.55,9041,0
20.57,9041,0
20.59,9040,0
20.61,9042,0
20.63,9041,0
20.65,9041,0
20.67,9043,0
20.69,9046,0
20.71,9044,0
20.73,9039,0
20.75,9046,0
20.77,9044,0
20.79,9046,0
20.81,9044,0
20.83,9047,0
20.85,9043,0
20.87,9047,0
20.89,9043,0
20.91,9045,0
20.93,9044,0
20.95,9044,0
20.97,9047,0
20.99,9045,0
21.01,9044,0
21.03,9049,0
21.05,9048,0
21.07,9045,0
21.09,9046,0
21.11,9047,0
21.13,9048,0
21.15,9047,0
21.17,9046,0
21.19,9049,0
21.21,9047,0
21.23,9048,0
21.25,9045,0
21.27,9046,0
21.29,9048,0
21.31,9048,0
21.33,9049,0
21.35,9047,0
21.37,9044,0
21.39,9045,0
21.41,9043,0
21.43,9046,0
21.45,9039,0
21.47,9045,0
21.49,9040,0
21.51,9048,0
21.52,9045,0
21.54,9047,0
21.56,9047,0
21.58,9044,0
21.60,9043,0
21.62,9044,0
21.64,9040,0
21.66,9046,0
21.68,9043,0
21.70,9042,0
21.72,9044,0
21.74,9043,0
21.76,9041,0
21.78,9042,0
21.80,9041,0
21.82,9042,0
21.84,9039,0
21.86,9039,0
21.88,9041,0
21.90,9041,0
21.92,9041,0
21.94,9042,0
21.96,9041,0
21.98,9045,0
22.00,9039,0
22.02,9039,0
22.04,9040,0
22.06,9041,0
22.08,9044,0
22.10,9043,0
22.12,9047,0
22.14,9042,0
22.16,9041,0
22.18,9042,0
22.20,9043,0
22.22,9042,0
22.24,9043,0
22.26,9044,0
22.28,9045,0
22.30,9044,0
22.32,9045,0
22.34,9045,0
22.36,9048,0
22.38,9050,0
22.40,9048,0
22.42,9047,0
22.44,9049,0
22.46,9050,0
22.48,9053,0
22.50,9048,0
22.52,9051,0
22.53,9052,0
22.55,9049,0
22.57,9051,0
22.59,9048,0
22.61,9050,0
22.63,9049,0
22.65,9048,0
22.67,9049,0
22.69,9048,0
22.71,9047,0
22.73,9050,0
22.75,9052,0
22.77,9049,0
22.79,9049,0
22.81,9050,0
22.83,9048,0
22.85,9049,0
22.87,9051,0
22.89,9050,0
22.91,9051,0
22.93,9050,0
22.95,9050,0
22.97,9045,0
22.99,9048,0
23.01,9052,0
23.03,9049,0
23.05,9050,0
23.07,9050,0
23.09,9046,0
23.11,9045,0
23.13,9047,0
23.15,9050,0
23.17,9050,0
23.19,9048,0
23.21,9049,0
23.23,9050,0
23.25,9048,0
23.27,9049,0
23.29,9048,0
23.31,9047,0
23.33,9051,0
23.35,9049,0
23.37,9050,0
23.39,9050,0
23.41,9045,0
23.43,9047,0
23.45,9045,0
23.47,9045,0
23.49,9051,0
23.51,9051,0
23.52,9050,0
23.54,9046,0
23.56,9047,0
23.58,9048,0
23.60,9052,0
23.62,9052,0
23.64,9048,0
23.66,9047,0
23.68,9048,0
23.70,9048,0
23.72,9048,0
23.74,9049,0
23.76,9049,0
23.78,9050,0
23.80,9048,0
23.82,9044,0
23.84,9052,0
23.86,9046,0
23.88,9048,0
23.90,9044,0
23.92,9047,0
23.94,9048,0
23.96,9047,0
23.98,9049,0
24.00,9048,0
24.02,9048,0
24.04,9047,0
24.06,9043,0
24.08,9050,0
24.10,9047,0
24.12,9048,0
24.14,9050,0
24.16,9048,0
24.18,9047,0
24.20,9048,0
24.22,9048,0
24.24,9045,0
24.26,9045,0
24.28,9050,0
24.30,9045,0
24.32,9044,0
24.34,9049,0
24.36,9049,0
24.38,9043,0
24.40,9046,0
24.42,9047,0
24.44,9047,0
24.46,9047,0
24.48,9047,0
24.50,9045,0
24.52,9050,0
24.53,9043,0
24.55,9045,0
24.57,9043,0
24.59,9046,0
24.61,9041,0
24.63,9048,0
24.65,9044,0
24.67,9044,0
24.69,9048,0
24.71,9046,0
24.73,9046,0
24.75,9043,0
24.77,9049,0
24.79,9045,0
24.81,9045,0
24.83,9045,0
24.85,9048,0
24.87,9045,0
24.89,9046,0
24.91,9047,0
24.93,9045,0
24.95,9048,0
24.97,9050,0
24.99,9047,0
25.01,9048,0
25.03,9048,0
25.05,9046,0
25.07,9052,0
25.09,9048,0
25.11,9050,0
25.13,9053,0
25.15,9045,0
25.17,9044,0
25.19,9051,0
25.21,9047,0
25.23,9048,0
25.25,9054,0
25.27,9049,0
25.29,9046,0
25.31,9049,0
25.33,9048,0
25.35,9051,0
25.37,9049,0
25.39,9044,0
25.41,9048,0
25.43,9051,0
25.45,9051,0
25.47,9050,0
25.49,9046,0
25.51,9045,0
25.52,9045,0
25.54,9050,0
25.56,9047,0
25.58,9050,0
25.60,9046,0
25.62,9047,0
25.64,9049,0
25.66,9053,0
25.68,9048,0
25.70,9048,0
25.72,9051,0
25.74,9049,0
25.76,9051,0
25.78,9042,0
25.80,9049,0
25.82,9048,0
25.84,9049,0
25.86,9050,0
25.88,9047,0
25.90,9049,0
25.92,9049,0
25.94,9052,0
25.96,9048,0
25.98,9048,0
26.00,9048,0
26.02,9051,0
26.04,9047,0
26.06,9049,0
26.08,9049,0
26.10,9053,0
26.12,9049,0
26.14,9051,0
26.16,9047,0
26.18,9050,0
26.20,9051,0
26.22,9051,0
26.24,9048,0
26.26,9048,0
26.28,9047,0
26.30,9048,0
26.32,9053,0
26.34,9049,0
26.36,9048,0
26.38,9046,0
26.40,9049,0
26.42,9047,0
26.44,9048,0
26.46,9046,0
26.48,9047,0
26.50,9049,0
26.52,9051,0
26.53,9047,0
26.55,9046,0
26.57,9050,0
26.59,9048,0
26.61,9050,0
26.63,9047,0
26.65,9048,0
26.67,9047,0
26.69,9049,0
26.71,9047,0
26.73,9049,0
26.75,9049,0
26.77,9048,0
26.79,9051,0
26.81,9051,0
26.83,9050,0
26.85,9050,0
26.87,9044,0
26.89,9045,0
26.91,9042,0
26.93,9045,0
26.95,9047,0
26.97,9051,0
26.99,9045,0
27.01,9050,0
27.03,9047,0
27.05,9048,0
27.07,9047,0
27.09,9052,0
27.11,9047,0
27.13,9049,0
27.15,9050,0
27.17,9044,0
27.19,9049,0
27.21,9046,0
27.23,9052,0
27.25,9047,0
27.27,9049,0
27.29,9050,0
27.31,9048,0
27.33,9051,0
27.35,9047,0
27.37,9050,0
27.39,9047,0
27.41,9045,0
27.43,9051,0
27.45,9050,0
27.47,9046,0
27.49,9047,0
27.51,9051,0
27.52,9048,0
27.54,9048,0
27.56,9049,0
27.58,9052,0
27.60,9049,0
27.62,9046,0
27.64,9053,0
27.66,9051,0
27.68,9046,0
27.70,9051,0
27.72,9048,0
27.74,9050,0
27.76,9050,0
27.78,9053,0
27.80,9047,0
27.82,9050,0
27.84,9048,0
27.86,9049,0
27.88,9049,0
27.90,9047,0
27.92,9055,0
27.94,9046,0
27.96,9049,0
27.98,9049,0
28.00,9050,0
28.02,9051,0
28.04,9050,0
28.06,9048,0
28.08,9049,0
28.10,9051,0
28.12,9048,0
28.14,9048,0
28.16,9048,0
28.18,9045,0
28.20,9048,0
28.22,9050,0
28.24,9047,0
28.26,9047,0
28.28,9050,0
28.30,9048,0
28.32,9047,0
28.34,9048,0
28.36,9047,0
28.38,9042,0
28.40,9043,0
28.42,9045,0
28.44,9040,0
28.46,9044,0
28.48,9040,0
28.50,9044,0
28.52,9044,0
28.53,9043,0
28.55,9039,0
28.57,9041,0
28.59,9038,0
28.61,9039,0
28.63,9039,0
28.65,9042,0
28.67,9038,0
28.69,9039,0
28.71,9034,0
28.73,9037,0
28.75,9036,0
28.77,9038,0
28.79,9037,0
28.81,9036,0
28.83,9035,0
28.85,9034,0
28.87,9038,0
28.89,9035,0
28.91,9035,0
28.93,9030,0
28.95,9032,0
28.97,9034,0
28.99,9031,0
29.01,9032,0
29.03,9024,0
29.05,9019,0
29.07,9015,0
29.09,9005,0
29.11,8994,0
29.13,8986,0
29.15,9008,0
29.17,9136,0
29.19,9643,0
29.21,10153,0
29.23,10212,0
29.25,10231,0
29.27,10218,0
29.29,10181,0
29.31,10209,0
29.33,10224,0
29.35,10225,0
29.37,10200,0
29.39,10214,0
29.41,10226,0
29.43,10215,0
29.45,10188,0
29.47,10178,0
29.49,10187,0
29.51,10209,0
29.52,10200,0
29.54,10216,0
29.56,10226,0
29.58,10217,0
29.60,10213,0
29.62,10202,0
29.64,10204,0
29.66,10190,0
29.68,10179,0
29.70,10172,0
29.72,10181,0
29.74,10179,0
29.76,10173,0
29.78,10155,0
29.80,10105,0
29.82,10022,0
29.84,9933,0
29.86,9888,0
29.88,9866,0
29.90,9859,0
29.92,9856,0
29.94,9858,0
29.96,9847,0
29.98,9840,0
30.00,9838,0
30.02,9831,0
30.04,9833,0
30.06,9828,0
30.08,9833,0
30.10,9832,0
30.12,9829,0
30.14,9832,0
30.16,9835,0
30.18,9836,0
30.20,9835,0
30.22,9840,0
30.24,9838,0
30.26,9846,0
30.28,9849,0
30.30,9857,0
30.32,9858,0
30.34,9859,0
30.36,9860,0
30.38,9860,0
30.40,9863,0
30.42,9866,0
30.44,9870,0
30.46,9871,0
30.48,9874,0
30.50,9876,0
30.52,9877,0
30.53,9882,0
30.55,9881,0
30.57,9887,0
30.59,9884,0
30.61,9885,0
30.63,9885,0
30.65,9887,0
30.67,9886,0
30.69,9890,0
30.71,9887,0
30.73,9892,0
30.75,9887,0
30.77,9889,0
30.79,9890,0
30.81,9890,0
30.83,9889,0
30.85,9892,0
30.87,9893,0
30.89,9888,0
30.91,9893,0
30.93,9890,0
30.95,9891,0
30.97,9895,0
30.99,9895,0
31.01,9894,0
31.03,9897,0
31.05,9897,0
31.07,9896,0
31.09,9896,0
31.11,9896,0
31.13,9892,0
31.15,9898,0
31.17,9898,0
31.19,9896,0
31.21,9893,0
31.23,9898,0
31.25,9899,0
31.27,9897,0
31.29,9895,0
31.31,9898,0
31.33,9893,0
31.35,9896,0
31.37,9893,0
31.39,9895,0
31.41,9896,0
31.43,9894,0
31.45,9896,0
31.47,9897,0
31.49,9899,0
31.51,9901,0
31.52,9893,0
31.54,9894,0
31.56,9898,0
31.58,9893,0
31.60,9894,0
31.62,9893,0
31.64,9894,0
31.66,9899,0
31.68,9897,0
31.70,9897,0
31.72,9896,0
31.74,9897,0
31.76,9894,0
31.78,9894,0
31.80,9896,0
31.82,9896,0
31.84,9897,0
31.86,9899,0
31.88,9895,0
31.90,9895,0
31.92,9897,0
31.94,9896,0
31.96,9898,0
31.98,9898,0
32.00,9898,0
32.02,9897,0
32.04,9896,0
32.06,9900,0
32.08,9900,0
32.10,9899,0
32.12,9898,0
32.14,9893,0
32.16,9899,0
32.18,9900,0
32.20,9896,0
32.22,9897,0
32.24,9895,0
32.26,9900,0
32.28,9898,0
32.30,9900,0
32.32,9899,0
32.34,9894,0
32.36,9895,0
32.38,9896,0
32.40,9897,0
32.42,9898,0
32.44,9895,0
32.46,9899,0
32.48,9894,0
32.50,9893,0
32.52,9894,0
32.53,9896,0
32.55,9898,0
32.57,9898,0
32.59,9894,0
32.61,9897,0
32.63,9897,0
32.65,9895,0
32.67,9894,0
32.69,9896,0
32.71,9897,0
32.73,9896,0
32.75,9895,0
32.77,9901,0
32.79,9898,0
32.81,9897,0
32.83,9897,0
32.85,9895,0
32.87,9899,0
32.89,9900,0
32.91,9896,0
32.93,9899,0
32.95,9894,0
32.97,9895,0
32.99,9897,0
33.01,9894,0
33.03,9899,0
33.05,9893,0
33.07,9899,0
33.09,9896,0
33.11,9899,0
33.13,9894,0
33.15,9899,0
33.17,9898,0
33.19,9895,0
33.21,9897,0
33.23,9897,0
33.25,9897,0
33.27,9896,0
33.29,9897,0
33.31,9898,0
33.33,9898,0
33.35,9893,0
33.37,9898,0
33.39,9893,0
33.41,9895,0
33.43,9896,0
33.45,9892,0
33.47,9893,0
33.49,9892,0
33.51,9891,0
33.52,9893,0
33.54,9890,0
33.56,9888,0
33.58,9891,0
33.60,9892,0
33.62,9891,0
33.64,9889,0
33.66,9887,0
33.68,9887,0
33.70,9887,0
33.72,9888,0
33.74,9883,0
33.76,9882,0
33.78,9881,0
33.80,9877,0
33.82,9880,0
33.84,9884,0
33.86,9881,0
33.88,9876,0
33.90,9877,0
33.92,9880,0
33.94,9882,0
33.96,9879,0
33.98,9878,0
34.00,9877,0
34.02,9879,0
34.04,9880,0
34.06,9878,0
34.08,9879,0
34.10,9876,0
34.12,9876,0
34.14,9874,0
34.16,9872,0
34.18,9869,0
34.20,9869,0
34.22,9871,0
34.24,9877,0
34.26,9886,0
34.28,9898,0
34.30,9908,0
34.32,9918,0
34.34,9933,0
34.36,9948,0
34.38,9959,0
34.40,9960,0
34.42,9964,0
34.44,9964,0
34.46,9959,0
34.48,9961,0
34.50,9964,0
34.52,9966,0
34.53,9963,0
34.55,9966,0
34.57,9961,0
34.59,9967,0
34.61,9965,0
34.63,9965,0
34.65,9967,0
34.67,9968,0
34.69,9965,0
34.71,9965,0
34.73,9965,0
34.75,9968,0
34.77,9964,0
34.79,9965,0
34.81,9965,0
34.83,9966,0
34.85,9963,0
34.87,9969,0
34.89,9967,0
34.91,9965,0
34.93,9969,0
34.95,9969,0
34.97,9969,0
34.99,9968,0
35.01,9968,0
35.03,9968,0
35.05,9964,0
35.07,9969,0
35.09,9967,0
35.11,9967,0
35.13,9968,0
35.15,9971,0
35.17,9967,0
35.19,9967,0
35.21,9967,0
35.23,9969,0
35.25,9964,0
35.27,9963,0
35.29,9964,0
35.31,9961,0
35.33,9967,0
35.35,9961,0
35.37,9963,0
35.39,9962,0
35.41,9960,0
35.43,9960,0
35.45,9961,0
35.47,9964,0
35.49,9958,0
35.51,9958,0
35.53,9956,0
35.54,9958,0
35.56,9961,0
35.58,9954,0
35.60,9955,0
35.62,9950,0
35.64,9955,0
35.66,9952,0
35.68,9951,0
35.70,9953,0
35.72,9949,0
35.74,9945,0
35.76,9947,0
35.78,9948,0
35.80,9944,0
35.82,9947,0
35.84,9950,0
35.86,9952,0
35.88,9951,0
35.90,9951,0
35.92,9947,0
35.94,9943,0
35.96,9941,0
35.98,9941,0
36.00,9938,0
36.02,9934,0
36.04,9935,0
36.06,9937,0
36.08,9934,0
36.10,9933,0
36.12,9932,0
36.14,9934,0
36.16,9934,0
36.18,9933,0
36.20,9935,0
36.22,9934,0
36.24,9936,0
36.26,9934,0
36.28,9938,0
36.30,9940,0
36.32,9940,0
36.34,9943,0
36.36,9939,0
36.38,9938,0
36.40,9942,0
36.42,9944,0
36.44,9945,0
36.46,9952,0
36.48,9951,0
36.50,9950,0
36.52,9950,0
36.53,9950,0
36.55,9951,0
36.57,9948,0
36.59,9950,0
36.61,9946,0
36.63,9944,0
36.65,9948,0
36.67,9944,0
36.69,9943,0
36.71,9946,0
36.73,9944,0
36.75,9947,0
36.77,9943,0
36.79,9945,0
36.81,9941,0
36.83,9936,0
36.85,9937,0
36.87,9936,0
36.89,9935,0
36.91,9931,0
36.93,9933,0
36.95,9927,0
36.97,9923,0
36.99,9920,0
37.01,9925,0
37.03,9923,0
37.05,9919,0
37.07,9914,0
37.09,9921,0
37.11,9917,0
37.13,9914,0
37.15,9918,0
37.17,9920,0
37.19,9920,0
37.21,9913,0
37.23,9920,0
37.25,9919,0
37.27,9922,0
37.29,9918,0
37.31,9921,0
37.33,9921,0
37.35,9920,0
37.37,9919,0
37.39,9916,0
37.41,9918,0
37.43,9918,0
37.45,9916,0
37.47,9916,0
37.49,9917,0
37.51,9920,0
37.53,9920,0
37.54,9919,0
37.56,9915,0
37.58,9915,0
37.60,9918,0
37.62,9919,0
37.64,9916,0
37.66,9919,0
37.68,9917,0
37.70,9916,0
37.72,9912,0
37.74,9919,0
37.76,9916,0
37.78,9919,0
37.80,9916,0
37.82,9916,0
37.84,9919,0
37.86,9919,0
37.88,9917,0
37.90,9917,0
37.92,9918,0
37.94,9917,0
37.96,9920,0
37.98,9922,0
38.00,9919,0
38.02,9921,0
38.04,9924,0
38.06,9919,0
38.08,9918,0
38.10,9916,0
38.12,9918,0
38.14,9922,0
38.16,9922,0
38.18,9920,0
38.20,9921,0
38.22,9923,0
38.24,9924,0
38.26,9927,0
38.28,9923,0
38.30,9926,0
38.32,9927,0
38.34,9927,0
38.36,9928,0
38.38,9927,0
38.40,9927,0
38.42,9928,0
38.44,9923,0
38.46,9927,0
38.48,9927,0
38.50,9929,0
38.52,9927,0
38.53,9929,0
38.55,9928,0
38.57,9931,0
38.59,9932,0
38.61,9939,0
38.63,9948,0
38.65,9955,0
38.67,9969,0
38.69,9980,0
38.71,10003,0
38.73,10020,0
38.75,10038,0
38.77,10056,0
38.79,10070,0
38.81,10086,0
38.83,10100,0
38.85,10122,0
38.87,10138,0
38.89,10146,0
38.91,10156,0
38.93,10170,0
38.95,10184,0
38.97,10221,0
38.99,10229,0
39.01,10217,0
39.03,10227,0
39.05,10217,0
39.07,10221,0
39.09,10239,0
39.11,10237,0
39.13,10210,0
39.15,10207,0
39.17,10195,0
39.19,10201,0
39.21,10234,0
39.23,10241,0
39.25,10218,0
39.27,10209,0
39.29,10206,0
39.31,10219,0
39.33,10199,0
39.35,10212,0
39.37,10215,0
39.39,10201,0
39.41,10165,0
39.43,10009,0
39.45,9384,0
39.47,9049,0
39.49,8996,0
39.51,8988,0
39.53,8996,0
39.54,9009,0
39.56,9017,0
39.58,9021,0
39.60,9026,0
39.62,9029,0
39.64,9031,0
39.66,9030,0
39.68,9031,0
39.70,9031,0
39.72,9030,0
39.74,9031,0
39.76,9030,0
39.78,9032,0
39.80,9030,0
39.82,9031,0
39.84,9029,0
39.86,9026,0
39.88,9030,0
39.90,9030,0
39.92,9031,0
39.94,9025,0
39.96,9021,0
39.98,9023,0
40.00,9023,0
40.02,9022,0
40.04,9022,0
40.06,9024,0
40.08,9020,0
40.10,9023,0
40.12,9020,0
40.14,9026,0
40.16,9023,0
40.18,9025,0
40.20,9024,0
40.22,9027,0
40.24,9029,0
40.26,9030,0
40.28,9032,0
40.30,9033,0
40.32,9034,0
40.34,9034,0
40.36,9038,0
40.38,9042,0
40.40,9036,0
40.42,9038,0
40.44,9038,0
40.46,9041,0
40.48,9038,0
40.50,9045,0
40.52,9040,0
40.54,9040,0
40.55,9042,0
40.57,9049,0
40.59,9045,0
40.61,9047,0
40.63,9047,0
40.65,9047,0
40.67,9049,0
40.69,9048,0
40.71,9045,0
40.73,9048,0
40.75,9050,0
40.77,9050,0
40.79,9053,0
40.81,9056,0
40.83,9048,0
40.85,9046,0
40.87,9049,0
40.89,9052,0
40.91,9050,0
40.93,9058,0
40.95,9053,0
40.97,9051,0
40.99,9054,0
41.01,9053,0
41.03,9051,0
41.05,9053,0
41.07,9053,0
41.09,9052,0
41.11,9053,0
41.13,9053,0
41.15,9048,0
41.17,9053,0
41.19,9055,0
41.21,9054,0
41.23,9048,0
41.25,9055,0
41.27,9049,0
41.29,9051,0
41.31,9052,0
41.33,9052,0
41.35,9055,0
41.37,9052,0
41.39,9051,0
41.41,9052,0
41.43,9052,0
41.45,9050,0
41.47,9049,0
41.49,9052,0
41.51,9052,0
41.53,9050,0
41.55,9052,0
41.56,9053,0
41.58,9052,0
41.60,9050,0
41.62,9051,0
41.64,9055,0
41.66,9050,0
41.68,9051,0
41.70,9053,0
41.72,9052,0
41.74,9051,0
41.76,9048,0
41.78,9052,0
41.80,9053,0
41.82,9048,0
41.84,9051,0
41.86,9048,0
41.88,9047,0
41.90,9052,0
41.92,9050,0
41.94,9051,0
41.96,9049,0
41.98,9049,0
42.00,9051,0
42.02,9051,0
42.04,9052,0
42.06,9052,0
42.08,9048,0
42.10,9052,0
42.12,9050,0
42.14,9052,0
42.16,9050,0
42.18,9050,0
42.20,9048,0
42.22,9052,0
42.24,9051,0
42.26,9052,0
42.28,9050,0
42.30,9054,0
42.32,9050,0
42.34,9051,0
42.36,9051,0
42.38,9048,0
42.40,9049,0
42.42,9050,0
42.44,9051,0
42.46,9050,0
42.48,9054,0
42.50,9050,0
42.52,9053,0
42.54,9047,0
42.56,9050,0
42.57,9051,0
42.59,9053,0
42.61,9051,0
42.63,9052,0
42.65,9051,0
42.67,9055,0
42.69,9047,0
42.71,9054,0
42.73,9051,0
42.75,9047,0
42.77,9052,0
42.79,9050,0
42.81,9053,0
42.83,9050,0
42.85,9055,0
42.87,9048,0
42.89,9047,0
42.91,9054,0
42.93,9050,0
42.95,9049,0
42.97,9053,0
42.99,9054,0
43.01,9051,0
43.03,9047,0
43.05,9051,0
43.07,9051,0
43.09,9052,0
43.11,9051,0
43.13,9053,0
43.15,9050,0
43.17,9052,0
43.19,9049,0
43.21,9052,0
43.23,9051,0
43.25,9049,0
43.27,9050,0
43.29,9048,0
43.31,9048,0
43.33,9052,0
43.35,9050,0
43.37,9052,0
43.39,9049,0
43.41,9051,0
43.43,9051,0
43.45,9050,0
43.47,9050,0
43.49,9052,0
43.51,9046,0
43.53,9050,0
43.55,9049,0
43.57,9053,0
43.58,9052,0
43.60,9054,0
43.62,9051,0
43.64,9050,0
43.66,9048,0
43.68,9051,0
43.70,9046,0
43.72,9050,0
43.74,9048,0
43.76,9047,0
43.78,9050,0
43.80,9049,0
43.82,9046,0
43.84,9052,0
43.86,9050,0
43.88,9050,0
43.90,9048,0
43.92,9051,0
43.94,9046,0
43.96,9050,0
43.98,9050,0
44.00,9050,0
44.02,9050,0
44.04,9053,0
44.06,9049,0
44.08,9047,0
44.10,9049,0
44.12,9047,0
44.14,9043,0
44.16,9052,0
44.18,9051,0
44.20,9051,0
44.22,9051,0
44.24,9048,0
44.26,9049,0
44.28,9052,0
44.30,9051,0
44.32,9049,0
44.34,9048,0
44.36,9047,0
44.38,9051,0
44.40,9052,0
44.42,9049,0
44.44,9052,0
44.46,9048,0
44.48,9047,0
44.50,9050,0
44.52,9051,0
44.54,9049,0
44.56,9052,0
44.58,9054,0
44.59,9048,0
44.61,9048,0
44.63,9048,0
44.65,9052,0
44.67,9049,0
44.69,9049,0
44.71,9051,0
44.73,9052,0
44.75,9048,0
44.77,9053,0
44.79,9052,0
44.81,9054,0
44.83,9051,0
44.85,9052,0
44.87,9054,0
44.89,9057,0
44.91,9050,0
44.93,9050,0
44.95,9052,0
44.97,9048,0
44.99,9049,0
45.01,9054,0
45.03,9049,0
45.05,9050,0
45.07,9052,0
45.09,9052,0
45.11,9050,0
45.13,9051,0
45.15,9050,0
45.17,9049,0
45.19,9049,0
45.21,9053,0
45.23,9051,0
45.25,9054,0
45.27,9051,0
45.29,9055,0
45.31,9050,0
45.33,9051,0
45.35,9052,0
45.37,9050,0
45.39,9051,0
45.41,9054,0
45.43,9054,0
45.45,9055,0
45.47,9052,0
45.49,9053,0
45.51,9054,0
45.53,9050,0
45.55,9053,0
45.57,9056,0
45.58,9052,0
45.60,9055,0
45.62,9054,0
45.64,9054,0
45.66,9051,0
45.68,9055,0
45.70,9051,0
45.72,9052,0
45.74,9053,0
45.76,9054,0
45.78,9053,0
45.80,9053,0
45.82,9049,0
45.84,9053,0
45.86,9049,0
45.88,9051,0
45.90,9052,0
45.92,9057,0
45.94,9052,0
45.96,9049,0
45.98,9048,0
46.00,9049,0
46.02,9048,0
46.04,9050,0
46.06,9054,0
46.08,9049,0
46.10,9052,0
46.12,9049,0
46.14,9053,0
46.16,9049,0
46.18,9048,0
46.20,9048,0
46.22,9051,0
46.24,9053,0
46.26,9055,0
46.28,9057,0
46.30,9055,0
46.32,9054,0
46.34,9055,0
46.36,9057,0
46.38,9054,0
46.40,9058,0
46.42,9055,0
46.44,9059,0
46.46,9059,0
46.48,9054,0
46.50,9060,0
46.52,9057,0
46.54,9056,0
46.56,9056,0
46.58,9055,0
46.59,9057,0
46.61,9058,0
46.63,9052,0
46.65,9052,0
46.67,9058,0
46.69,9054,0
46.71,9054,0
46.73,9054,0
46.75,9050,0
46.77,9052,0
46.79,9053,0
46.81,9052,0
46.83,9051,0
46.85,9056,0
46.87,9052,0
46.89,9053,0
46.91,9054,0
46.93,9053,0
46.95,9055,0
46.97,9051,0
46.99,9056,0
47.01,9056,0
47.03,9052,0
47.05,9055,0
47.07,9055,0
47.09,9049,0
47.11,9055,0
47.13,9052,0
47.15,9051,0
47.17,9050,0
47.19,9056,0
47.21,9052,0
47.23,9050,0
47.25,9055,0
47.27,9053,0
47.29,9049,0
47.31,9054,0
47.33,9051,0
47.35,9049,0
47.37,9050,0
47.39,9052,0
47.41,9050,0
47.43,9052,0
47.45,9048,0
47.47,9050,0
47.49,9052,0
47.51,9048,0
47.53,9050,0
47.55,9052,0
47.57,9051,0
47.59,9049,0
47.60,9054,0
47.62,9052,0
47.64,9050,0
47.66,9049,0
47.68,9050,0
47.70,9050,0
47.72,9050,0
47.74,9054,0
47.76,9052,0
47.78,9050,0
47.80,9048,0
47.82,9047,0
47.84,9051,0
47.86,9049,0
47.88,9051,0
47.90,9050,0
47.92,9054,0
47.94,9053,0
47.96,9052,0
47.98,9051,0
48.00,9054,0
48.02,9051,0
48.04,9052,0
48.06,9053,0
48.08,9051,0
48.10,9050,0
48.12,9052,0
48.14,9050,0
48.16,9053,0
48.18,9054,0
48.20,9050,0
48.22,9045,0
48.24,9051,0
48.26,9046,0
48.28,9047,0
48.30,9050,0
48.32,9046,0
48.34,9048,0
48.36,9045,0
48.38,9047,0
48.40,9046,0
48.42,9049,0
48.44,9045,0
48.46,9052,0
48.48,9048,0
48.50,9049,0
48.52,9047,0
48.54,9045,0
48.56,9051,0
48.58,9045,0
48.59,9046,0
48.61,9046,0
48.63,9049,0
48.65,9043,0
48.67,9043,0
48.69,9042,0
48.71,9044,0
48.73,9038,0
48.75,9039,0
48.77,9037,0
48.79,9034,0
48.81,9029,0
48.83,9028,0
48.85,9025,0
48.87,9025,0
48.89,9021,0
48.91,9016,0
48.93,9010,0
48.95,9009,0
48.97,9015,0
48.99,9013,0
49.01,9017,0
49.03,9019,0
49.05,9019,0
49.07,9016,0
49.09,9023,0
49.11,9019,0
49.13,9017,0
49.15,9018,0
49.17,9012,0
49.19,8999,0
49.21,8988,0
49.23,8995,0
49.25,9112,0
49.27,9751,0
49.29,10140,0
49.31,10161,0
49.33,10183,0
49.35,10226,0
49.37,10236,0
49.39,10241,0
49.41,10247,0
49.43,10236,0
49.45,10225,0
49.47,10229,0
49.49,10240,0
49.51,10202,0
49.53,10212,0
49.55,10227,0
49.57,10220,0
49.58,10197,0
49.60,10225,0
49.62,10221,0
49.64,10227,0
49.66,10217,0
49.68,10219,0
49.70,10221,0
49.72,10219,0
49.74,10208,0
49.76,10187,0
49.78,10139,0
49.80,10036,0
49.82,9959,0
49.84,9910,0
49.86,9882,0
49.88,9863,0
49.90,9860,0
49.92,9858,0
49.94,9853,0
49.96,9850,0
49.98,9845,0
50.00,9846,0
50.02,9849,0
50.04,9842,0
50.06,9848,0
50.08,9845,0
50.10,9842,0
50.12,9842,0
50.14,9844,0
50.16,9848,0
50.18,9848,0
50.20,9850,0
50.22,9854,0
50.24,9855,0
50.26,9859,0
50.28,9862,0
50.30,9862,0
50.32,9860,0
50.34,9862,0
50.36,9866,0
50.38,9862,0
50.40,9865,0
50.42,9863,0
50.44,9861,0
50.46,9864,0
50.48,9865,0
50.50,9869,0
50.52,9863,0
50.54,9873,0
50.56,9868,0
50.58,9876,0
50.59,9870,0
50.61,9873,0
50.63,9872,0
50.65,9871,0
50.67,9874,0
50.69,9875,0
50.71,9879,0
50.73,9879,0
50.75,9877,0
50.77,9882,0
50.79,9882,0
50.81,9889,0
50.83,9886,0
50.85,9884,0
50.87,9895,0
50.89,9891,0
50.91,9897,0
50.93,9897,0
50.95,9898,0
50.97,9905,0
50.99,9908,0
51.01,9912,0
51.03,9913,0
51.05,9916,0
51.07,9918,0
51.09,9923,0
51.11,9923,0
51.13,9921,0
51.15,9923,0
51.17,9924,0
51.19,9929,0
51.21,9929,0
51.23,9930,0
51.25,9931,0
51.27,9934,0
51.29,9930,0
51.31,9928,0
51.33,9935,0
51.35,9934,0
51.37,9930,0
51.39,9933,0
51.41,9933,0
51.43,9930,0
51.45,9930,0
51.47,9936,0
51.49,9931,0
51.51,9937,0
51.53,9932,0
51.55,9935,0
51.57,9934,0
51.58,9936,0
51.60,9933,0
51.62,9930,0
51.64,9939,0
51.66,9934,0
51.68,9935,0
51.70,9932,0
51.72,9936,0
51.74,9937,0
51.76,9933,0
51.78,9935,0
51.80,9936,0
51.82,9936,0
51.84,9936,0
51.86,9932,0
51.88,9935,0
51.90,9936,0
51.92,9938,0
51.94,9938,0
51.96,9936,0
51.98,9934,0
52.00,9934,0
52.02,9936,0
52.04,9934,0
52.06,9934,0
52.08,9935,0
52.10,9937,0
52.12,9936,0
52.14,9932,0
52.16,9935,0
52.18,9936,0
52.20,9937,0
52.22,9932,0
52.24,9935,0
52.26,9931,0
52.28,9935,0
52.30,9934,0
52.32,9936,0
52.34,9936,0
52.36,9940,0
52.38,9935,0
52.40,9933,0
52.42,9936,0
52.44,9936,0
52.46,9935,0
52.48,9933,0
52.50,9935,0
52.52,9932,0
52.54,9937,0
52.56,9936,0
52.58,9934,0
52.59,9938,0
52.61,9937,0
52.63,9932,0
52.65,9937,0
52.67,9930,0
52.69,9935,0
52.71,9933,0
52.73,9934,0
52.75,9937,0
52.77,9933,0
52.79,9934,0
52.81,9935,0
52.83,9936,0
52.85,9933,0
52.87,9935,0
52.89,9934,0
52.91,9931,0
52.93,9931,0
52.95,9936,0
52.97,9934,0
52.99,9930,0
53.01,9934,0
53.03,9938,0
53.05,9936,0
53.07,9933,0
53.09,9936,0
53.11,9934,0
53.13,9932,0
53.15,9933,0
53.17,9933,0
53.19,9932,0
53.21,9934,0
53.23,9935,0
53.25,9935,0
53.27,9932,0
53.29,9935,0
53.31,9935,0
53.33,9934,0
53.35,9934,0
53.37,9936,0
53.39,9937,0
53.41,9935,0
53.43,9932,0
53.45,9929,0
53.47,9931,0
53.49,9935,0
53.51,9932,0
53.53,9933,0
53.55,9934,0
53.57,9929,0
53.58,9937,0
53.60,9932,0
53.62,9934,0
53.64,9930,0
53.66,9936,0
53.68,9935,0
53.70,9935,0
53.72,9931,0
53.74,9935,0
53.76,9933,0
53.78,9934,0
53.80,9934,0
53.82,9932,0
53.84,9934,0
53.86,9934,0
53.88,9934,0
53.90,9930,0
53.92,9935,0
53.94,9928,0
53.96,9933,0
53.98,9934,0
54.00,9931,0
54.02,9934,0
54.04,9934,0
54.06,9933,0
54.08,9937,0
54.10,9932,0
54.12,9934,0
54.14,9931,0
54.16,9932,0
54.18,9934,0
54.20,9936,0
54.22,9930,0
54.24,9936,0
54.26,9932,0
54.28,9933,0
54.30,9934,0
54.32,9929,0
54.34,9932,0
54.36,9936,0
54.38,9933,0
54.40,9933,0
54.42,9935,0
54.44,9933,0
54.46,9934,0
54.48,9931,0
54.50,9935,0
54.52,9930,0
54.54,9933,0
54.56,9934,0
54.58,9930,0
54.59,9937,0
54.61,9934,0
54.63,9931,0
54.65,9930,0
54.67,9932,0
54.69,9934,0
54.71,9935,0
54.73,9930,0
54.75,9933,0
54.77,9932,0
54.79,9931,0
54.81,9930,0
54.83,9932,0
54.85,9937,0
54.87,9933,0
54.89,9929,0
54.91,9936,0
54.93,9932,0
54.95,9931,0
54.97,9930,0
54.99,9934,0
55.01,9932,0
55.03,9929,0
55.05,9932,0
55.07,9933,0
55.09,9933,0
55.11,9931,0
55.13,9931,0
55.15,9932,0
55.17,9930,0
55.19,9932,0
55.21,9931,0
55.23,9934,0
55.25,9929,0
55.27,9937,0
55.29,9932,0
55.31,9932,0
55.33,9931,0
55.35,9936,0
55.37,9933,0
55.39,9933,0
55.41,9933,0
55.43,9929,0
55.45,9933,0
55.47,9932,0
55.49,9933,0
55.51,9929,0
55.53,9933,0
55.55,9933,0
55.57,9930,0
55.58,9929,0
55.60,9931,0
55.62,9930,0
55.64,9931,0
55.66,9932,0
55.68,9932,0
55.70,9932,0
55.72,9932,0
55.74,9933,0
55.76,9932,0
55.78,9934,0
55.80,9936,0
55.82,9936,0
55.84,9933,0
55.86,9937,0
55.88,9935,0
55.90,9931,0
55.92,9932,0
55.94,9935,0
55.96,9929,0
55.98,9932,0
56.00,9938,0
56.02,9934,0
56.04,9934,0
56.06,9934,0
56.08,9932,0
56.10,9938,0
56.12,9933,0
56.14,9933,0
56.16,9934,0
56.18,9934,0
56.20,9933,0
56.22,9935,0
56.24,9935,0
56.26,9932,0
56.28,9935,0
56.30,9936,0
56.32,9932,0
56.34,9936,0
56.36,9928,0
56.38,9933,0
56.40,9929,0
56.42,9929,0
56.44,9924,0
56.46,9922,0
56.48,9922,0
56.50,9921,0
56.52,9921,0
56.54,9918,0
56.56,9920,0
56.58,9917,0
56.59,9918,0
56.61,9918,0
56.63,9917,0
56.65,9919,0
56.67,9918,0
56.69,9918,0
56.71,9916,0
56.73,9915,0
56.75,9916,0
56.77,9913,0
56.79,9919,0
56.81,9920,0
56.83,9921,0
56.85,9921,0
56.87,9920,0
56.89,9920,0
56.91,9919,0
56.93,9916,0
56.95,9917,0
56.97,9917,0
56.99,9919,0
57.01,9917,0
57.03,9917,0
57.05,9915,0
57.07,9915,0
57.09,9911,0
57.11,9917,0
57.13,9917,0
57.15,9916,0
57.17,9912,0
57.19,9915,0
57.21,9916,0
57.23,9914,0
57.25,9911,0
57.27,9912,0
57.29,9914,0
57.31,9913,0
57.33,9910,0
57.35,9907,0
57.37,9907,0
57.39,9909,0
57.41,9907,0
57.43,9902,0
57.45,9906,0
57.47,9907,0
57.49,9908,0
57.51,9905,0
57.53,9905,0
57.55,9908,0
57.57,9905,0
57.58,9906,0
57.60,9909,0
57.62,9905,0
57.64,9908,0
57.66,9908,0
57.68,9906,0
57.70,9905,0
57.72,9908,0
57.74,9904,0
57.76,9904,0
57.78,9901,0
57.80,9901,0
57.82,9898,0
57.84,9906,0
57.86,9901,0
57.88,9902,0
57.90,9901,0
57.92,9903,0
57.94,9904,0
57.96,9902,0
57.98,9901,0
58.00,9902,0
58.02,9897,0
58.04,9902,0
58.06,9902,0
58.08,9902,0
58.10,9903,0
58.12,9902,0
58.14,9901,0
58.16,9904,0
58.18,9902,0
58.20,9903,0
58.22,9907,0
58.24,9901,0
58.26,9904,0
58.28,9903,0
58.30,9905,0
58.32,9908,0
58.34,9906,0
58.36,9906,0
58.38,9906,0
58.40,9903,0
58.42,9901,0
58.44,9888,0
58.46,9886,0
58.48,9876,0
58.50,9867,0
58.52,9858,0
58.54,9852,0
58.56,9841,0
58.58,9841,0
58.59,9838,0
58.61,9830,0
58.63,9824,0
58.65,9813,0
58.67,9814,0
58.69,9812,0
58.71,9810,0
58.73,9815,0
58.75,9824,0
58.77,9833,0
58.79,9847,0
58.81,9872,0
58.83,9898,0
58.85,9925,0
58.87,9937,0
58.89,9945,0
58.91,9958,0
58.93,9981,0
58.95,9993,0
58.97,10000,0
58.99,10003,0
59.01,10001,0
59.03,10004,0
59.05,10008,0
59.07,10015,0
59.09,10022,0
59.11,10027,0
59.13,10024,0
59.15,10027,0
59.17,10036,0
59.19,10042,0
59.21,10041,0
59.23,10038,0
59.25,10048,0
59.27,10069,0
59.29,10091,0
59.31,10123,0
59.33,10175,0
59.35,10186,0
59.37,10148,0
59.39,10088,0
59.41,10036,0
59.43,10006,0
59.45,9982,0
59.47,9958,0
59.49,9982,0
59.51,9981,0
59.53,10050,0
59.55,10071,0
59.57,10131,0
59.58,10224,0
59.60,10259,0
59.62,10208,0
59.64,10151,0
59.66,10150,0
59.68,9869,0
59.70,9066,0
59.72,8970,0
59.74,8986,0
59.76,9004,0
59.78,9011,0
59.80,9018,0
59.82,9021,0
59.84,9027,0
59.86,9027,0
59.88,9028,0
59.90,9028,0
59.92,9024,0
59.94,9019,0
59.96,9013,0
59.98,9004,0
60.00,9003,0
60.02,9007,0
60.04,9007,0
60.06,9013,0
60.08,9007,0
60.10,9007,0
60.12,9008,0
60.14,9010,0
60.16,9012,0
60.18,9011,0
60.20,9014,0
60.22,9021,0
60.24,9029,0
60.26,9036,0
60.28,9041,0
60.30,9040,0
60.32,9049,0
60.34,9047,0
60.36,9049,0
60.38,9048,0
60.40,9048,0
60.42,9053,0
60.44,9055,0
60.46,9055,0
60.48,9060,0
60.50,9063,0
60.52,9064,0
60.54,9066,0
60.56,9070,0
60.58,9071,0
60.59,9074,0
60.61,9072,0
60.63,9072,0
60.65,9076,0
60.67,9072,0
60.69,9074,0
60.71,9079,0
60.73,9073,0
60.75,9071,0
60.77,9070,0
60.79,9072,0
60.81,9071,0
60.83,9072,0
60.85,9072,0
60.87,9076,0
60.89,9073,0
60.91,9073,0
60.93,9072,0
60.95,9068,0
60.97,9075,0
60.99,9071,0
61.01,9074,0
61.03,9073,0
61.05,9069,0
61.07,9070,0
61.09,9065,0
61.11,9069,0
61.13,9072,0
61.15,9066,0
61.17,9066,0
61.19,9067,0
61.21,9071,0
61.23,9069,0
61.25,9068,0
61.27,9068,0
61.29,9069,0
61.31,9068,0
61.33,9068,0
61.35,9069,0
61.37,9068,0
61.39,9072,0
61.41,9066,0
61.43,9071,0
61.45,9068,0
61.47,9067,0
61.49,9066,0
61.51,9069,0
61.53,9070,0
61.55,9069,0
61.57,9069,0
61.58,9065,0
61.60,9068,0
61.62,9069,0
61.64,9067,0
61.66,9070,0
61.68,9067,0
61.70,9070,0
61.72,9071,0
61.74,9069,0
61.76,9067,0
61.78,9067,0
61.80,9064,0
61.82,9068,0
61.84,9069,0
61.86,9069,0
61.88,9066,0
61.90,9065,0
61.92,9066,0
61.94,9066,0
61.96,9063,0
61.98,9071,0
62.00,9065,0
62.02,9067,0
62.04,9069,0
62.06,9067,0
62.08,9066,0
62.10,9063,0
62.12,9063,0
62.14,9066,0
62.16,9067,0
62.18,9065,0
62.20,9067,0
62.22,9067,0
62.24,9067,0
62.26,9070,0
62.28,9065,0
62.30,9070,0
62.32,9064,0
62.34,9065,0
62.36,9066,0
62.38,9067,0
62.40,9068,0
62.42,9063,0
62.44,9070,0
62.46,9069,0
62.48,9066,0
62.50,9066,0
62.52,9069,0
62.54,9066,0
62.56,9067,0
62.57,9073,0
62.59,9070,0
62.61,9070,0
62.63,9069,0
62.65,9069,0
62.67,9067,0
62.69,9070,0
62.71,9068,0
62.73,9069,0
62.75,9068,0
62.77,9072,0
62.79,9070,0
62.81,9071,0
62.83,9071,0
62.85,9069,0
62.87,9068,0
62.89,9064,0
62.91,9069,0
62.93,9064,0
62.95,9067,0
62.97,9070,0
62.99,9063,0
63.01,9066,0
63.03,9067,0
63.05,9064,0
63.07,9068,0
63.09,9066,0
63.11,9067,0
63.13,9066,0
63.15,9065,0
63.17,9064,0
63.19,9066,0
63.21,9065,0
63.23,9068,0
63.25,9067,0
63.27,9067,0
63.29,9066,0
63.31,9072,0
63.33,9069,0
63.35,9065,0
63.37,9069,0
63.39,9070,0
63.41,9068,0
63.43,9069,0
63.45,9064,0
63.47,9070,0
63.49,9066,0
63.51,9064,0
63.53,9068,0
63.55,9067,0
63.56,9071,0
63.58,9068,0
63.60,9066,0
63.62,9069,0
63.64,9064,0
63.66,9067,0
63.68,9065,0
63.70,9066,0
63.72,9063,0
63.74,9064,0
63.76,9064,0
63.78,9066,0
63.80,9066,0
63.82,9063,0
63.84,9062,0
63.86,9062,0
63.88,9064,0
63.90,9062,0
63.92,9064,0
63.94,9064,0
63.96,9068,0
63.98,9063,0
64.00,9062,0
64.02,9065,0
64.04,9064,0
64.06,9063,0
64.08,9067,0
64.10,9064,0
64.12,9066,0
64.14,9060,0
64.16,9067,0
64.18,9064,0
64.20,9068,0
64.22,9065,0
64.24,9062,0
64.26,9062,0
64.28,9067,0
64.30,9066,0
64.32,9063,0
64.34,9064,0
64.36,9061,0
64.38,9062,0
64.40,9064,0
64.42,9061,0
64.44,9064,0
64.46,9066,0
64.48,9066,0
64.50,9064,0
64.52,9060,0
64.53,9065,0
64.55,9064,0
64.57,9063,0
64.59,9060,0
64.61,9064,0
64.63,9062,0
64.65,9066,0
64.67,9061,0
64.69,9064,0
64.71,9066,0
64.73,9064,0
64.75,9069,0
64.77,9059,0
64.79,9063,0
64.81,9056,0
64.83,9061,0
64.85,9063,0
64.87,9060,0
64.89,9061,0
64.91,9063,0
64.93,9063,0
64.95,9065,0
64.97,9065,0
64.99,9063,0
65.01,9065,0
65.03,9064,0
65.05,9066,0
65.07,9064,0
65.09,9065,0
65.11,9061,0
65.13,9065,0
65.15,9062,0
65.17,9063,0
65.19,9064,0
65.21,9064,0
65.23,9064,0
65.25,9062,0
65.27,9067,0
65.29,9064,0
65.31,9063,0
65.33,9062,0
65.35,9061,0
65.37,9066,0
65.39,9068,0
65.41,9063,0
65.43,9063,0
65.45,9062,0
65.47,9064,0
65.49,9068,0
65.51,9066,0
65.52,9067,0
65.54,9069,0
65.56,9067,0
65.58,9065,0
65.60,9064,0
65.62,9068,0
65.64,9067,0
65.66,9068,0
65.68,9071,0
65.70,9065,0
65.72,9067,0
65.74,9068,0
65.76,9065,0
65.78,9069,0
65.80,9071,0
65.82,9069,0
65.84,9069,0
65.86,9071,0
65.88,9069,0
65.90,9071,0
65.92,9074,0
65.94,9074,0
65.96,9072,0
65.98,9072,0
66.00,9072,0
66.02,9070,0
66.04,9068,0
66.06,9068,0
66.08,9074,0
66.10,9071,0
66.12,9070,0
66.14,9074,0
66.16,9075,0
66.18,9073,0
66.20,9074,0
66.22,9073,0
66.24,9074,0
66.26,9071,0
66.28,9075,0
66.30,9075,0
66.32,9072,0
66.34,9072,0
66.36,9073,0
66.38,9075,0
66.40,9071,0
66.42,9073,0
66.44,9068,0
66.46,9074,0
66.48,9070,0
66.49,9072,0
66.51,9071,0
66.53,9071,0
66.55,9072,0
66.57,9071,0
66.59,9069,0
66.61,9073,0
66.63,9069,0
66.65,9078,0
66.67,9072,0
66.69,9073,0
66.71,9074,0
66.73,9070,0
66.75,9073,0
66.77,9069,0
66.79,9067,0
66.81,9071,0
66.83,9072,0
66.85,9072,0
66.87,9070,0
66.89,9072,0
66.91,9078,0
66.93,9072,0
66.95,9070,0
66.97,9070,0
66.99,9075,0
67.01,9072,0
67.03,9071,0
67.05,9070,0
67.07,9071,0
67.09,9070,0
67.11,9068,0
67.13,9074,0
67.15,9069,0
67.17,9070,0
67.19,9071,0
67.21,9072,0
67.23,9068,0
