216.98,13340,0
216.99,13351,0
217.01,13369,0
217.03,13378,0
217.05,13373,0
217.07,13380,0
217.09,13388,0
217.11,13409,0
217.13,13420,0
217.15,13452,0
217.17,13449,0
217.19,13476,0
217.21,13469,0
217.23,13489,0
217.25,13498,0
217.27,13514,0
217.29,13510,0
217.31,13516,0
217.33,13531,0
217.35,13536,0
217.37,13577,0
217.39,13579,0
217.41,13576,0
217.43,13578,0
217.45,13614,0
217.47,13623,0
217.49,13630,0
217.51,13646,0
217.53,13626,0
217.55,13649,0
217.57,13668,0
217.59,13647,0
217.61,13659,0
217.63,13664,0
217.65,13666,0
217.67,13651,0
217.69,13625,0
217.71,13625,0
217.73,13633,0
217.75,13654,0
217.77,13631,0
217.79,13630,0
217.81,13641,0
217.83,13646,0
217.85,13649,0
217.87,13665,0
217.89,13696,0
217.91,13676,0
217.92,13706,0
217.94,13709,0
217.96,13691,0
217.98,13705,0
218.00,13727,0
218.02,13716,0
218.04,13704,0
218.06,13733,0
218.08,13715,0
218.10,13721,0
218.12,13742,0
218.14,13733,0
218.16,13730,0
218.18,13752,0
218.20,13762,0
218.22,13753,0
218.24,13742,0
218.26,13742,0
218.28,13768,0
218.30,13763,0
218.32,13760,0
218.34,13744,0
218.36,13698,0
218.38,13696,0
218.40,13657,0
218.42,13670,0
218.44,13634,0
218.46,13632,0
218.48,13619,0
218.50,13621,0
218.52,13622,0
218.54,13625,0
218.56,13646,0
218.58,13668,0
218.60,13645,0
218.62,13657,0
218.64,13668,0
218.66,13685,0
218.68,13709,0
218.70,13709,0
218.72,13699,0
218.74,13706,0
218.76,13720,0
218.78,13754,0
218.80,13756,0
218.82,13750,0
218.83,13763,0
218.85,13772,0
218.87,13801,0
218.89,13806,0
218.91,13820,0
218.93,13804,0
218.95,13826,0
218.97,13822,0
218.99,13831,0
219.01,13845,0
219.03,13857,0
219.05,13899,0
219.07,13880,0
219.09,13849,0
219.11,13841,0
219.13,13792,0
219.15,13764,0
219.17,13742,0
219.19,13754,0
219.21,13716,0
219.23,13714,0
219.25,13724,0
219.27,13704,0
219.29,13710,0
219.31,13710,0
219.33,13722,0
219.35,13693,0
219.37,13697,0
219.39,13686,0
219.41,13666,0
219.43,13675,0
219.45,13659,0
219.47,13655,0
219.49,13655,0
219.51,13668,0
219.53,13664,0
219.55,13668,0
219.57,13706,0
219.59,13681,0
219.61,13711,0
219.63,13717,0
219.65,13701,0
219.67,13722,0
219.69,13737,0
219.71,13715,0
219.73,13727,0
219.74,13723,0
219.76,13744,0
219.78,13758,0
219.80,13752,0
219.82,13749,0
219.84,13749,0
219.86,13748,0
219.88,13692,0
219.90,13673,0
219.92,13628,0
219.94,13571,0
219.96,13567,0
219.98,13545,0
220.00,13538,0
220.02,13506,0
220.04,13524,0
220.06,13493,0
220.08,13493,0
220.10,13511,0
220.12,13490,0
220.14,13478,0
220.16,13469,0
220.18,13468,0
220.20,13455,0
220.22,13445,0
220.24,13441,0
220.26,13442,0
220.28,13453,0
220.30,13445,0
220.32,13441,0
220.34,13479,0
220.36,13448,0
220.38,13472,0
220.40,13482,0
220.42,13460,0
220.44,13479,0
220.46,13499,0
220.48,13503,0
220.50,13479,0
220.52,13512,0
220.54,13495,0
220.56,13505,0
220.58,13510,0
220.60,13541,0
220.62,13538,0
220.64,13520,0
220.65,13489,0
220.67,13478,0
220.69,13416,0
220.71,13381,0
220.73,13351,0
220.75,13348,0
220.77,13339,0
220.79,13326,0
220.81,13308,0
220.83,13328,0
220.85,13313,0
220.87,13311,0
220.89,13311,0
220.91,13332,0
220.93,13327,0
220.95,13314,0
220.97,13296,0
220.99,13299,0
221.01,13285,0
221.03,13298,0
221.05,13288,0
221.07,13291,0
221.09,13294,0
221.11,13295,0
221.13,13327,0
221.15,13329,0
221.17,13338,0
221.19,13317,0
221.21,13328,0
221.23,13325,0
221.25,13348,0
221.27,13344,0
221.29,13334,0
221.31,13342,0
221.33,13343,0
221.35,13364,0
221.37,13373,0
221.39,13351,0
221.41,13357,0
221.43,13359,0
221.45,13378,0
221.47,13354,0
221.49,13330,0
221.51,13285,0
221.53,13221,0
221.54,13205,0
221.56,13142,0
221.58,13134,0
221.60,13107,0
221.62,13105,0
221.64,13104,0
221.66,13084,0
221.68,13085,0
221.70,13090,0
221.72,13113,0
221.74,13089,0
221.76,13073,0
221.78,13066,0
221.80,13054,0
221.82,13074,0
221.84,13062,0
221.86,13064,0
221.88,13037,0
221.90,13034,0
221.92,13072,0
221.94,13050,0
221.96,13077,0
221.98,13076,0
222.00,13090,0
222.02,13110,0
222.04,13100,0
222.06,13108,0
222.08,13136,0
222.10,13139,0
222.12,13152,0
222.14,13139,0
222.16,13159,0
222.18,13177,0
222.20,13162,0
222.22,13155,0
222.24,13185,0
222.26,13164,0
222.28,13159,0
222.30,13174,0
222.32,13166,0
222.34,13149,0
222.36,13135,0
222.38,13077,0
222.40,13032,0
222.42,13021,0
222.43,12972,0
222.45,12938,0
222.47,12936,0
222.49,12931,0
222.51,12911,0
222.53,12915,0
222.55,12946,0
222.57,12920,0
222.59,12920,0
222.61,12937,0
222.63,12922,0
222.65,12916,0
222.67,12910,0
222.69,12903,0
222.71,12900,0
222.73,12902,0
222.75,12898,0
222.77,12918,0
222.79,12901,0
222.81,12910,0
222.83,12928,0
222.85,12927,0
222.87,12901,0
222.89,12934,0
222.91,12934,0
222.93,12892,0
222.95,12908,0
222.97,12901,0
222.99,12909,0
223.01,12945,0
223.03,12957,0
223.05,12959,0
223.07,12968,0
223.09,12946,0
223.11,12973,0
223.13,12980,0
223.15,12963,0
223.17,12984,0
223.19,12982,0
223.21,12953,0
223.23,12928,0
223.25,12876,0
223.27,12847,0
223.29,12799,0
223.31,12771,0
223.32,12772,0
223.34,12769,0
223.36,12760,0
223.38,12767,0
223.40,12778,0
223.42,12792,0
223.44,12804,0
223.46,12843,0
223.48,12828,0
223.50,12840,0
223.52,12851,0
223.54,12851,0
223.56,12884,0
223.58,12879,0
223.60,12880,0
223.62,12880,0
223.64,12923,0
223.66,12939,0
223.68,12941,0
223.70,12964,0
223.72,12972,0
223.74,12996,0
223.76,13023,0
223.78,13050,0
223.80,13056,0
223.82,13086,0
223.84,13131,0
223.86,13125,0
223.88,13144,0
223.90,13156,0
223.92,13174,0
223.94,13202,0
223.96,13205,0
223.98,13228,0
224.00,13222,0
224.02,13247,0
224.04,13245,0
224.06,13251,0
224.08,13224,0
224.10,13197,0
224.12,13135,0
224.14,13104,0
224.16,13066,0
224.18,13079,0
224.20,13069,0
224.21,13059,0
224.23,13044,0
224.25,13024,0
224.27,13023,0
224.29,13015,0
224.31,13005,0
224.33,13023,0
224.35,13014,0
224.37,13000,0
224.39,12986,0
224.41,12966,0
224.43,12958,0
224.45,12965,0
224.47,12995,0
224.49,12991,0
224.51,13005,0
224.53,13012,0
224.55,13035,0
224.57,13043,0
224.59,13057,0
224.61,13077,0
224.63,13118,0
224.65,13118,0
224.67,13127,0
224.69,13138,0
224.71,13177,0
224.73,13193,0
224.75,13209,0
224.77,13195,0
224.79,13208,0
224.81,13219,0
224.83,13231,0
224.85,13241,0
224.87,13276,0
224.89,13273,0
224.91,13276,0
224.93,13279,0
224.95,13293,0
224.97,13252,0
224.99,13211,0
225.01,13158,0
225.03,13121,0
225.05,13106,0
225.07,13093,0
225.09,13112,0
225.10,13098,0
225.12,13098,0
225.14,13098,0
225.16,13134,0
225.18,13125,0
225.20,13136,0
225.22,13140,0
225.24,13154,0
225.26,13148,0
225.28,13151,0
225.30,13159,0
225.32,13204,0
225.34,13206,0
225.36,13220,0
225.38,13223,0
225.40,13251,0
225.42,13256,0
225.44,13273,0
225.46,13286,0
225.48,13331,0
225.50,13325,0
225.52,13350,0
225.54,13356,0
225.56,13390,0
225.58,13398,0
225.60,13427,0
225.62,13423,0
225.64,13447,0
225.66,13456,0
225.68,13480,0
225.70,13488,0
225.72,13514,0
225.74,13531,0
225.76,13544,0
225.78,13528,0
225.80,13555,0
225.82,13524,0
225.84,13501,0
225.86,13434,0
225.88,13394,0
225.90,13371,0
225.92,13353,0
225.94,13366,0
225.96,13344,0
225.98,13339,0
225.99,13344,0
226.01,13335,0
226.03,13343,0
226.05,13343,0
226.07,13348,0
226.09,13352,0
226.11,13358,0
226.13,13354,0
226.15,13330,0
226.17,13354,0
226.19,13348,0
226.21,13342,0
226.23,13356,0
226.25,13382,0
226.27,13390,0
226.29,13405,0
226.31,13409,0
226.33,13442,0
226.35,13439,0
226.37,13449,0
226.39,13468,0
226.41,13513,0
226.43,13500,0
226.45,13516,0
226.47,13548,0
226.49,13548,0
226.51,13574,0
226.53,13596,0
226.55,13623,0
226.57,13634,0
226.59,13613,0
226.61,13616,0
226.63,13660,0
226.65,13635,0
226.67,13648,0
226.69,13690,0
226.71,13677,0
226.73,13676,0
226.75,13676,0
226.77,13640,0
226.79,13586,0
226.81,13588,0
226.83,13554,0
226.85,13528,0
226.86,13515,0
226.88,13506,0
226.90,13504,0
226.92,13507,0
226.94,13513,0
226.96,13515,0
226.98,13527,0
227.00,13509,0
227.02,13513,0
227.04,13520,0
227.06,13526,0
227.08,13528,0
227.10,13510,0
227.12,13538,0
227.14,13542,0
227.16,13519,0
227.18,13559,0
227.20,13550,0
227.22,13552,0
227.24,13558,0
227.26,13575,0
227.28,13575,0
227.30,13587,0
227.32,13625,0
227.34,13604,0
227.36,13618,0
227.38,13653,0
227.40,13641,0
227.42,13651,0
227.44,13684,0
227.46,13696,0
227.48,13689,0
227.50,13707,0
227.52,13698,0
227.54,13716,0
227.56,13708,0
227.58,13719,0
227.60,13731,0
227.62,13702,0
227.64,13642,0
227.66,13612,0
227.68,13569,0
227.70,13573,0
227.72,13530,0
227.73,13539,0
227.75,13511,0
227.77,13502,0
227.79,13498,0
227.81,13495,0
227.83,13505,0
227.85,13487,0
227.87,13505,0
227.89,13478,0
227.91,13485,0
227.93,13470,0
227.95,13468,0
227.97,13448,0
227.99,13442,0
228.01,13447,0
228.03,13454,0
228.05,13480,0
228.07,13455,0
228.09,13461,0
228.11,13470,0
228.13,13478,0
228.15,13487,0
228.17,13486,0
228.19,13514,0
228.21,13526,0
228.23,13514,0
228.25,13528,0
228.27,13526,0
228.29,13536,0
228.31,13538,0
228.33,13549,0
228.35,13554,0
228.37,13582,0
228.39,13570,0
228.41,13599,0
228.43,13593,0
228.45,13592,0
228.47,13591,0
228.49,13574,0
228.51,13540,0
228.53,13501,0
228.55,13462,0
228.57,13441,0
228.59,13441,0
228.60,13409,0
228.62,13428,0
228.64,13419,0
228.66,13401,0
228.68,13402,0
228.70,13424,0
228.72,13412,0
228.74,13412,0
228.76,13434,0
228.78,13418,0
228.80,13424,0
228.82,13416,0
228.84,13429,0
228.86,13411,0
228.88,13422,0
228.90,13413,0
228.92,13412,0
228.94,13428,0
228.96,13430,0
228.98,13435,0
229.00,13440,0
229.02,13451,0
229.04,13462,0
229.06,13474,0
229.08,13491,0
229.10,13497,0
229.12,13517,0
229.14,13498,0
229.16,13511,0
229.18,13520,0
229.20,13496,0
229.22,13503,0
229.24,13512,0
229.26,13520,0
229.28,13555,0
229.30,13545,0
229.32,13561,0
229.34,13578,0
229.36,13594,0
229.38,13614,0
229.40,13616,0
229.42,13613,0
229.44,13561,0
229.46,13548,0
229.47,13501,0
229.49,13492,0
229.51,13462,0
229.53,13451,0
229.55,13455,0
229.57,13461,0
229.59,13479,0
229.61,13463,0
229.63,13466,0
229.65,13471,0
229.67,13506,0
229.69,13512,0
229.71,13511,0
229.73,13488,0
229.75,13490,0
229.77,13488,0
229.79,13524,0
229.81,13503,0
229.83,13510,0
229.85,13517,0
229.87,13530,0
229.89,13565,0
229.91,13576,0
229.93,13586,0
229.95,13574,0
229.97,13585,0
229.99,13618,0
230.01,13635,0
230.03,13647,0
230.05,13635,0
230.07,13646,0
230.09,13657,0
230.11,13695,0
230.13,13710,0
230.15,13698,0
230.17,13712,0
230.19,13720,0
230.21,13762,0
230.23,13772,0
230.25,13783,0
230.27,13773,0
230.29,13780,0
230.31,13767,0
230.33,13773,0
230.34,13710,0
230.36,13692,0
230.38,13680,0
230.40,13670,0
230.42,13640,0
230.44,13636,0
230.46,13634,0
230.48,13666,0
230.50,13656,0
230.52,13644,0
230.54,13646,0
230.56,13653,0
230.58,13673,0
230.60,13665,0
230.62,13674,0
230.64,13657,0
230.66,13671,0
230.68,13661,0
230.70,13684,0
230.72,13678,0
230.74,13689,0
230.76,13708,0
230.78,13711,0
230.80,13722,0
230.82,13729,0
230.84,13749,0
230.86,13777,0
230.88,13771,0
230.90,13774,0
230.92,13779,0
230.94,13794,0
230.96,13816,0
230.98,13812,0
231.00,13823,0
231.02,13858,0
231.04,13838,0
231.06,13870,0
231.08,13875,0
231.10,13895,0
231.12,13883,0
231.14,13885,0
231.16,13857,0
231.18,13840,0
231.20,13797,0
231.21,13775,0
231.23,13757,0
231.25,13716,0
231.27,13711,0
231.29,13708,0
231.31,13699,0
231.33,13667,0
231.35,13678,0
231.37,13652,0
231.39,13644,0
231.41,13631,0
231.43,13630,0
231.45,13597,0
231.47,13567,0
231.49,13565,0
231.51,13543,0
231.53,13532,0
231.55,13508,0
231.57,13524,0
231.59,13493,0
231.61,13486,0
231.63,13491,0
231.65,13511,0
231.67,13491,0
231.69,13490,0
231.71,13510,0
231.73,13484,0
231.75,13514,0
231.77,13505,0
231.79,13506,0
231.81,13480,0
231.83,13488,0
231.85,13475,0
231.87,13474,0
231.89,13475,0
231.91,13472,0
231.93,13467,0
231.95,13455,0
231.97,13444,0
231.99,13385,0
232.01,13338,0
232.03,13266,0
232.05,13248,0
232.07,13194,0
232.08,13175,0
232.10,13167,0
232.12,13142,0
232.14,13140,0
232.16,13134,0
232.18,13162,0
232.20,13140,0
232.22,13148,0
232.24,13174,0
232.26,13144,0
232.28,13161,0
232.30,13160,0
232.32,13140,0
232.34,13145,0
232.36,13169,0
232.38,13183,0
232.40,13181,0
232.42,13198,0
232.44,13193,0
232.46,13198,0
232.48,13227,0
232.50,13210,0
232.52,13216,0
232.54,13218,0
232.56,13232,0
232.58,13234,0
232.60,13241,0
232.62,13261,0
232.64,13254,0
232.66,13292,0
232.68,13300,0
232.70,13313,0
232.72,13304,0
232.74,13340,0
232.76,13323,0
232.78,13305,0
232.80,13298,0
232.82,13223,0
232.84,13179,0
232.86,13151,0
232.88,13128,0
232.90,13109,0
232.92,13096,0
232.94,13103,0
232.95,13101,0
232.97,13111,0
232.99,13112,0
233.01,13117,0
233.03,13158,0
233.05,13136,0
233.07,13145,0
233.09,13168,0
233.11,13152,0
233.13,13165,0
233.15,13168,0
233.17,13190,0
233.19,13175,0
233.21,13187,0
233.23,13204,0
233.25,13214,0
233.27,13229,0
233.29,13238,0
233.31,13256,0
233.33,13271,0
233.35,13306,0
233.37,13298,0
233.39,13312,0
233.41,13351,0
233.43,13343,0
233.45,13383,0
233.47,13391,0
233.49,13402,0
233.51,13403,0
233.53,13428,0
233.55,13452,0
233.57,13451,0
233.59,13467,0
233.61,13467,0
233.63,13474,0
233.65,13465,0
233.67,13422,0
233.69,13384,0
233.71,13343,0
233.73,13326,0
233.75,13296,0
233.77,13284,0
233.79,13277,0
233.80,13276,0
233.82,13269,0
233.84,13270,0
233.86,13276,0
233.88,13301,0
233.90,13289,0
233.92,13298,0
233.94,13324,0
233.96,13302,0
233.98,13303,0
234.00,13304,0
234.02,13303,0
234.04,13328,0
234.06,13315,0
234.08,13320,0
234.10,13352,0
234.12,13336,0
234.14,13341,0
234.16,13376,0
234.18,13364,0
234.20,13384,0
234.22,13386,0
234.24,13401,0
234.26,13417,0
234.28,13426,0
234.30,13430,0
234.32,13443,0
234.34,13461,0
234.36,13460,0
234.38,13466,0
234.40,13502,0
234.42,13486,0
234.44,13504,0
234.46,13504,0
234.48,13478,0
234.50,13469,0
234.52,13406,0
234.54,13365,0
234.56,13364,0
234.58,13312,0
234.60,13308,0
234.62,13313,0
234.64,13284,0
234.66,13309,0
234.67,13281,0
234.69,13283,0
234.71,13298,0
234.73,13306,0
234.75,13318,0
234.77,13291,0
234.79,13320,0
234.81,13293,0
234.83,13296,0
234.85,13325,0
234.87,13312,0
234.89,13320,0
234.91,13332,0
234.93,13354,0
234.95,13358,0
234.97,13393,0
234.99,13408,0
235.01,13407,0
235.03,13413,0
235.05,13458,0
235.07,13459,0
235.09,13456,0
235.11,13487,0
235.13,13475,0
235.15,13490,0
235.17,13497,0
235.19,13520,0
235.21,13497,0
235.23,13505,0
235.25,13479,0
235.27,13492,0
235.29,13462,0
235.31,13455,0
235.33,13449,0
235.35,13448,0
235.37,13408,0
235.39,13360,0
235.41,13294,0
235.43,13272,0
235.45,13209,0
235.47,13175,0
235.49,13159,0
235.51,13134,0
235.52,13119,0
235.54,13107,0
235.56,13112,0
235.58,13129,0
235.60,13115,0
235.62,13119,0
235.64,13123,0
235.66,13136,0
235.68,13158,0
235.70,13144,0
235.72,13162,0
235.74,13193,0
235.76,13194,0
235.78,13200,0
235.80,13216,0
235.82,13253,0
235.84,13253,0
235.86,13296,0
235.88,13296,0
235.90,13312,0
235.92,13339,0
235.94,13334,0
235.96,13347,0
235.98,13366,0
236.00,13394,0
236.02,13400,0
236.04,13404,0
236.06,13418,0
236.08,13431,0
236.10,13456,0
236.12,13486,0
236.14,13486,0
236.16,13490,0
236.18,13502,0
236.20,13530,0
236.22,13519,0
236.24,13472,0
236.26,13421,0
236.28,13388,0
236.30,13355,0
236.32,13356,0
236.34,13323,0
236.36,13337,0
236.37,13312,0
236.39,13330,0
236.41,13304,0
236.43,13308,0
236.45,13315,0
236.47,13335,0
236.49,13314,0
236.51,13331,0
236.53,13298,0
236.55,13305,0
236.57,13285,0
236.59,13280,0
236.61,13284,0
236.63,13295,0
236.65,13295,0
236.67,13286,0
236.69,13280,0
236.71,13278,0
236.73,13284,0
236.75,13297,0
236.77,13274,0
236.79,13270,0
236.81,13281,0
236.83,13265,0
236.85,13268,0
236.87,13257,0
236.89,13276,0
236.91,13273,0
236.93,13279,0
236.95,13251,0
236.97,13253,0
236.99,13254,0
237.01,13270,0
237.03,13272,0
237.05,13268,0
237.07,13268,0
237.09,13268,0
237.11,13250,0
237.13,13214,0
237.15,13164,0
237.17,13123,0
237.19,13118,0
237.21,13072,0
237.22,13068,0
237.24,13054,0
237.26,13066,0
237.28,13043,0
237.30,13047,0
237.32,13060,0
237.34,13053,0
237.36,13066,0
237.38,13032,0
237.40,13029,0
237.42,13013,0
237.44,13010,0
237.46,12995,0
237.48,12971,0
237.50,12961,0
237.52,12961,0
237.54,12975,0
237.56,12970,0
237.58,12961,0
237.60,12966,0
237.62,12976,0
237.64,13003,0
237.66,13001,0
237.68,13002,0
237.70,13027,0
237.72,13026,0
237.74,13035,0
237.76,13041,0
237.78,13056,0
237.80,13086,0
237.82,13091,0
237.84,13096,0
237.86,13128,0
237.88,13132,0
237.90,13148,0
237.92,13136,0
237.94,13144,0
237.96,13169,0
237.98,13155,0
238.00,13136,0
238.02,13069,0
238.04,13032,0
238.06,13005,0
238.08,12995,0
238.09,12978,0
238.11,12963,0
238.13,12960,0
238.15,12957,0
238.17,12976,0
238.19,12967,0
238.21,12962,0
238.23,12974,0
238.25,12966,0
238.27,12956,0
238.29,12957,0
238.31,12952,0
238.33,12954,0
238.35,12953,0
238.37,12955,0
238.39,12980,0
238.41,12978,0
238.43,13006,0
238.45,12997,0
238.47,13012,0
238.49,13033,0
238.51,13053,0
238.53,13068,0
238.55,13065,0
238.57,13080,0
238.59,13094,0
238.61,13129,0
238.63,13130,0
238.65,13134,0
238.67,13142,0
238.69,13153,0
238.71,13178,0
238.73,13190,0
238.75,13181,0
238.77,13221,0
238.79,13220,0
238.81,13241,0
238.83,13246,0
238.85,13261,0
238.87,13284,0
238.89,13268,0
238.91,13248,0
238.93,13236,0
238.94,13208,0
238.96,13172,0
238.98,13166,0
239.00,13173,0
239.02,13148,0
239.04,13161,0
239.06,13156,0
239.08,13158,0
239.10,13163,0
239.12,13181,0
239.14,13174,0
239.16,13190,0
239.18,13177,0
239.20,13196,0
239.22,13196,0
239.24,13173,0
239.26,13168,0
239.28,13191,0
239.30,13173,0
239.32,13171,0
239.34,13185,0
239.36,13175,0
239.38,13178,0
239.40,13202,0
239.42,13197,0
239.44,13193,0
239.46,13213,0
239.48,13206,0
239.50,13187,0
239.52,13197,0
239.54,13190,0
239.56,13183,0
239.58,13176,0
239.60,13176,0
239.62,13172,0
239.64,13168,0
239.66,13162,0
239.68,13156,0
239.70,13167,0
239.72,13141,0
239.74,13151,0
239.76,13138,0
239.78,13085,0
239.79,13052,0
239.81,13018,0
239.83,12950,0
239.85,12911,0
239.87,12906,0
239.89,12865,0
239.91,12857,0
239.93,12857,0
239.95,12853,0
239.97,12849,0
239.99,12830,0
240.01,12825,0
240.03,12845,0
240.05,12830,0
240.07,12838,0
240.09,12835,0
240.11,12851,0
240.13,12854,0
240.15,12834,0
240.17,12846,0
240.19,12873,0
240.21,12879,0
240.23,12904,0
240.25,12944,0
240.27,12968,0
240.29,12996,0
240.31,12992,0
240.33,13015,0
240.35,13044,0
240.37,13051,0
240.39,13080,0
240.41,13083,0
240.43,13123,0
240.45,13124,0
240.47,13126,0
240.49,13143,0
240.51,13162,0
240.53,13169,0
240.55,13188,0
240.57,13189,0
240.59,13210,0
240.61,13230,0
240.63,13214,0
240.64,13233,0
240.66,13255,0
240.68,13239,0
240.70,13239,0
240.72,13235,0
240.74,13196,0
240.76,13193,0
240.78,13151,0
240.80,13150,0
240.82,13144,0
240.84,13145,0
240.86,13146,0
240.88,13155,0
240.90,13163,0
240.92,13181,0
240.94,13164,0
240.96,13184,0
240.98,13171,0
241.00,13173,0
241.02,13173,0
241.04,13176,0
241.06,13206,0
241.08,13190,0
241.10,13195,0
241.12,13196,0
241.14,13203,0
241.16,13229,0
241.18,13214,0
241.20,13218,0
241.22,13239,0
241.24,13232,0
241.26,13225,0
241.28,13231,0
241.30,13226,0
241.32,13252,0
241.34,13229,0
241.36,13246,0
241.38,13252,0
241.40,13245,0
241.42,13250,0
241.44,13236,0
241.46,13234,0
241.47,13256,0
241.49,13250,0
241.51,13263,0
241.53,13250,0
241.55,13262,0
241.57,13273,0
241.59,13249,0
241.61,13244,0
241.63,13252,0
241.65,13200,0
241.67,13185,0
241.69,13158,0
241.71,13159,0
241.73,13149,0
241.75,13129,0
241.77,13128,0
241.79,13134,0
241.81,13140,0
241.83,13168,0
241.85,13151,0
241.87,13168,0
241.89,13173,0
241.91,13166,0
241.93,13168,0
241.95,13166,0
241.97,13170,0
241.99,13192,0
242.01,13175,0
242.03,13190,0
242.05,13189,0
242.07,13198,0
242.09,13215,0
242.11,13232,0
242.13,13249,0
242.15,13274,0
242.17,13274,0
242.19,13312,0
242.21,13323,0
242.23,13316,0
242.25,13333,0
242.27,13354,0
242.29,13333,0
242.31,13334,0
242.33,13348,0
242.34,13331,0
242.36,13332,0
242.38,13337,0
242.40,13339,0
242.42,13337,0
242.44,13337,0
242.46,13330,0
242.48,13329,0
242.50,13336,0
242.52,13350,0
242.54,13344,0
242.56,13335,0
242.58,13329,0
242.60,13303,0
242.62,13262,0
242.64,13222,0
242.66,13195,0
242.68,13171,0
242.70,13156,0
242.72,13167,0
242.74,13168,0
242.76,13170,0
242.78,13182,0
242.80,13208,0
242.82,13204,0
242.84,13201,0
242.86,13201,0
242.88,13198,0
242.90,13189,0
242.92,13186,0
242.94,13186,0
242.96,13186,0
242.98,13179,0
243.00,13178,0
243.02,13201,0
243.04,13181,0
243.06,13175,0
243.08,13172,0
243.10,13173,0
243.12,13171,0
243.14,13160,0
243.16,13155,0
243.18,13162,0
243.19,13147,0
243.21,13141,0
243.23,13164,0
243.25,13138,0
243.27,13143,0
243.29,13161,0
243.31,13153,0
243.33,13158,0
243.35,13167,0
243.37,13180,0
243.39,13166,0
243.41,13172,0
243.43,13167,0
243.45,13116,0
243.47,13093,0
243.49,13052,0
243.51,13020,0
243.53,13024,0
243.55,13003,0
243.57,12977,0
243.59,12927,0
243.61,12882,0
243.63,12859,0
243.65,12886,0
243.67,12902,0
243.69,12927,0
243.71,12930,0
243.73,12912,0
243.75,12912,0
243.77,12911,0
243.79,12900,0
243.81,12886,0
243.83,12878,0
243.85,12884,0
243.87,12899,0
243.89,12871,0
243.91,12872,0
243.93,12875,0
243.95,12886,0
243.97,12872,0
243.99,12879,0
244.01,12881,0
244.03,12888,0
244.04,12892,0
244.06,12916,0
244.08,12921,0
244.10,12923,0
244.12,12909,0
244.14,12911,0
244.16,12910,0
244.18,12926,0
244.20,12913,0
244.22,12931,0
244.24,12939,0
244.26,12917,0
244.28,12919,0
244.30,12932,0
244.32,12914,0
244.34,12872,0
244.36,12826,0
244.38,12799,0
244.40,12758,0
244.42,12722,0
244.44,12713,0
244.46,12697,0
244.48,12679,0
244.50,12666,0
244.52,12667,0
244.54,12661,0
244.56,12646,0
244.58,12657,0
244.60,12637,0
244.62,12634,0
244.64,12636,0
244.66,12625,0
244.68,12621,0
244.70,12627,0
244.72,12652,0
244.74,12650,0
244.76,12673,0
244.78,12678,0
244.80,12697,0
244.82,12732,0
244.84,12737,0
244.86,12757,0
244.88,12795,0
244.90,12797,0
244.91,12843,0
244.93,12875,0
244.95,12886,0
244.97,12918,0
244.99,12972,0
245.01,13006,0
245.03,13027,0
245.05,13080,0
245.07,13103,0
245.09,13145,0
245.11,13187,0
245.13,13220,0
245.15,13260,0
245.17,13281,0
245.19,13309,0
245.21,13300,0
245.23,13301,0
245.25,13275,0
245.27,13289,0
245.29,13274,0
245.31,13278,0
245.33,13284,0
245.35,13298,0
245.37,13320,0
245.39,13315,0
245.41,13337,0
245.43,13317,0
245.45,13336,0
245.47,13329,0
245.49,13336,0
245.51,13349,0
245.53,13345,0
245.55,13352,0
245.57,13345,0
245.59,13368,0
245.61,13363,0
245.63,13375,0
245.65,13397,0
245.67,13436,0
245.69,13446,0
245.71,13465,0
245.73,13457,0
245.75,13468,0
245.76,13483,0
245.78,13508,0
245.80,13511,0
245.82,13511,0
245.84,13524,0
245.86,13531,0
245.88,13559,0
245.90,13557,0
245.92,13569,0
245.94,13562,0
245.96,13588,0
245.98,13581,0
246.00,13599,0
246.02,13613,0
246.04,13634,0
246.06,13627,0
246.08,13609,0
246.10,13566,0
246.12,13536,0
246.14,13505,0
246.16,13500,0
246.18,13464,0
246.20,13458,0
246.22,13450,0
246.24,13438,0
246.26,13438,0
246.28,13419,0
246.30,13430,0
246.32,13417,0
246.34,13412,0
246.36,13430,0
246.38,13430,0
246.40,13419,0
246.42,13398,0
246.44,13395,0
246.46,13395,0
246.48,13408,0
246.50,13399,0
246.52,13418,0
246.54,13428,0
246.56,13430,0
246.58,13415,0
246.60,13427,0
246.62,13427,0
246.63,13428,0
246.65,13432,0
246.67,13447,0
246.69,13458,0
246.71,13457,0
246.73,13440,0
246.75,13445,0
246.77,13451,0
246.79,13456,0
246.81,13456,0
246.83,13458,0
246.85,13477,0
246.87,13461,0
246.89,13475,0
246.91,13445,0
246.93,13400,0
246.95,13360,0
246.97,13335,0
246.99,13292,0
247.01,13265,0
247.03,13260,0
247.05,13227,0
247.07,13218,0
247.09,13207,0
247.11,13209,0
247.13,13198,0
247.15,13192,0
247.17,13194,0
247.19,13192,0
247.21,13182,0
247.23,13179,0
247.25,13177,0
247.27,13185,0
247.29,13168,0
247.31,13168,0
247.33,13172,0
247.35,13180,0
247.37,13179,0
247.39,13181,0
247.41,13200,0
247.43,13198,0
247.45,13207,0
247.47,13216,0
247.49,13213,0
247.50,13237,0
247.52,13224,0
247.54,13225,0
247.56,13246,0
247.58,13230,0
247.60,13238,0
247.62,13243,0
247.64,13250,0
247.66,13270,0
247.68,13277,0
247.70,13269,0
247.72,13280,0
247.74,13273,0
247.76,13273,0
247.78,13274,0
247.80,13268,0
247.82,13252,0
247.84,13204,0
247.86,13183,0
247.88,13130,0
247.90,13105,0
247.92,13090,0
247.94,13078,0
247.96,13078,0
247.98,13059,0
248.00,13052,0
248.02,13053,0
248.04,13062,0
248.06,13047,0
248.08,13045,0
248.10,13048,0
248.12,13060,0
248.14,13043,0
248.16,13038,0
248.18,13041,0
248.20,13053,0
248.22,13038,0
248.24,13041,0
248.26,13051,0
248.28,13064,0
248.30,13061,0
248.32,13069,0
248.34,13075,0
248.36,13086,0
248.37,13099,0
248.39,13106,0
248.41,13096,0
248.43,13109,0
248.45,13123,0
248.47,13109,0
248.49,13125,0
248.51,13118,0
248.53,13122,0
248.55,13151,0
248.57,13139,0
248.59,13150,0
248.61,13158,0
248.63,13160,0
248.65,13190,0
248.67,13175,0
248.69,13182,0
248.71,13203,0
248.73,13165,0
248.75,13142,0
248.77,13104,0
248.79,13084,0
248.81,13049,0
248.83,13038,0
248.85,13036,0
248.87,13020,0
248.89,13031,0
248.91,13023,0
248.93,13009,0
248.95,13020,0
248.97,13032,0
248.99,13041,0
249.01,13032,0
249.03,13051,0
249.05,13038,0
249.07,13042,0
249.09,13063,0
249.11,13057,0
249.13,13062,0
249.15,13075,0
249.17,13092,0
249.19,13099,0
249.21,13125,0
249.23,13144,0
249.24,13152,0
249.26,13148,0
249.28,13165,0
249.30,13168,0
249.32,13191,0
249.34,13191,0
249.36,13216,0
249.38,13227,0
249.40,13232,0
249.42,13233,0
249.44,13244,0
249.46,13257,0
249.48,13280,0
249.50,13277,0
249.52,13307,0
249.54,13296,0
249.56,13323,0
249.58,13291,0
249.60,13269,0
249.62,13238,0
249.64,13222,0
249.66,13198,0
249.68,13187,0
249.70,13150,0
249.72,13170,0
249.74,13142,0
249.76,13146,0
249.78,13168,0
249.80,13152,0
249.82,13164,0
249.84,13176,0
249.86,13205,0
249.88,13196,0
249.90,13221,0
249.92,13199,0
249.94,13220,0
249.96,13202,0
249.98,13208,0
250.00,13220,0
250.02,13251,0
250.04,13265,0
250.06,13283,0
250.08,13294,0
250.09,13319,0
250.11,13311,0
250.13,13310,0
250.15,13307,0
250.17,13320,0
250.19,13314,0
250.21,13331,0
250.23,13316,0
250.25,13345,0
250.27,13328,0
250.29,13343,0
250.31,13363,0
250.33,13351,0
250.35,13358,0
250.37,13368,0
250.39,13396,0
250.41,13387,0
250.43,13407,0
250.45,13417,0
250.47,13404,0
250.49,13430,0
250.51,13440,0
250.53,13447,0
250.55,13420,0
250.57,13430,0
250.59,13390,0
250.61,13375,0
250.63,13347,0
250.65,13344,0
250.67,13338,0
250.69,13326,0
250.71,13285,0
250.73,13280,0
250.75,13280,0
250.77,13320,0
250.79,13316,0
250.81,13333,0
250.83,13349,0
250.85,13380,0
250.87,13422,0
250.89,13435,0
250.91,13485,0
250.93,13479,0
250.94,13504,0
250.96,13551,0
250.98,13572,0
251.00,13604,0
251.02,13628,0
251.04,13650,0
251.06,13650,0
251.08,13674,0
251.10,13671,0
251.12,13677,0
251.14,13682,0
251.16,13683,0
251.18,13696,0
251.20,13693,0
251.22,13697,0
251.24,13724,0
251.26,13745,0
251.28,13728,0
251.30,13764,0
251.32,13774,0
251.34,13754,0
251.36,13775,0
251.38,13800,0
251.40,13787,0
251.42,13795,0
251.44,13812,0
251.46,13818,0
251.48,13784,0
251.50,13750,0
251.52,13729,0
251.54,13688,0
251.56,13666,0
251.58,13643,0
251.60,13643,0
251.62,13620,0
251.64,13609,0
251.66,13631,0
251.68,13586,0
251.70,13573,0
251.72,13573,0
251.74,13548,0
251.76,13537,0
251.78,13531,0
251.79,13535,0
251.81,13527,0
251.83,13523,0
251.85,13521,0
251.87,13543,0
251.89,13517,0
251.91,13517,0
251.93,13541,0
251.95,13535,0
251.97,13542,0
251.99,13544,0
252.01,13557,0
252.03,13597,0
252.05,13585,0
252.07,13602,0
252.09,13617,0
252.11,13630,0
252.13,13655,0
252.15,13670,0
252.17,13701,0
252.19,13748,0
252.21,13756,0
252.23,13771,0
252.25,13790,0
252.27,13811,0
252.29,13843,0
252.31,13842,0
252.33,13865,0
252.35,13865,0
252.37,13903,0
252.39,13904,0
252.41,13875,0
252.43,13879,0
252.45,13850,0
252.47,13808,0
252.49,13785,0
252.51,13758,0
252.53,13747,0
252.55,13721,0
252.57,13703,0
252.59,13708,0
252.61,13711,0
252.63,13700,0
252.64,13703,0
252.66,13714,0
252.68,13708,0
252.70,13711,0
252.72,13741,0
252.74,13720,0
252.76,13733,0
252.78,13743,0
252.80,13760,0
252.82,13770,0
252.84,13755,0
252.86,13759,0
252.88,13799,0
252.90,13776,0
252.92,13788,0
252.94,13803,0
252.96,13808,0
252.98,13825,0
253.00,13836,0
253.02,13856,0
253.04,13880,0
253.06,13880,0
253.08,13893,0
253.10,13928,0
253.12,13909,0
253.14,13917,0
253.16,13930,0
253.18,13931,0
253.20,13945,0
253.22,13955,0
253.24,13971,0
253.26,14003,0
253.28,13988,0
253.30,13981,0
253.32,13983,0
253.34,13952,0
253.36,13937,0
253.38,13918,0
253.40,13929,0
253.42,13913,0
253.44,13906,0
253.46,13915,0
253.48,13934,0
253.49,13909,0
253.51,13909,0
253.53,13913,0
253.55,13906,0
253.57,13907,0
253.59,13886,0
253.61,13885,0
253.63,13893,0
253.65,13848,0
253.67,13843,0
253.69,13856,0
253.71,13849,0
253.73,13841,0
253.75,13851,0
253.77,13860,0
253.79,13845,0
253.81,13874,0
253.83,13887,0
253.85,13879,0
253.87,13891,0
253.89,13905,0
253.91,13888,0
253.93,13894,0
253.95,13929,0
253.97,13922,0
253.99,13953,0
254.01,13932,0
254.03,13943,0
254.05,13956,0
254.07,13944,0
254.09,13925,0
254.11,13888,0
254.13,13835,0
254.15,13791,0
254.17,13719,0
254.19,13695,0
254.21,13656,0
254.23,13610,0
254.25,13589,0
254.27,13554,0
254.29,13555,0
254.31,13534,0
254.33,13493,0
254.34,13507,0
254.36,13502,0
254.38,13464,0
254.40,13469,0
254.42,13470,0
254.44,13461,0
254.46,13454,0
254.48,13433,0
254.50,13461,0
254.52,13463,0
254.54,13443,0
254.56,13473,0
254.58,13470,0
254.60,13475,0
254.62,13482,0
254.64,13474,0
254.66,13514,0
254.68,13518,0
254.70,13519,0
254.72,13557,0
254.74,13588,0
254.76,13579,0
254.78,13604,0
254.80,13630,0
254.82,13644,0
254.84,13659,0
254.86,13670,0
254.88,13715,0
254.90,13738,0
254.92,13731,0
254.94,13728,0
254.96,13673,0
254.98,13662,0
255.00,13629,0
255.02,13593,0
255.04,13609,0
255.06,13603,0
255.08,13581,0
255.10,13599,0
255.12,13592,0
255.14,13595,0
255.16,13606,0
255.18,13597,0
255.19,13617,0
255.21,13610,0
255.23,13616,0
255.25,13620,0
255.27,13624,0
255.29,13628,0
255.31,13631,0
255.33,13648,0
255.35,13631,0
255.37,13634,0
255.39,13652,0
255.41,13633,0
255.43,13633,0
255.45,13634,0
255.47,13633,0
255.49,13652,0
255.51,13638,0
255.53,13646,0
255.55,13667,0
255.57,13663,0
255.59,13673,0
255.61,13675,0
255.63,13694,0
255.65,13729,0
255.67,13711,0
255.69,13724,0
255.71,13741,0
255.73,13753,0
255.75,13755,0
255.77,13751,0
255.79,13733,0
255.81,13709,0
255.83,13667,0
255.85,13637,0
255.87,13630,0
255.89,13605,0
255.91,13594,0
255.93,13614,0
255.95,13594,0
255.97,13592,0
255.99,13626,0
256.01,13622,0
256.02,13608,0
256.04,13644,0
256.06,13640,0
256.08,13619,0
256.10,13645,0
256.12,13650,0
256.14,13631,0
256.16,13648,0
256.18,13629,0
256.20,13654,0
256.22,13659,0
256.24,13636,0
256.26,13643,0
256.28,13658,0
256.30,13681,0
256.32,13654,0
256.34,13660,0
256.36,13667,0
256.38,13670,0
256.40,13675,0
256.42,13672,0
256.44,13694,0
256.46,13695,0
256.48,13696,0
256.50,13694,0
256.52,13706,0
256.54,13709,0
256.56,13719,0
256.58,13733,0
256.60,13738,0
256.62,13763,0
256.64,13720,0
256.66,13698,0
256.68,13686,0
256.70,13659,0
256.72,13645,0
256.74,13646,0
256.76,13649,0
256.78,13684,0
256.80,13663,0
256.82,13670,0
256.84,13676,0
256.86,13685,0
256.87,13703,0
256.89,13692,0
256.91,13715,0
256.93,13692,0
256.95,13708,0
256.97,13698,0
256.99,13724,0
257.01,13696,0
257.03,13701,0
257.05,13707,0
257.07,13709,0
257.09,13720,0
257.11,13722,0
257.13,13720,0
257.15,13752,0
257.17,13729,0
257.19,13731,0
257.21,13729,0
257.23,13744,0
257.25,13758,0
257.27,13768,0
257.29,13775,0
257.31,13747,0
257.33,13756,0
257.35,13763,0
257.37,13771,0
257.39,13777,0
257.41,13810,0
257.43,13803,0
257.45,13804,0
257.47,13759,0
257.49,13725,0
257.51,13696,0
257.53,13680,0
257.55,13654,0
257.57,13662,0
257.59,13661,0
257.61,13672,0
257.63,13650,0
257.65,13661,0
257.67,13662,0
257.69,13701,0
257.71,13686,0
257.72,13695,0
257.74,13702,0
257.76,13720,0
257.78,13738,0
257.80,13757,0
257.82,13766,0
257.84,13764,0
257.86,13785,0
257.88,13803,0
257.90,13828,0
257.92,13854,0
257.94,13890,0
257.96,13907,0
257.98,13947,0
258.00,13949,0
258.02,13976,0
258.04,14003,0
258.06,14041,0
258.08,14064,0
258.10,14094,0
258.12,14124,0
258.14,14162,0
258.16,14165,0
258.18,14190,0
258.20,14215,0
258.22,14246,0
258.24,14285,0
258.26,14322,0
258.28,14343,0
258.30,14335,0
258.32,14344,0
258.34,14324,0
258.36,14314,0
258.38,14265,0
258.40,14251,0
258.42,14222,0
258.44,14226,0
258.46,14208,0
258.48,14238,0
258.50,14240,0
258.52,14223,0
258.54,14229,0
258.55,14243,0
258.57,14268,0
258.59,14292,0
258.61,14351,0
258.63,14376,0
258.65,14398,0
258.67,14428,0
258.69,14488,0
258.71,14510,0
258.73,14558,0
258.75,14569,0
258.77,14610,0
258.79,14650,0
258.81,14692,0
258.83,14733,0
258.85,14797,0
258.87,14832,0
258.89,14880,0
258.91,14916,0
258.93,14964,0
258.95,14901,0
258.97,14829,0
258.99,14839,0
259.01,14799,0
259.03,14796,0
259.05,14786,0
259.07,14807,0
259.09,14809,0
259.11,14800,0
259.13,14797,0
259.15,14763,0
259.17,14733,0
259.19,14693,0
259.21,14649,0
259.23,14581,0
259.25,14543,0
259.27,14508,0
259.29,14483,0
259.31,14486,0
259.33,14452,0
259.35,14429,0
259.37,14416,0
259.38,14442,0
259.40,14433,0
259.42,14413,0
259.44,14416,0
259.46,14401,0
259.48,14408,0
259.50,14404,0
259.52,14390,0
259.54,14395,0
259.56,14409,0
259.58,14420,0
259.60,14434,0
259.62,14449,0
259.64,14473,0
259.66,14488,0
259.68,14483,0
259.70,14536,0
259.72,14558,0
259.74,14563,0
259.76,14608,0
259.78,14607,0
259.80,14622,0
259.82,14639,0
259.84,14653,0
259.86,14675,0
259.88,14698,0
259.90,14743,0
259.92,14747,0
259.94,14776,0
259.96,14828,0
259.98,14850,0
260.00,14862,0
260.02,14894,0
260.04,14886,0
260.06,14846,0
260.08,14850,0
260.10,14846,0
260.12,14831,0
260.14,14864,0
260.16,14854,0
260.18,14852,0
260.20,14855,0
260.22,14877,0
260.23,14857,0
260.25,14861,0
260.27,14879,0
260.29,14868,0
260.31,14871,0
260.33,14888,0
260.35,14872,0
260.37,14862,0
260.39,14880,0
260.41,14876,0
260.43,14862,0
260.45,14869,0
260.47,14882,0
260.49,14892,0
260.51,14865,0
260.53,14869,0
260.55,14869,0
260.57,14868,0
260.59,14866,0
260.61,14860,0
260.63,14857,0
260.65,14878,0
260.67,14847,0
260.69,14825,0
260.71,14832,0
260.73,14792,0
260.75,14770,0
260.77,14762,0
260.79,14767,0
260.81,14739,0
260.83,14732,0
260.85,14729,0
260.87,14740,0
260.89,14708,0
260.91,14666,0
260.93,14620,0
260.95,14550,0
260.97,14490,0
260.99,14417,0
261.01,14367,0
261.03,14335,0
261.05,14297,0
261.06,14283,0
261.08,14256,0
261.10,14245,0
261.12,14245,0
261.14,14246,0
261.16,14224,0
261.18,14193,0
261.20,14213,0
261.22,14197,0
261.24,14185,0
261.26,14190,0
261.28,14161,0
261.30,14172,0
261.32,14176,0
261.34,14178,0
261.36,14190,0
261.38,14205,0
261.40,14237,0
261.42,14228,0
261.44,14240,0
261.46,14262,0
261.48,14286,0
261.50,14271,0
261.52,14304,0
261.54,14324,0
261.56,14308,0
261.58,14343,0
261.60,14354,0
261.62,14342,0
261.64,14363,0
261.66,14377,0
261.68,14384,0
261.70,14368,0
261.72,14383,0
261.74,14402,0
261.76,14410,0
261.78,14402,0
261.80,14404,0
261.82,14374,0
261.84,14343,0
261.86,14283,0
261.88,14206,0
261.89,14184,0
261.91,14145,0
261.93,14088,0
261.95,14086,0
261.97,14043,0
261.99,14025,0
262.01,14005,0
262.03,13965,0
262.05,13947,0
262.07,13925,0
262.09,13927,0
262.11,13872,0
262.13,13839,0
262.15,13823,0
262.17,13792,0
262.19,13780,0
262.21,13767,0
262.23,13759,0
262.25,13758,0
262.27,13752,0
262.29,13759,0
262.31,13764,0
262.33,13782,0
262.35,13823,0
262.37,13820,0
262.39,13850,0
262.41,13856,0
262.43,13904,0
262.45,13906,0
262.47,13913,0
262.49,13902,0
262.51,13904,0
262.53,13914,0
262.55,13916,0
262.57,13953,0
262.59,13941,0
262.61,13961,0
262.63,13977,0
262.65,14018,0
262.67,14027,0
262.69,14015,0
262.71,13997,0
262.73,13942,0
262.74,13933,0
262.76,13896,0
262.78,13840,0
262.80,13828,0
262.82,13791,0
262.84,13786,0
262.86,13741,0
262.88,13713,0
262.90,13693,0
262.92,13665,0
262.94,13656,0
262.96,13631,0
262.98,13612,0
263.00,13602,0
263.02,13571,0
263.04,13565,0
263.06,13562,0
263.08,13576,0
263.10,13576,0
263.12,13611,0
263.14,13620,0
263.16,13600,0
263.18,13597,0
263.20,13585,0
263.22,13595,0
263.24,13573,0
263.26,13558,0
263.28,13576,0
263.30,13586,0
263.32,13556,0
263.34,13578,0
263.36,13572,0
263.38,13527,0
263.40,13527,0
263.42,13520,0
263.44,13479,0
263.46,13464,0
263.48,13435,0
263.50,13417,0
263.52,13354,0
263.54,13273,0
263.56,13244,0
263.57,13189,0
263.59,13182,0
263.61,13151,0
263.63,13123,0
263.65,13116,0
263.67,13118,0
263.69,13088,0
263.71,13112,0
263.73,13107,0
263.75,13101,0
263.77,13097,0
263.79,13091,0
263.81,13071,0
263.83,13058,0
263.85,13050,0
263.87,13047,0
263.89,13044,0
263.91,13044,0
263.93,13044,0
263.95,13053,0
263.97,13058,0
263.99,13068,0
264.01,13084,0
264.03,13103,0
264.05,13124,0
264.07,13132,0
264.09,13169,0
264.11,13188,0
264.13,13182,0
264.15,13197,0
264.17,13246,0
264.19,13250,0
264.21,13275,0
264.23,13310,0
264.25,13334,0
264.27,13366,0
264.29,13396,0
264.31,13412,0
264.33,13416,0
264.35,13422,0
264.37,13420,0
264.39,13442,0
264.41,13448,0
264.42,13466,0
264.44,13485,0
264.46,13501,0
264.48,13523,0
264.50,13527,0
264.52,13546,0
264.54,13578,0
264.56,13581,0
264.58,13583,0
264.60,13591,0
264.62,13628,0
264.64,13635,0
264.66,13643,0
264.68,13665,0
264.70,13650,0
264.72,13682,0
264.74,13699,0
264.76,13687,0
264.78,13713,0
264.80,13712,0
264.82,13737,0
264.84,13741,0
264.86,13737,0
264.88,13772,0
264.90,13766,0
264.92,13766,0
264.94,13796,0
264.96,13802,0
264.98,13799,0
265.00,13807,0
265.02,13795,0
265.04,13780,0
265.06,13757,0
265.08,13747,0
265.10,13722,0
265.12,13713,0
265.14,13725,0
265.16,13702,0
265.18,13696,0
265.20,13703,0
265.22,13703,0
265.24,13705,0
265.25,13714,0
265.27,13723,0
265.29,13732,0
265.31,13731,0
265.33,13744,0
265.35,13756,0
265.37,13761,0
265.39,13742,0
265.41,13771,0
265.43,13762,0
265.45,13757,0
265.47,13785,0
265.49,13780,0
265.51,13776,0
265.53,13808,0
265.55,13818,0
265.57,13825,0
265.59,13827,0
265.61,13825,0
265.63,13864,0
265.65,13858,0
265.67,13851,0
265.69,13882,0
265.71,13869,0
265.73,13872,0
265.75,13850,0
265.77,13811,0
265.79,13792,0
265.81,13774,0
265.83,13775,0
265.85,13740,0
265.87,13736,0
265.89,13743,0
265.91,13742,0
265.93,13726,0
265.95,13753,0
265.97,13755,0
265.99,13737,0
266.01,13755,0
266.03,13746,0
266.05,13753,0
266.06,13758,0
266.08,13757,0
266.10,13766,0
266.12,13775,0
266.14,13767,0
266.16,13797,0
266.18,13787,0
266.20,13773,0
266.22,13783,0
266.24,13789,0
266.26,13796,0
266.28,13807,0
266.30,13812,0
266.32,13849,0
266.34,13844,0
266.36,13834,0
266.38,13848,0
266.40,13852,0
266.42,13861,0
266.44,13867,0
266.46,13864,0
266.48,13861,0
266.50,13847,0
266.52,13820,0
266.54,13827,0
266.56,13817,0
266.58,13791,0
266.60,13800,0
266.62,13797,0
266.64,13769,0
266.66,13769,0
266.68,13779,0
266.70,13772,0
266.72,13784,0
266.74,13780,0
266.76,13806,0
266.78,13809,0
266.80,13782,0
266.82,13786,0
266.84,13790,0
266.86,13801,0
266.88,13808,0
266.90,13805,0
266.91,13845,0
266.93,13830,0
266.95,13831,0
266.97,13834,0
266.99,13846,0
267.01,13856,0
267.03,13876,0
267.05,13867,0
267.07,13903,0
267.09,13910,0
267.11,13892,0
267.13,13900,0
267.15,13912,0
267.17,13921,0
267.19,13929,0
267.21,13923,0
267.23,13939,0
267.25,13928,0
267.27,13890,0
267.29,13878,0
267.31,13870,0
267.33,13871,0
267.35,13876,0
267.37,13859,0
267.39,13872,0
267.41,13854,0
267.43,13885,0
267.45,13858,0
267.47,13895,0
267.49,13869,0
267.51,13875,0
267.53,13880,0
267.55,13900,0
267.57,13912,0
267.59,13901,0
267.61,13902,0
267.63,13910,0
267.65,13948,0
267.67,13934,0
267.69,13952,0
267.71,13965,0
267.73,13961,0
267.74,13988,0
267.76,13983,0
267.78,14016,0
267.80,13996,0
267.82,14011,0
267.84,14017,0
267.86,14032,0
267.88,14037,0
267.90,14045,0
267.92,14083,0
267.94,14074,0
267.96,14076,0
267.98,14083,0
268.00,14093,0
268.02,14116,0
268.04,14106,0
268.06,14104,0
268.08,14126,0
268.10,14090,0
268.12,14093,0
268.14,14057,0
268.16,14054,0
268.18,14079,0
268.20,14072,0
268.22,14074,0
268.24,14044,0
268.26,14044,0
268.28,14046,0
268.30,14057,0
268.32,14071,0
268.34,14055,0
268.36,14055,0
268.38,14066,0
268.40,14090,0
268.42,14084,0
268.44,14096,0
268.46,14071,0
268.48,14081,0
268.50,14085,0
268.52,14114,0
268.54,14093,0
268.55,14105,0
268.57,14112,0
268.59,14117,0
268.61,14150,0
268.63,14164,0
268.65,14148,0
268.67,14153,0
268.69,14157,0
268.71,14190,0
268.73,14174,0
268.75,14193,0
268.77,14222,0
268.79,14225,0
268.81,14232,0
268.83,14221,0
268.85,14228,0
268.87,14242,0
268.89,14269,0
268.91,14284,0
268.93,14270,0
268.95,14275,0
268.97,14286,0
268.99,14275,0
269.01,14263,0
269.03,14252,0
269.05,14248,0
269.07,14257,0
269.09,14230,0
269.11,14230,0
269.13,14213,0
269.15,14206,0
269.17,14195,0
269.19,14195,0
269.21,14208,0
269.23,14216,0
269.25,14188,0
269.27,14196,0
269.29,14182,0
269.31,14183,0
269.33,14185,0
269.35,14176,0
269.37,14214,0
269.39,14193,0
269.40,14204,0
269.42,14185,0
269.44,14194,0
269.46,14213,0
269.48,14220,0
269.50,14215,0
269.52,14196,0
269.54,14196,0
269.56,14205,0
269.58,14214,0
269.60,14236,0
269.62,14206,0
269.64,14220,0
269.66,14220,0
269.68,14226,0
269.70,14236,0
269.72,14243,0
269.74,14276,0
269.76,14255,0
269.78,14285,0
269.80,14273,0
269.82,14292,0
269.84,14318,0
269.86,14330,0
269.88,14317,0
269.90,14317,0
269.92,14309,0
269.94,14333,0
269.96,14293,0
269.98,14284,0
270.00,14249,0
270.02,14240,0
270.04,14214,0
270.06,14205,0
270.08,14218,0
270.10,14185,0
270.12,14175,0
270.14,14167,0
270.16,14186,0
270.18,14163,0
270.20,14170,0
270.22,14174,0
270.23,14154,0
270.25,14176,0
270.27,14157,0
270.29,14161,0
270.31,14147,0
270.33,14158,0
270.35,14149,0
270.37,14150,0
270.39,14155,0
270.41,14157,0
270.43,14185,0
270.45,14160,0
270.47,14175,0
270.49,14161,0
270.51,14165,0
270.53,14199,0
270.55,14196,0
270.57,14201,0
270.59,14177,0
270.61,14196,0
270.63,14187,0
270.65,14209,0
270.67,14192,0
270.69,14219,0
270.71,14224,0
270.73,14225,0
270.75,14207,0
270.77,14215,0
270.79,14220,0
270.81,14243,0
270.83,14233,0
270.85,14262,0
270.87,14263,0
270.89,14275,0
270.91,14244,0
270.93,14241,0
270.95,14227,0
270.97,14220,0
270.99,14196,0
271.01,14160,0
271.03,14123,0
271.05,14102,0
271.06,14099,0
271.08,14093,0
271.10,14073,0
271.12,14049,0
271.14,14041,0
271.16,14033,0
271.18,14065,0
271.20,14037,0
271.22,14036,0
271.24,14027,0
271.26,14027,0
271.28,14049,0
271.30,14046,0
271.32,14052,0
271.34,14027,0
271.36,14024,0
271.38,14038,0
271.40,14056,0
271.42,14067,0
271.44,14044,0
271.46,14047,0
271.48,14052,0
271.50,14067,0
271.52,14093,0
271.54,14072,0
271.56,14067,0
271.58,14075,0
271.60,14099,0
271.62,14100,0
271.64,14108,0
271.66,14084,0
271.68,14085,0
271.70,14091,0
271.72,14110,0
271.74,14116,0
271.76,14098,0
271.78,14106,0
271.80,14112,0
271.82,14141,0
271.84,14153,0
271.86,14143,0
271.88,14119,0
271.89,14108,0
271.91,14078,0
271.93,14066,0
271.95,14023,0
271.97,13979,0
271.99,13954,0
272.01,13933,0
272.03,13948,0
272.05,13906,0
272.07,13915,0
272.09,13889,0
272.11,13899,0
272.13,13882,0
272.15,13893,0
272.17,13886,0
272.19,13916,0
272.21,13912,0
272.23,13913,0
272.25,13915,0
272.27,13939,0
272.29,13941,0
272.31,13944,0
272.33,13989,0
272.35,13977,0
272.37,13990,0
272.39,14019,0
272.41,14018,0
272.43,14043,0
272.45,14052,0
272.47,14090,0
272.49,14084,0
272.51,14121,0
272.53,14130,0
272.55,14144,0
272.57,14124,0
272.59,14133,0
272.61,14140,0
272.63,14164,0
272.65,14146,0
272.67,14162,0
272.69,14185,0
272.70,14165,0
272.72,14162,0
272.74,14169,0
272.76,14173,0
272.78,14183,0
272.80,14167,0
272.82,14195,0
272.84,14158,0
272.86,14158,0
272.88,14093,0
272.90,14054,0
272.92,14017,0
272.94,14008,0
272.96,13967,0
272.98,13959,0
273.00,13914,0
273.02,13910,0
273.04,13878,0
273.06,13861,0
273.08,13849,0
273.10,13852,0
273.12,13861,0
273.14,13844,0
273.16,13813,0
273.18,13805,0
273.20,13794,0
273.22,13809,0
273.24,13792,0
273.26,13816,0
273.28,13826,0
273.30,13834,0
273.32,13816,0
273.34,13844,0
273.36,13841,0
273.38,13852,0
273.40,13864,0
273.42,13895,0
273.44,13915,0
273.46,13895,0
273.48,13938,0
273.50,13928,0
273.52,13940,0
273.53,13955,0
273.55,13954,0
273.57,13978,0
273.59,13981,0
273.61,14008,0
273.63,13991,0
273.65,14017,0
273.67,14029,0
273.69,14021,0
273.71,14025,0
273.73,14032,0
273.75,14039,0
273.77,14046,0
273.79,14063,0
273.81,14062,0
273.83,14059,0
273.85,14081,0
273.87,14050,0
273.89,14044,0
273.91,13991,0
273.93,13967,0
273.95,13932,0
273.97,13908,0
273.99,13908,0
274.01,13868,0
274.03,13869,0
274.05,13850,0
274.07,13848,0
274.09,13842,0
274.11,13833,0
274.13,13833,0
274.15,13826,0
274.17,13853,0
274.19,13823,0
274.21,13820,0
274.23,13814,0
274.25,13844,0
274.27,13826,0
274.29,13818,0
274.31,13841,0
274.33,13840,0
274.35,13848,0
274.36,13860,0
274.38,13895,0
274.40,13910,0
274.42,13926,0
274.44,13922,0
274.46,13965,0
274.48,13951,0
274.50,13968,0
274.52,13986,0
274.54,14028,0
274.56,14016,0
274.58,14024,0
274.60,14056,0
274.62,14053,0
274.64,14084,0
274.66,14075,0
274.68,14100,0
274.70,14106,0
274.72,14109,0
274.74,14119,0
274.76,14149,0
274.78,14133,0
274.80,14150,0
274.82,14145,0
274.84,14109,0
274.86,14091,0
274.88,14063,0
274.90,14041,0
274.92,14002,0
274.94,14000,0
274.96,13987,0
274.98,13977,0
275.00,13976,0
275.02,13981,0
275.04,13990,0
275.06,13971,0
275.08,13985,0
275.10,13997,0
275.12,13991,0
275.14,13965,0
275.16,13990,0
275.17,13970,0
275.19,13968,0
275.21,13981,0
275.23,13981,0
275.25,13986,0
275.27,14000,0
275.29,14043,0
275.31,14023,0
275.33,14047,0
275.35,14073,0
275.37,14054,0
275.39,14092,0
275.41,14102,0
275.43,14119,0
275.45,14100,0
275.47,14110,0
275.49,14123,0
275.51,14169,0
275.53,14146,0
275.55,14178,0
275.57,14180,0
275.59,14211,0
275.61,14198,0
275.63,14206,0
275.65,14224,0
275.67,14241,0
275.69,14241,0
275.71,14254,0
275.73,14295,0
275.75,14267,0
275.77,14278,0
275.79,14268,0
275.81,14242,0
275.83,14199,0
275.85,14191,0
275.87,14166,0
275.89,14156,0
275.91,14161,0
275.93,14144,0
275.95,14146,0
275.97,14150,0
275.99,14176,0
276.00,14169,0
276.02,14186,0
276.04,14160,0
276.06,14189,0
276.08,14160,0
276.10,14148,0
276.12,14162,0
276.14,14153,0
276.16,14160,0
276.18,14160,0
276.20,14189,0
276.22,14167,0
276.24,14173,0
276.26,14200,0
