40.96,11304,0
40.98,11285,0
41.00,11284,0
41.02,11293,0
41.04,11301,0
41.06,11309,0
41.08,11315,0
41.10,11345,0
41.12,11330,0
41.14,11336,0
41.16,11329,0
41.18,11340,0
41.20,11342,0
41.22,11325,0
41.24,11335,0
41.26,11315,0
41.28,11330,0
41.30,11308,0
41.32,11307,0
41.34,11308,0
41.36,11310,0
41.38,11305,0
41.40,11312,0
41.42,11326,0
41.44,11316,0
41.46,11337,0
41.48,11343,0
41.50,11330,0
41.52,11330,0
41.54,11348,0
41.56,11344,0
41.58,11312,0
41.60,11325,0
41.62,11307,0
41.64,11307,0
41.66,11324,0
41.68,11300,0
41.70,11301,0
41.72,11305,0
41.74,11320,0
41.76,11314,0
41.78,11332,0
41.80,11342,0
41.82,11331,0
41.84,11342,0
41.86,11364,0
41.88,11370,0
41.89,11341,0
41.91,11356,0
41.93,11326,0
41.95,11325,0
41.97,11330,0
41.99,11334,0
42.01,11327,0
42.03,11331,0
42.05,11345,0
42.07,11328,0
42.09,11341,0
42.11,11354,0
42.13,11336,0
42.15,11356,0
42.17,11363,0
42.19,11367,0
42.21,11356,0
42.23,11377,0
42.25,11363,0
42.27,11369,0
42.29,11394,0
42.31,11383,0
42.33,11383,0
42.35,11390,0
42.37,11404,0
42.39,11406,0
42.41,11409,0
42.43,11409,0
42.45,11407,0
42.47,11416,0
42.49,11409,0
42.51,11412,0
42.53,11432,0
42.55,11421,0
42.57,11434,0
42.59,11454,0
42.61,11437,0
42.63,11458,0
42.65,11449,0
42.67,11444,0
42.69,11469,0
42.71,11452,0
42.73,11458,0
42.75,11473,0
42.77,11459,0
42.79,11478,0
42.81,11476,0
42.83,11480,0
42.84,11504,0
42.86,11481,0
42.88,11496,0
42.90,11476,0
42.92,11484,0
42.94,11469,0
42.96,11482,0
42.98,11495,0
43.00,11470,0
43.02,11473,0
43.04,11477,0
43.06,11483,0
43.08,11502,0
43.10,11490,0
43.12,11485,0
43.14,11486,0
43.16,11488,0
43.18,11489,0
43.20,11494,0
43.22,11498,0
43.24,11494,0
43.26,11498,0
43.28,11493,0
43.30,11485,0
43.32,11499,0
43.34,11481,0
43.36,11473,0
43.38,11478,0
43.40,11465,0
43.42,11467,0
43.44,11460,0
43.46,11453,0
43.48,11462,0
43.50,11457,0
43.52,11461,0
43.54,11485,0
43.56,11480,0
43.58,11499,0
43.60,11482,0
43.62,11474,0
43.64,11482,0
43.66,11465,0
43.68,11465,0
43.70,11486,0
43.72,11458,0
43.74,11464,0
43.76,11446,0
43.78,11442,0
43.80,11458,0
43.81,11434,0
43.83,11437,0
43.85,11455,0
43.87,11444,0
43.89,11458,0
43.91,11470,0
43.93,11459,0
43.95,11482,0
43.97,11474,0
43.99,11489,0
44.01,11512,0
44.03,11502,0
44.05,11526,0
44.07,11523,0
44.09,11513,0
44.11,11519,0
44.13,11504,0
44.15,11492,0
44.17,11480,0
44.19,11462,0
44.21,11474,0
44.23,11470,0
44.25,11483,0
44.27,11472,0
44.29,11485,0
44.31,11487,0
44.33,11494,0
44.35,11497,0
44.37,11496,0
44.39,11494,0
44.41,11494,0
44.43,11524,0
44.45,11507,0
44.47,11515,0
44.49,11518,0
44.51,11522,0
44.53,11533,0
44.55,11528,0
44.57,11559,0
44.59,11539,0
44.61,11551,0
44.63,11574,0
44.65,11562,0
44.67,11593,0
44.69,11581,0
44.71,11593,0
44.73,11622,0
44.74,11595,0
44.76,11595,0
44.78,11592,0
44.80,11582,0
44.82,11582,0
44.84,11568,0
44.86,11561,0
44.88,11552,0
44.90,11567,0
44.92,11553,0
44.94,11550,0
44.96,11536,0
44.98,11550,0
45.00,11558,0
45.02,11540,0
45.04,11558,0
45.06,11534,0
45.08,11534,0
45.10,11533,0
45.12,11540,0
45.14,11537,0
45.16,11539,0
45.18,11550,0
45.20,11539,0
45.22,11560,0
45.24,11549,0
45.26,11537,0
45.28,11524,0
45.30,11544,0
45.32,11539,0
45.34,11521,0
45.36,11547,0
45.38,11517,0
45.40,11516,0
45.42,11512,0
45.44,11520,0
45.46,11509,0
45.48,11507,0
45.50,11522,0
45.52,11506,0
45.54,11531,0
45.56,11525,0
45.58,11508,0
45.60,11512,0
45.62,11519,0
45.64,11527,0
45.66,11502,0
45.68,11526,0
45.70,11497,0
45.71,11497,0
45.73,11504,0
45.75,11495,0
45.77,11503,0
45.79,11493,0
45.81,11492,0
45.83,11490,0
45.85,11484,0
45.87,11483,0
45.89,11480,0
45.91,11494,0
45.93,11483,0
45.95,11481,0
45.97,11501,0
45.99,11476,0
46.01,11493,0
46.03,11486,0
46.05,11471,0
46.07,11491,0
46.09,11472,0
46.11,11487,0
46.13,11488,0
46.15,11472,0
46.17,11488,0
46.19,11492,0
46.21,11498,0
46.23,11470,0
46.25,11479,0
46.27,11469,0
46.29,11464,0
46.31,11473,0
46.33,11468,0
46.35,11480,0
46.37,11479,0
46.39,11505,0
46.41,11489,0
46.43,11504,0
46.45,11505,0
46.47,11504,0
46.49,11496,0
46.51,11496,0
46.53,11510,0
46.55,11499,0
46.57,11491,0
46.59,11488,0
46.61,11504,0
46.63,11489,0
46.65,11507,0
46.66,11487,0
46.68,11510,0
46.70,11487,0
46.72,11498,0
46.74,11500,0
46.76,11515,0
46.78,11508,0
46.80,11525,0
46.82,11534,0
46.84,11518,0
46.86,11538,0
46.88,11531,0
46.90,11522,0
46.92,11500,0
46.94,11515,0
46.96,11498,0
46.98,11486,0
47.00,11506,0
47.02,11487,0
47.04,11502,0
47.06,11497,0
47.08,11485,0
47.10,11506,0
47.12,11479,0
47.14,11478,0
47.16,11481,0
47.18,11467,0
47.20,11465,0
47.22,11461,0
47.24,11474,0
47.26,11455,0
47.28,11468,0
47.30,11468,0
47.32,11468,0
47.34,11452,0
47.36,11451,0
47.38,11448,0
47.40,11474,0
47.42,11453,0
47.44,11472,0
47.46,11454,0
47.48,11477,0
47.50,11456,0
47.52,11460,0
47.54,11462,0
47.56,11480,0
47.58,11459,0
47.60,11464,0
47.61,11470,0
47.63,11454,0
47.65,11465,0
47.67,11479,0
47.69,11463,0
47.71,11457,0
47.73,11478,0
47.75,11474,0
47.77,11461,0
47.79,11482,0
47.81,11462,0
47.83,11474,0
47.85,11480,0
47.87,11456,0
47.89,11482,0
47.91,11482,0
47.93,11461,0
47.95,11460,0
47.97,11476,0
47.99,11475,0
48.01,11454,0
48.03,11465,0
48.05,11455,0
48.07,11462,0
48.09,11479,0
48.11,11461,0
48.13,11486,0
48.15,11478,0
48.17,11478,0
48.19,11501,0
48.21,11486,0
48.23,11493,0
48.25,11485,0
48.27,11481,0
48.29,11495,0
48.31,11481,0
48.33,11496,0
48.35,11477,0
48.37,11483,0
48.39,11475,0
48.41,11478,0
48.43,11490,0
48.45,11488,0
48.47,11494,0
48.49,11492,0
48.51,11510,0
48.53,11496,0
48.55,11498,0
48.56,11516,0
48.58,11495,0
48.60,11501,0
48.62,11509,0
48.64,11483,0
48.66,11501,0
48.68,11473,0
48.70,11467,0
48.72,11487,0
48.74,11466,0
48.76,11483,0
48.78,11484,0
48.80,11471,0
48.82,11494,0
48.84,11480,0
48.86,11478,0
48.88,11498,0
48.90,11479,0
48.92,11491,0
48.94,11496,0
48.96,11474,0
48.98,11487,0
49.00,11500,0
49.02,11497,0
49.04,11478,0
49.06,11508,0
49.08,11482,0
49.10,11484,0
49.12,11488,0
49.14,11492,0
49.16,11493,0
49.18,11489,0
49.20,11506,0
49.22,11496,0
49.24,11512,0
49.26,11520,0
49.28,11502,0
49.30,11515,0
49.32,11520,0
49.34,11508,0
49.36,11488,0
49.38,11507,0
49.40,11481,0
49.42,11485,0
49.44,11500,0
49.46,11484,0
49.48,11484,0
49.50,11488,0
49.52,11516,0
49.53,11505,0
49.55,11520,0
49.57,11506,0
49.59,11511,0
49.61,11496,0
49.63,11501,0
49.65,11519,0
49.67,11490,0
49.69,11508,0
49.71,11484,0
49.73,11482,0
49.75,11499,0
49.77,11480,0
49.79,11476,0
49.81,11467,0
49.83,11487,0
49.85,11472,0
49.87,11489,0
49.89,11474,0
49.91,11481,0
49.93,11466,0
49.95,11464,0
49.97,11470,0
49.99,11466,0
50.01,11458,0
50.03,11470,0
50.05,11482,0
50.07,11470,0
50.09,11470,0
50.11,11473,0
50.13,11490,0
50.15,11473,0
50.17,11466,0
50.19,11469,0
50.21,11472,0
50.23,11466,0
50.25,11469,0
50.27,11487,0
50.29,11470,0
50.31,11470,0
50.33,11485,0
50.35,11486,0
50.37,11479,0
50.39,11500,0
50.41,11491,0
50.43,11499,0
50.45,11502,0
50.46,11514,0
50.48,11528,0
50.50,11521,0
50.52,11519,0
50.54,11519,0
50.56,11520,0
50.58,11532,0
50.60,11522,0
50.62,11527,0
50.64,11544,0
50.66,11545,0
50.68,11533,0
50.70,11543,0
50.72,11542,0
50.74,11549,0
50.76,11544,0
50.78,11548,0
50.80,11554,0
50.82,11551,0
50.84,11546,0
50.86,11542,0
50.88,11542,0
50.90,11566,0
50.92,11560,0
50.94,11550,0
50.96,11568,0
50.98,11570,0
51.00,11586,0
51.02,11576,0
51.04,11587,0
51.06,11602,0
51.08,11611,0
51.10,11592,0
51.12,11591,0
51.14,11598,0
51.16,11599,0
51.18,11600,0
51.20,11609,0
51.22,11604,0
51.24,11599,0
51.26,11583,0
51.28,11580,0
51.30,11569,0
51.32,11586,0
51.34,11560,0
51.36,11586,0
51.38,11563,0
51.40,11589,0
51.42,11563,0
51.43,11565,0
51.45,11558,0
51.47,11567,0
51.49,11564,0
51.51,11545,0
51.53,11538,0
51.55,11546,0
51.57,11554,0
51.59,11550,0
51.61,11552,0
51.63,11556,0
51.65,11583,0
51.67,11580,0
51.69,11566,0
51.71,11587,0
51.73,11573,0
51.75,11584,0
51.77,11580,0
51.79,11581,0
51.81,11600,0
51.83,11585,0
51.85,11574,0
51.87,11580,0
51.89,11567,0
51.91,11564,0
51.93,11564,0
51.95,11580,0
51.97,11561,0
51.99,11567,0
52.01,11561,0
52.03,11573,0
52.05,11569,0
52.07,11566,0
52.09,11587,0
52.11,11560,0
52.13,11556,0
52.15,11554,0
52.17,11564,0
52.19,11547,0
52.21,11566,0
52.23,11562,0
52.25,11542,0
52.27,11550,0
52.29,11567,0
52.31,11563,0
52.33,11544,0
52.35,11553,0
52.37,11548,0
52.38,11558,0
52.40,11555,0
52.42,11574,0
52.44,11564,0
52.46,11571,0
52.48,11567,0
52.50,11576,0
52.52,11570,0
52.54,11569,0
52.56,11587,0
52.58,11572,0
52.60,11577,0
52.62,11582,0
52.64,11616,0
52.66,11608,0
52.68,11641,0
52.70,11635,0
52.72,11648,0
52.74,11634,0
52.76,11633,0
52.78,11636,0
52.80,11654,0
52.82,11630,0
52.84,11643,0
52.86,11619,0
52.88,11642,0
52.90,11619,0
52.92,11621,0
52.94,11618,0
52.96,11649,0
52.98,11633,0
53.00,11654,0
53.02,11651,0
53.04,11670,0
53.06,11659,0
53.08,11660,0
53.10,11662,0
53.12,11669,0
53.14,11653,0
53.16,11648,0
53.18,11661,0
53.20,11634,0
53.22,11648,0
53.24,11635,0
53.26,11634,0
53.28,11605,0
53.30,11613,0
53.32,11594,0
53.33,11591,0
53.35,11576,0
53.37,11576,0
53.39,11566,0
53.41,11565,0
53.43,11570,0
53.45,11585,0
53.47,11585,0
53.49,11568,0
53.51,11594,0
53.53,11582,0
53.55,11592,0
53.57,11600,0
53.59,11608,0
53.61,11607,0
53.63,11610,0
53.65,11630,0
53.67,11615,0
53.69,11633,0
53.71,11623,0
53.73,11606,0
53.75,11618,0
53.77,11627,0
53.79,11622,0
53.81,11596,0
53.83,11606,0
53.85,11588,0
53.87,11589,0
53.89,11588,0
53.91,11604,0
53.93,11593,0
53.95,11607,0
53.97,11588,0
53.99,11615,0
54.01,11599,0
54.03,11604,0
54.05,11603,0
54.07,11612,0
54.09,11596,0
54.11,11597,0
54.13,11598,0
54.15,11598,0
54.17,11609,0
54.19,11590,0
54.21,11614,0
54.23,11606,0
54.25,11611,0
54.27,11621,0
54.28,11629,0
54.30,11617,0
54.32,11627,0
54.34,11647,0
54.36,11628,0
54.38,11633,0
54.40,11634,0
54.42,11633,0
54.44,11608,0
54.46,11636,0
54.48,11612,0
54.50,11610,0
54.52,11605,0
54.54,11628,0
54.56,11624,0
54.58,11628,0
54.60,11619,0
54.62,11638,0
54.64,11618,0
54.66,11614,0
54.68,11615,0
54.70,11604,0
54.72,11600,0
54.74,11592,0
54.76,11610,0
54.78,11599,0
54.80,11604,0
54.82,11596,0
54.84,11624,0
54.86,11606,0
54.88,11610,0
54.90,11623,0
54.92,11630,0
54.94,11629,0
54.96,11633,0
54.98,11660,0
55.00,11638,0
55.02,11650,0
55.04,11651,0
55.06,11652,0
55.08,11632,0
55.10,11644,0
55.12,11638,0
55.14,11642,0
55.16,11639,0
55.18,11651,0
55.20,11661,0
55.22,11646,0
55.23,11641,0
55.25,11654,0
55.27,11640,0
55.29,11656,0
55.31,11648,0
55.33,11674,0
55.35,11678,0
55.37,11667,0
55.39,11662,0
55.41,11680,0
55.43,11673,0
55.45,11674,0
55.47,11674,0
55.49,11694,0
55.51,11696,0
55.53,11690,0
55.55,11681,0
55.57,11682,0
55.59,11684,0
55.61,11707,0
55.63,11696,0
55.65,11713,0
55.67,11699,0
55.69,11714,0
55.71,11700,0
55.73,11698,0
55.75,11698,0
55.77,11718,0
55.79,11704,0
55.81,11728,0
55.83,11716,0
55.85,11725,0
55.87,11711,0
55.89,11711,0
55.91,11713,0
55.93,11718,0
55.95,11709,0
55.97,11719,0
55.99,11734,0
56.01,11716,0
56.03,11728,0
56.05,11735,0
56.07,11730,0
56.09,11719,0
56.11,11743,0
56.13,11725,0
56.15,11722,0
56.17,11731,0
56.18,11738,0
56.20,11725,0
56.22,11732,0
56.24,11745,0
56.26,11749,0
56.28,11746,0
56.30,11734,0
56.32,11767,0
56.34,11752,0
56.36,11765,0
56.38,11768,0
56.40,11778,0
56.42,11762,0
56.44,11758,0
56.46,11776,0
56.48,11747,0
56.50,11759,0
56.52,11757,0
56.54,11752,0
56.56,11744,0
56.58,11770,0
56.60,11750,0
56.62,11757,0
56.64,11765,0
56.66,11762,0
56.68,11771,0
56.70,11769,0
56.72,11790,0
56.74,11772,0
56.76,11794,0
56.78,11767,0
56.80,11775,0
56.82,11760,0
56.84,11756,0
56.86,11775,0
56.88,11745,0
56.90,11752,0
56.92,11745,0
56.94,11742,0
56.96,11749,0
56.98,11743,0
57.00,11746,0
57.02,11749,0
57.04,11763,0
57.06,11745,0
57.08,11744,0
57.10,11767,0
57.12,11742,0
57.13,11767,0
57.15,11759,0
57.17,11741,0
57.19,11750,0
57.21,11766,0
57.23,11759,0
57.25,11746,0
57.27,11767,0
57.29,11751,0
57.31,11758,0
57.33,11763,0
57.35,11774,0
57.37,11763,0
57.39,11765,0
57.41,11789,0
57.43,11768,0
57.45,11781,0
57.47,11788,0
57.49,11767,0
57.51,11764,0
57.53,11777,0
57.55,11775,0
57.57,11761,0
57.59,11763,0
57.61,11763,0
57.63,11788,0
57.65,11771,0
57.67,11786,0
57.69,11799,0
57.71,11800,0
57.73,11781,0
57.75,11790,0
57.77,11785,0
57.79,11790,0
57.81,11788,0
57.83,11804,0
57.85,11796,0
57.87,11784,0
57.89,11778,0
57.91,11804,0
57.93,11782,0
57.95,11785,0
57.97,11792,0
57.99,11810,0
58.01,11802,0
58.03,11798,0
58.05,11823,0
58.07,11811,0
58.08,11832,0
58.10,11816,0
58.12,11830,0
58.14,11818,0
58.16,11817,0
58.18,11840,0
58.20,11818,0
58.22,11824,0
58.24,11817,0
58.26,11817,0
58.28,11817,0
58.30,11833,0
58.32,11834,0
58.34,11835,0
58.36,11852,0
58.38,11866,0
58.40,11864,0
58.42,11849,0
58.44,11858,0
58.46,11860,0
58.48,11871,0
58.50,11857,0
58.52,11856,0
58.54,11876,0
58.56,11850,0
58.58,11860,0
58.60,11845,0
58.62,11869,0
58.64,11862,0
58.66,11844,0
58.68,11838,0
58.70,11861,0
58.72,11868,0
58.74,11845,0
58.76,11864,0
58.78,11845,0
58.80,11850,0
58.82,11851,0
58.84,11871,0
58.86,11849,0
58.88,11858,0
58.90,11848,0
58.92,11854,0
58.94,11849,0
58.96,11842,0
58.98,11856,0
59.00,11835,0
59.02,11845,0
59.03,11852,0
59.05,11854,0
59.07,11858,0
59.09,11865,0
59.11,11870,0
59.13,11864,0
59.15,11884,0
59.17,11884,0
59.19,11895,0
59.21,11874,0
59.23,11896,0
59.25,11880,0
59.27,11874,0
59.29,11899,0
59.31,11879,0
59.33,11885,0
59.35,11888,0
59.37,11914,0
59.39,11891,0
59.41,11913,0
59.43,11898,0
59.45,11921,0
59.47,11904,0
59.49,11904,0
59.51,11904,0
59.53,11925,0
59.55,11906,0
59.57,11917,0
59.59,11910,0
59.61,11911,0
59.63,11899,0
59.65,11894,0
59.67,11904,0
59.69,11891,0
59.71,11884,0
59.73,11880,0
59.75,11883,0
59.77,11888,0
59.79,11883,0
59.81,11883,0
59.83,11885,0
59.85,11905,0
59.87,11883,0
59.89,11902,0
59.91,11886,0
59.93,11896,0
59.95,11882,0
59.97,11882,0
59.99,11882,0
60.00,11888,0
60.02,11874,0
60.04,11884,0
60.06,11892,0
60.08,11879,0
60.10,11892,0
60.12,11896,0
60.14,11888,0
60.16,11878,0
60.18,11904,0
60.20,11907,0
60.22,11885,0
60.24,11896,0
60.26,11889,0
60.28,11895,0
60.30,11895,0
60.32,11920,0
60.34,11896,0
60.36,11912,0
60.38,11895,0
60.40,11912,0
60.42,11887,0
60.44,11884,0
60.46,11880,0
60.48,11908,0
60.50,11904,0
60.52,11916,0
60.54,11894,0
60.56,11923,0
60.58,11898,0
60.60,11899,0
60.62,11910,0
60.64,11909,0
60.66,11901,0
60.68,11904,0
60.70,11911,0
60.72,11922,0
60.74,11898,0
60.76,11902,0
60.78,11897,0
60.80,11914,0
60.82,11921,0
60.84,11919,0
60.86,11905,0
60.88,11906,0
60.90,11914,0
60.92,11938,0
60.94,11920,0
60.95,11936,0
60.97,11948,0
60.99,11945,0
61.01,11927,0
61.03,11927,0
61.05,11927,0
61.07,11945,0
61.09,11921,0
61.11,11934,0
61.13,11941,0
61.15,11945,0
61.17,11917,0
61.19,11932,0
61.21,11920,0
61.23,11938,0
61.25,11931,0
61.27,11952,0
61.29,11961,0
61.31,11973,0
61.33,11947,0
61.35,11952,0
61.37,11952,0
61.39,11977,0
61.41,11955,0
61.43,11943,0
61.45,11939,0
61.47,11956,0
61.49,11942,0
61.51,11938,0
61.53,11947,0
61.55,11965,0
61.57,11961,0
61.59,11949,0
61.61,11944,0
61.63,11956,0
61.65,11961,0
61.67,11951,0
61.69,11952,0
61.71,11946,0
61.73,11957,0
61.75,11930,0
61.77,11932,0
61.79,11924,0
61.81,11947,0
61.83,11938,0
61.85,11939,0
61.87,11906,0
61.88,11925,0
61.90,11909,0
61.92,11920,0
61.94,11913,0
61.96,11932,0
61.98,11949,0
62.00,11934,0
62.02,11936,0
62.04,11935,0
62.06,11958,0
62.08,11966,0
62.10,11964,0
62.12,11938,0
62.14,11941,0
62.16,11937,0
62.18,11946,0
62.20,11939,0
62.22,11927,0
62.24,11925,0
62.26,11937,0
62.28,11934,0
62.30,11918,0
62.32,11923,0
62.34,11919,0
62.36,11938,0
62.38,11909,0
62.40,11914,0
62.42,11917,0
62.44,11937,0
62.46,11930,0
62.48,11926,0
62.50,11914,0
62.52,11906,0
62.54,11926,0
62.56,11927,0
62.58,11924,0
62.60,11893,0
62.62,11889,0
62.64,11884,0
62.66,11904,0
62.68,11888,0
62.70,11907,0
62.72,11882,0
62.74,11910,0
62.76,11891,0
62.78,11897,0
62.80,11897,0
62.82,11912,0
62.83,11912,0
62.85,11919,0
62.87,11905,0
62.89,11930,0
62.91,11907,0
62.93,11907,0
62.95,11907,0
62.97,11929,0
62.99,11913,0
63.01,11925,0
63.03,11900,0
63.05,11916,0
63.07,11901,0
63.09,11899,0
63.11,11900,0
63.13,11921,0
63.15,11900,0
63.17,11920,0
63.19,11896,0
63.21,11908,0
63.23,11896,0
63.25,11906,0
63.27,11891,0
63.29,11893,0
63.31,11904,0
63.33,11892,0
63.35,11884,0
63.37,11888,0
63.39,11902,0
63.41,11914,0
63.43,11910,0
63.45,11913,0
63.47,11945,0
63.49,11930,0
63.51,11938,0
63.53,11940,0
63.55,11957,0
63.57,11973,0
63.59,11966,0
63.61,11953,0
63.63,11962,0
63.65,11952,0
63.67,11968,0
63.69,11966,0
63.71,11995,0
63.73,11993,0
63.75,12018,0
63.77,11996,0
63.78,12003,0
63.80,12007,0
63.82,12008,0
63.84,12029,0
63.86,12012,0
63.88,12006,0
63.90,11999,0
63.92,12023,0
63.94,12017,0
63.96,12024,0
63.98,12002,0
64.00,12021,0
64.02,11994,0
64.04,11997,0
64.06,11999,0
64.08,12024,0
64.10,12020,0
64.12,12017,0
64.14,12016,0
64.16,12040,0
64.18,12032,0
64.20,12028,0
64.22,12051,0
64.24,12039,0
64.26,12036,0
64.28,12039,0
64.30,12049,0
64.32,12053,0
64.34,12047,0
64.36,12032,0
64.38,12051,0
64.40,12020,0
64.42,12019,0
64.44,12021,0
64.46,12026,0
64.48,12011,0
64.50,12012,0
64.52,12021,0
64.54,12006,0
64.56,12029,0
64.58,12021,0
64.60,12021,0
64.62,11998,0
64.64,12020,0
64.66,11998,0
64.68,11990,0
64.70,11983,0
64.72,11981,0
64.73,11970,0
64.75,11962,0
64.77,11984,0
64.79,11960,0
64.81,11976,0
64.83,11954,0
64.85,11963,0
64.87,11942,0
64.89,11933,0
64.91,11940,0
64.93,11960,0
64.95,11944,0
64.97,11948,0
64.99,11934,0
65.01,11941,0
65.03,11913,0
65.05,11907,0
65.07,11904,0
65.09,11912,0
65.11,11888,0
65.13,11897,0
65.15,11891,0
65.17,11896,0
65.19,11872,0
65.21,11875,0
65.23,11872,0
65.25,11887,0
65.27,11874,0
65.29,11875,0
65.31,11897,0
65.33,11886,0
65.35,11906,0
65.37,11891,0
65.39,11904,0
65.41,11882,0
65.43,11881,0
65.45,11879,0
65.47,11902,0
65.49,11882,0
65.51,11903,0
65.53,11912,0
65.55,11896,0
65.57,11893,0
65.59,11896,0
65.61,11893,0
65.63,11928,0
65.65,11904,0
65.67,11930,0
65.68,11924,0
65.70,11928,0
65.72,11906,0
65.74,11908,0
65.76,11908,0
65.78,11902,0
65.80,11897,0
65.82,11896,0
65.84,11913,0
65.86,11906,0
65.88,11927,0
65.90,11924,0
65.92,11932,0
65.94,11904,0
65.96,11914,0
65.98,11914,0
66.00,11932,0
66.02,11910,0
66.04,11904,0
66.06,11894,0
66.08,11894,0
66.10,11902,0
66.12,11884,0
66.14,11897,0
66.16,11891,0
66.18,11908,0
66.20,11892,0
66.22,11898,0
66.24,11914,0
66.26,11912,0
66.28,11904,0
66.30,11910,0
66.32,11918,0
66.34,11916,0
66.36,11907,0
66.38,11905,0
66.40,11904,0
66.42,11915,0
66.44,11901,0
66.46,11916,0
66.48,11914,0
66.50,11925,0
66.52,11918,0
66.54,11920,0
66.56,11925,0
66.58,11950,0
66.60,11938,0
66.62,11950,0
66.63,11929,0
66.65,11949,0
66.67,11928,0
66.69,11930,0
66.71,11935,0
66.73,11952,0
66.75,11925,0
66.77,11919,0
66.79,11940,0
66.81,11916,0
66.83,11930,0
66.85,11927,0
66.87,11912,0
66.89,11927,0
66.91,11930,0
66.93,11947,0
66.95,11926,0
66.97,11946,0
66.99,11938,0
67.01,11948,0
67.03,11945,0
67.05,11969,0
67.07,11969,0
67.09,11976,0
67.11,11948,0
67.13,11965,0
67.15,11946,0
67.17,11944,0
67.19,11934,0
67.21,11933,0
67.23,11948,0
67.25,11947,0
67.27,11925,0
67.29,11936,0
67.31,11926,0
67.33,11925,0
67.35,11920,0
67.37,11945,0
67.39,11939,0
67.41,11931,0
67.43,11916,0
67.45,11936,0
67.47,11912,0
67.49,11909,0
67.51,11927,0
67.53,11907,0
67.55,11903,0
67.57,11901,0
67.58,11910,0
67.60,11894,0
67.62,11908,0
67.64,11923,0
67.66,11906,0
67.68,11921,0
67.70,11924,0
67.72,11930,0
67.74,11906,0
67.76,11912,0
67.78,11905,0
67.80,11908,0
67.82,11896,0
67.84,11918,0
67.86,11910,0
67.88,11902,0
67.90,11893,0
67.92,11918,0
67.94,11894,0
67.96,11891,0
67.98,11893,0
68.00,11901,0
68.02,11910,0
68.04,11903,0
68.06,11902,0
68.08,11923,0
68.10,11902,0
68.12,11913,0
68.14,11905,0
68.16,11916,0
68.18,11923,0
68.20,11916,0
68.22,11915,0
68.24,11934,0
68.26,11911,0
68.28,11922,0
68.30,11913,0
68.32,11941,0
68.34,11939,0
68.36,11928,0
68.38,11923,0
68.40,11943,0
68.42,11932,0
68.44,11931,0
68.46,11930,0
68.48,11933,0
68.50,11949,0
68.52,11938,0
68.53,11953,0
68.55,11960,0
68.57,11960,0
68.59,11931,0
68.61,11956,0
68.63,11927,0
68.65,11928,0
68.67,11922,0
68.69,11935,0
68.71,11922,0
68.73,11923,0
68.75,11945,0
68.77,11926,0
68.79,11938,0
68.81,11919,0
68.83,11942,0
68.85,11920,0
68.87,11924,0
68.89,11934,0
68.91,11936,0
68.93,11929,0
68.95,11930,0
68.97,11935,0
68.99,11925,0
69.01,11940,0
69.03,11920,0
69.05,11924,0
69.07,11942,0
69.09,11929,0
69.11,11956,0
69.13,11944,0
69.15,11940,0
69.17,11946,0
69.19,11958,0
69.21,11967,0
69.23,11943,0
69.25,11944,0
69.27,11943,0
69.29,11950,0
69.31,11945,0
69.33,11965,0
69.35,11954,0
69.37,11953,0
69.39,11937,0
69.41,11958,0
69.43,11935,0
69.45,11938,0
69.47,11952,0
69.49,11943,0
69.50,11938,0
69.52,11940,0
69.54,11961,0
69.56,11938,0
69.58,11941,0
69.60,11964,0
69.62,11938,0
69.64,11962,0
69.66,11956,0
69.68,11940,0
69.70,11950,0
69.72,11935,0
69.74,11944,0
69.76,11937,0
69.78,11929,0
69.80,11936,0
69.82,11932,0
69.84,11952,0
69.86,11930,0
69.88,11939,0
69.90,11932,0
69.92,11936,0
69.94,11930,0
69.96,11943,0
69.98,11935,0
70.00,11928,0
70.02,11939,0
70.04,11948,0
70.06,11940,0
70.08,11912,0
70.10,11919,0
70.12,11908,0
70.14,11912,0
70.16,11902,0
70.18,11908,0
70.20,11921,0
70.22,11919,0
70.24,11904,0
70.26,11928,0
70.28,11916,0
70.30,11921,0
70.32,11931,0
70.34,11939,0
70.36,11932,0
70.38,11930,0
70.40,11941,0
70.42,11921,0
70.43,11928,0
70.45,11913,0
70.47,11914,0
70.49,11883,0
70.51,11890,0
70.53,11889,0
70.55,11887,0
70.57,11888,0
70.59,11887,0
70.61,11889,0
70.63,11898,0
70.65,11914,0
70.67,11903,0
70.69,11904,0
70.71,11927,0
70.73,11908,0
70.75,11925,0
70.77,11916,0
70.79,11914,0
70.81,11892,0
70.83,11896,0
70.85,11898,0
70.87,11902,0
70.89,11900,0
70.91,11904,0
70.93,11923,0
70.95,11903,0
70.97,11917,0
70.99,11939,0
71.01,11944,0
71.03,11923,0
71.05,11938,0
71.07,11929,0
71.09,11936,0
71.11,11936,0
71.13,11947,0
71.15,11950,0
71.17,11941,0
71.19,11934,0
71.21,11941,0
71.23,11944,0
71.25,11933,0
71.27,11960,0
71.29,11926,0
71.31,11926,0
71.33,11929,0
71.35,11951,0
71.37,11939,0
71.39,11952,0
71.40,11942,0
71.42,11946,0
71.44,11936,0
71.46,11936,0
71.48,11937,0
71.50,11944,0
71.52,11928,0
71.54,11926,0
71.56,11952,0
71.58,11922,0
71.60,11944,0
71.62,11928,0
71.64,11942,0
71.66,11915,0
71.68,11913,0
71.70,11912,0
71.72,11918,0
71.74,11914,0
71.76,11937,0
71.78,11934,0
71.80,11930,0
71.82,11920,0
71.84,11949,0
71.86,11938,0
71.88,11941,0
71.90,11949,0
71.92,11955,0
71.94,11969,0
71.96,11963,0
71.98,11972,0
72.00,11984,0
72.02,11990,0
72.04,11970,0
72.06,11996,0
72.08,11971,0
72.10,11979,0
72.12,11976,0
72.14,11988,0
72.16,11965,0
72.18,11959,0
72.20,11967,0
72.22,11967,0
72.24,11950,0
72.26,11945,0
72.28,11957,0
72.30,11952,0
72.32,11943,0
72.33,11943,0
72.35,11967,0
72.37,11948,0
72.39,11969,0
72.41,11955,0
72.43,11962,0
72.45,11940,0
72.47,11935,0
72.49,11936,0
72.51,11940,0
72.53,11934,0
72.55,11937,0
72.57,11943,0
72.59,11934,0
72.61,11955,0
72.63,11934,0
72.65,11932,0
72.67,11956,0
72.69,11938,0
72.71,11955,0
72.73,11953,0
72.75,11937,0
72.77,11933,0
72.79,11945,0
72.81,11962,0
72.83,11948,0
72.85,11953,0
72.87,11952,0
72.89,11953,0
72.91,11951,0
72.93,11966,0
72.95,11961,0
72.97,11964,0
72.99,11976,0
73.01,11976,0
73.03,11992,0
73.05,11984,0
73.07,11980,0
73.09,11991,0
73.11,11997,0
73.13,11995,0
73.15,11973,0
73.17,11998,0
73.19,11974,0
73.21,11964,0
73.23,11989,0
73.25,11960,0
73.27,11963,0
73.29,11964,0
73.30,11977,0
73.32,11974,0
73.34,11971,0
73.36,11990,0
73.38,11967,0
73.40,11980,0
73.42,11976,0
73.44,11964,0
73.46,11971,0
73.48,11985,0
73.50,11975,0
73.52,11968,0
73.54,11990,0
73.56,11979,0
73.58,11991,0
73.60,11993,0
73.62,12022,0
73.64,11997,0
73.66,12000,0
73.68,12009,0
73.70,11994,0
73.72,12019,0
73.74,12013,0
73.76,12004,0
73.78,11991,0
73.80,12014,0
73.82,12001,0
73.84,11988,0
73.86,11998,0
73.88,11988,0
73.90,11987,0
73.92,11990,0
73.94,12004,0
73.96,11986,0
73.98,11993,0
74.00,12006,0
74.02,11997,0
74.04,11988,0
74.06,11986,0
74.08,12013,0
74.10,11990,0
74.12,11995,0
74.14,11988,0
74.16,12003,0
74.18,11988,0
74.20,12009,0
74.22,11992,0
74.24,12007,0
74.25,11985,0
74.27,11996,0
74.29,11994,0
74.31,12009,0
74.33,12007,0
74.35,12037,0
74.37,12040,0
74.39,12050,0
74.41,12032,0
74.43,12037,0
74.45,12035,0
74.47,12053,0
74.49,12035,0
74.51,12059,0
74.53,12040,0
74.55,12054,0
74.57,12026,0
74.59,12023,0
74.61,12019,0
74.63,12032,0
74.65,12036,0
74.67,12023,0
74.69,12025,0
74.71,12036,0
74.73,12060,0
74.75,12051,0
74.77,12046,0
74.79,12044,0
74.81,12063,0
74.83,12042,0
74.85,12037,0
74.87,12048,0
74.89,12040,0
74.91,12030,0
74.93,12024,0
74.95,12043,0
74.97,12045,0
74.99,12048,0
75.01,12026,0
75.03,12053,0
75.05,12023,0
75.07,12027,0
75.09,12019,0
75.11,12024,0
75.13,12007,0
75.15,12020,0
75.17,12011,0
75.19,12016,0
75.20,11995,0
75.22,11993,0
75.24,11994,0
75.26,12014,0
75.28,12002,0
75.30,12016,0
75.32,11994,0
75.34,12004,0
75.36,12004,0
75.38,12004,0
75.40,12004,0
75.42,11994,0
75.44,12010,0
75.46,11988,0
75.48,11990,0
75.50,11986,0
75.52,11985,0
75.54,11981,0
75.56,11978,0
75.58,11999,0
75.60,11969,0
75.62,11984,0
75.64,11966,0
75.66,11965,0
75.68,11948,0
75.70,11953,0
75.72,11960,0
75.74,11953,0
75.76,11951,0
75.78,11955,0
75.80,11977,0
75.82,11962,0
75.84,11964,0
75.86,11966,0
75.88,11988,0
75.90,11962,0
75.92,11960,0
75.94,11961,0
75.96,11979,0
75.98,11959,0
76.00,11978,0
76.02,11987,0
76.04,11967,0
76.06,11972,0
76.08,11994,0
76.10,11997,0
76.12,11975,0
76.14,11999,0
76.15,11980,0
76.17,11976,0
76.19,11979,0
76.21,11999,0
76.23,11981,0
76.25,11982,0
76.27,11992,0
76.29,11970,0
76.31,11987,0
76.33,11972,0
76.35,11970,0
76.37,11959,0
76.39,11973,0
76.41,11971,0
76.43,11953,0
76.45,11962,0
76.47,11951,0
76.49,11957,0
76.51,11955,0
76.53,11980,0
76.55,11968,0
76.57,11968,0
76.59,11979,0
76.61,11974,0
76.63,11994,0
76.65,11985,0
76.67,11991,0
76.69,11973,0
76.71,11988,0
76.73,11998,0
76.75,11983,0
76.77,11997,0
76.79,11984,0
76.81,11985,0
76.83,11979,0
76.85,12002,0
76.87,11999,0
76.89,11993,0
76.91,11989,0
76.93,12010,0
76.95,11990,0
76.97,11996,0
76.99,11996,0
77.01,12029,0
77.03,12020,0
77.05,12026,0
77.07,12008,0
77.09,12029,0
77.10,12005,0
77.12,12003,0
77.14,12003,0
77.16,12029,0
77.18,12029,0
77.20,12032,0
77.22,12010,0
77.24,12004,0
77.26,12011,0
77.28,12035,0
77.30,12018,0
77.32,12020,0
77.34,12025,0
77.36,12021,0
77.38,12013,0
77.40,12006,0
77.42,12008,0
77.44,12027,0
77.46,12007,0
77.48,12024,0
77.50,12030,0
77.52,12023,0
77.54,12004,0
77.56,12015,0
77.58,12003,0
77.60,12009,0
77.62,11998,0
77.64,12015,0
77.66,12007,0
77.68,11997,0
77.70,12008,0
77.72,12022,0
77.74,12016,0
77.76,11998,0
77.78,12023,0
77.80,11993,0
77.82,11995,0
77.84,11986,0
77.86,12008,0
77.88,11985,0
77.90,11992,0
77.92,11999,0
77.94,11996,0
77.96,11988,0
77.98,11987,0
78.00,12014,0
78.02,12003,0
78.04,12007,0
78.05,12010,0
78.07,12026,0
78.09,12013,0
78.11,12039,0
78.13,12037,0
78.15,12012,0
78.17,12009,0
78.19,12012,0
78.21,12014,0
78.23,11983,0
78.25,12002,0
78.27,11972,0
78.29,11969,0
78.31,11969,0
78.33,11984,0
78.35,11967,0
78.37,11970,0
78.39,11971,0
78.41,11992,0
78.43,11966,0
78.45,11969,0
78.47,11972,0
78.49,11997,0
78.51,11989,0
78.53,11996,0
78.55,11967,0
78.57,11989,0
78.59,11963,0
78.61,11965,0
78.63,11956,0
78.65,11979,0
78.67,11963,0
78.69,11968,0
78.71,11957,0
78.73,11982,0
78.75,11958,0
78.77,11965,0
78.79,11967,0
78.81,11990,0
78.83,11987,0
78.85,11986,0
78.87,11978,0
78.89,11988,0
78.91,11974,0
78.93,11988,0
78.95,11979,0
78.97,11984,0
78.99,11996,0
79.00,11987,0
79.02,11971,0
79.04,11974,0
79.06,11987,0
79.08,11995,0
79.10,11987,0
79.12,11973,0
79.14,11969,0
79.16,11969,0
79.18,11984,0
79.20,11974,0
79.22,11964,0
79.24,11958,0
79.26,11960,0
79.28,11948,0
79.30,11954,0
79.32,11952,0
79.34,11942,0
79.36,11961,0
79.38,11942,0
79.40,11949,0
79.42,11950,0
79.44,11985,0
79.46,11982,0
79.48,11981,0
79.50,11961,0
79.52,11955,0
79.54,11958,0
79.56,11979,0
79.58,11959,0
79.60,11966,0
79.62,11962,0
79.64,11961,0
79.66,11967,0
79.68,11948,0
79.70,11970,0
79.72,11948,0
79.74,11964,0
79.76,11945,0
79.78,11947,0
79.80,11948,0
79.82,11962,0
79.84,11976,0
79.86,11980,0
79.88,11964,0
79.90,11966,0
79.92,11986,0
79.93,11982,0
79.95,11983,0
79.97,11965,0
79.99,11966,0
80.01,11965,0
80.03,11956,0
80.05,11975,0
80.07,11954,0
80.09,11956,0
80.11,11958,0
80.13,11963,0
80.15,11978,0
80.17,11968,0
80.19,11987,0
80.21,11977,0
80.23,11998,0
80.25,11975,0
80.27,11985,0
80.29,11979,0
80.31,11974,0
80.33,11990,0
80.35,11959,0
80.37,11965,0
80.39,11968,0
80.41,11989,0
80.43,11976,0
80.45,11955,0
80.47,11953,0
80.49,11953,0
80.51,11952,0
80.53,11944,0
80.55,11945,0
80.57,11963,0
80.59,11940,0
80.61,11965,0
80.63,11958,0
80.65,11960,0
80.67,11936,0
80.69,11960,0
80.71,11940,0
80.73,11935,0
80.75,11953,0
80.77,11933,0
80.79,11933,0
80.81,11935,0
80.83,11955,0
80.85,11940,0
80.87,11967,0
80.88,11960,0
80.90,11966,0
80.92,11953,0
80.94,11953,0
80.96,11965,0
80.98,11968,0
81.00,11968,0
81.02,11968,0
81.04,11993,0
81.06,11970,0
81.08,11981,0
81.10,11984,0
81.12,12002,0
81.14,11979,0
81.16,11981,0
81.18,11982,0
81.20,12004,0
81.22,11984,0
81.24,11990,0
81.26,12000,0
81.28,12012,0
81.30,11994,0
81.32,11989,0
81.34,11993,0
81.36,12005,0
81.38,11992,0
81.40,12019,0
81.42,12011,0
81.44,11986,0
81.46,11985,0
81.48,11993,0
81.50,11995,0
81.52,11981,0
81.54,12003,0
81.56,11986,0
81.58,11988,0
81.60,12001,0
81.62,12007,0
81.64,11998,0
81.66,12003,0
81.68,12026,0
81.70,12002,0
81.72,12026,0
81.74,12027,0
81.76,12018,0
81.78,11999,0
81.80,12009,0
81.82,12003,0
81.84,11984,0
81.85,11991,0
81.87,11978,0
81.89,11972,0
81.91,11973,0
81.93,11970,0
81.95,11956,0
81.97,11954,0
81.99,11977,0
82.01,11950,0
82.03,11974,0
82.05,11967,0
82.07,11958,0
82.09,11943,0
82.11,11951,0
82.13,11951,0
82.15,11949,0
82.17,11942,0
82.19,11933,0
82.21,11947,0
82.23,11927,0
82.25,11935,0
82.27,11938,0
82.29,11941,0
82.31,11924,0
82.33,11946,0
82.35,11923,0
82.37,11928,0
82.39,11931,0
82.41,11949,0
82.43,11944,0
82.45,11939,0
82.47,11938,0
82.49,11953,0
82.51,11932,0
82.53,11934,0
82.55,11932,0
82.57,11948,0
82.59,11931,0
82.61,11939,0
82.63,11935,0
82.65,11953,0
82.67,11945,0
82.69,11942,0
82.71,11964,0
82.73,11944,0
82.75,11947,0
82.77,11949,0
82.79,11972,0
82.80,11948,0
82.82,11968,0
82.84,11962,0
82.86,11964,0
82.88,11945,0
82.90,11942,0
82.92,11937,0
82.94,11960,0
82.96,11942,0
82.98,11967,0
83.00,11944,0
83.02,11979,0
83.04,11954,0
83.06,11956,0
83.08,11959,0
83.10,11983,0
83.12,11972,0
83.14,11972,0
83.16,11967,0
83.18,11969,0
83.20,11972,0
83.22,11981,0
83.24,11962,0
83.26,11962,0
83.28,11983,0
83.30,11961,0
83.32,11959,0
83.34,11958,0
83.36,11976,0
83.38,11976,0
83.40,11966,0
83.42,11960,0
83.44,11975,0
83.46,11962,0
83.48,11977,0
83.50,11962,0
83.52,11990,0
83.54,11983,0
83.56,11985,0
83.58,11967,0
83.60,11962,0
83.62,11958,0
83.64,11982,0
83.66,11960,0
83.68,11991,0
83.70,11968,0
83.72,11992,0
83.74,11968,0
83.75,11967,0
83.77,11970,0
83.79,11999,0
83.81,11981,0
83.83,12004,0
83.85,12000,0
83.87,12022,0
83.89,11993,0
83.91,11996,0
83.93,11990,0
83.95,11990,0
83.97,11980,0
83.99,11989,0
84.01,11991,0
84.03,11984,0
84.05,11962,0
84.07,11952,0
84.09,11948,0
84.11,11971,0
84.13,11943,0
84.15,11961,0
84.17,11958,0
84.19,11944,0
84.21,11929,0
84.23,11930,0
84.25,11936,0
84.27,11933,0
84.29,11923,0
84.31,11927,0
84.33,11939,0
84.35,11912,0
84.37,11928,0
84.39,11927,0
84.41,11916,0
84.43,11915,0
84.45,11907,0
84.47,11916,0
84.49,11915,0
84.51,11909,0
84.53,11913,0
84.55,11920,0
84.57,11930,0
84.59,11911,0
84.61,11911,0
84.63,11909,0
84.65,11919,0
84.67,11912,0
84.68,11929,0
84.70,11928,0
84.72,11919,0
84.74,11925,0
84.76,11946,0
84.78,11944,0
84.80,11928,0
84.82,11949,0
84.84,11933,0
84.86,11938,0
84.88,11940,0
84.90,11966,0
84.92,11943,0
84.94,11960,0
84.96,11956,0
84.98,11961,0
85.00,11954,0
85.02,11953,0
85.04,11953,0
85.06,11948,0
85.08,11946,0
85.10,11943,0
85.12,11970,0
85.14,11954,0
85.16,11968,0
85.18,11959,0
85.20,11981,0
85.22,11962,0
85.24,11972,0
85.26,11963,0
85.28,11969,0
85.30,11973,0
85.32,11974,0
85.34,11990,0
85.36,11971,0
85.38,11988,0
85.40,11979,0
85.42,11976,0
85.44,11964,0
85.46,11983,0
85.48,11965,0
85.50,11964,0
85.52,11983,0
85.54,11965,0
85.56,11966,0
85.58,11962,0
85.60,11977,0
85.62,11966,0
85.64,11984,0
85.65,11992,0
85.67,11969,0
85.69,11982,0
85.71,11998,0
85.73,11999,0
85.75,11978,0
85.77,12000,0
85.79,11976,0
85.81,11976,0
85.83,11994,0
85.85,11976,0
85.87,11980,0
85.89,11983,0
85.91,11995,0
85.93,11988,0
85.95,11995,0
85.97,12013,0
85.99,11999,0
86.01,12018,0
86.03,12008,0
86.05,12008,0
86.07,12031,0
86.09,12002,0
86.11,12007,0
86.13,12020,0
86.15,11998,0
86.17,12021,0
86.19,12020,0
86.21,12017,0
86.23,12001,0
86.25,12027,0
86.27,12006,0
86.29,12002,0
86.31,12026,0
86.33,12011,0
86.35,12007,0
86.37,12010,0
86.39,12030,0
86.41,12006,0
86.43,12012,0
86.45,12022,0
86.47,12016,0
86.49,11999,0
86.51,11998,0
86.53,12013,0
86.55,12003,0
86.57,11995,0
86.59,11993,0
86.60,11998,0
86.62,12009,0
86.64,11989,0
86.66,11988,0
86.68,11996,0
86.70,11995,0
86.72,11984,0
86.74,11990,0
86.76,11981,0
86.78,11998,0
86.80,11977,0
86.82,11980,0
86.84,11983,0
86.86,11985,0
86.88,11976,0
86.90,11986,0
86.92,11978,0
86.94,11998,0
86.96,11976,0
86.98,11971,0
87.00,11988,0
87.02,11968,0
87.04,11971,0
87.06,11973,0
87.08,11997,0
87.10,11981,0
87.12,12000,0
87.14,11996,0
87.16,12017,0
87.18,11991,0
87.20,11990,0
87.22,11986,0
87.24,12005,0
87.26,11988,0
87.28,12001,0
87.30,12002,0
87.32,11982,0
87.34,11991,0
87.36,12005,0
87.38,12013,0
87.40,11997,0
87.42,12028,0
87.44,12007,0
87.46,12016,0
87.48,12029,0
87.50,12025,0
87.52,12027,0
87.54,12025,0
87.55,12047,0
87.57,12028,0
87.59,12051,0
87.61,12027,0
87.63,12056,0
87.65,12027,0
87.67,12030,0
87.69,12028,0
87.71,12035,0
87.73,12025,0
87.75,12025,0
87.77,12033,0
87.79,12028,0
87.81,12050,0
87.83,12052,0
87.85,12038,0
87.87,12024,0
87.89,12044,0
87.91,12052,0
87.93,12026,0
87.95,12056,0
87.97,12029,0
87.99,12029,0
88.01,12043,0
88.03,12020,0
88.05,12028,0
88.07,12014,0
88.09,12022,0
88.11,12012,0
88.13,12020,0
88.15,12021,0
88.17,12022,0
88.19,12047,0
88.21,12030,0
88.23,12029,0
88.25,12050,0
88.27,12027,0
88.29,12052,0
88.31,12052,0
88.33,12045,0
88.35,12036,0
88.37,12047,0
88.39,12036,0
88.41,12044,0
88.43,12028,0
88.45,12045,0
88.47,12048,0
88.49,12032,0
88.50,12058,0
88.52,12038,0
88.54,12043,0
88.56,12056,0
88.58,12037,0
88.60,12063,0
88.62,12064,0
88.64,12046,0
88.66,12070,0
88.68,12052,0
88.70,12044,0
88.72,12055,0
88.74,12044,0
88.76,12052,0
88.78,12040,0
88.80,12044,0
88.82,12019,0
88.84,12025,0
88.86,12023,0
88.88,12019,0
88.90,12022,0
88.92,12024,0
88.94,12035,0
88.96,12034,0
88.98,12050,0
89.00,12048,0
89.02,12047,0
89.04,12047,0
89.06,12063,0
89.08,12061,0
89.10,12044,0
89.12,12064,0
89.14,12038,0
89.16,12036,0
89.18,12036,0
89.20,12051,0
89.22,12034,0
89.24,12045,0
89.26,12036,0
89.28,12050,0
89.30,12033,0
89.32,12034,0
89.34,12048,0
89.36,12040,0
89.38,12032,0
89.40,12036,0
89.42,12055,0
89.44,12036,0
89.45,12043,0
89.47,12041,0
89.49,12050,0
89.51,12030,0
89.53,12027,0
89.55,12027,0
89.57,12047,0
89.59,12022,0
89.61,12053,0
89.63,12043,0
89.65,12049,0
89.67,12036,0
89.69,12070,0
89.71,12048,0
89.73,12047,0
89.75,12053,0
89.77,12060,0
89.79,12068,0
89.81,12073,0
89.83,12099,0
89.85,12077,0
89.87,12093,0
89.89,12082,0
89.91,12093,0
89.93,12074,0
89.95,12074,0
89.97,12089,0
89.99,12087,0
90.01,12072,0
90.03,12073,0
90.05,12086,0
90.07,12084,0
90.09,12069,0
90.11,12064,0
90.13,12069,0
90.15,12082,0
90.17,12068,0
90.19,12061,0
90.21,12077,0
90.23,12060,0
90.25,12070,0
90.27,12054,0
90.29,12070,0
90.31,12042,0
90.33,12042,0
90.35,12040,0
90.37,12067,0
90.39,12052,0
90.41,12075,0
90.42,12059,0
90.44,12085,0
90.46,12062,0
90.48,12058,0
90.50,12054,0
90.52,12082,0
90.54,12055,0
90.56,12075,0
90.58,12060,0
90.60,12072,0
90.62,12040,0
90.64,12039,0
90.66,12035,0
90.68,12041,0
90.70,12045,0
90.72,12044,0
90.74,12028,0
90.76,12041,0
90.78,12024,0
90.80,12018,0
90.82,12019,0
90.84,12041,0
90.86,12031,0
90.88,12037,0
90.90,12016,0
90.92,12029,0
90.94,12015,0
90.96,12011,0
90.98,12001,0
91.00,12026,0
91.02,11990,0
91.04,11992,0
91.06,12004,0
91.08,11981,0
91.10,12001,0
91.12,12011,0
91.14,12013,0
91.16,11989,0
91.18,11996,0
91.20,11994,0
91.22,11998,0
91.24,11996,0
91.26,11997,0
91.28,11996,0
91.30,11993,0
91.32,12014,0
91.34,11999,0
91.36,12016,0
91.37,11990,0
91.39,12006,0
91.41,11989,0
91.43,11990,0
91.45,11994,0
91.47,12011,0
91.49,12010,0
91.51,12017,0
91.53,11991,0
91.55,12014,0
91.57,11988,0
91.59,11990,0
91.61,11986,0
91.63,12003,0
91.65,11982,0
91.67,11988,0
91.69,11992,0
91.71,11999,0
91.73,11976,0
91.75,11973,0
91.77,11974,0
91.79,11992,0
91.81,11974,0
91.83,11984,0
91.85,11977,0
91.87,11993,0
91.89,11981,0
91.91,11979,0
91.93,11990,0
91.95,11981,0
91.97,11972,0
91.99,11972,0
92.01,11971,0
92.03,11978,0
92.05,11967,0
92.07,11963,0
92.09,11977,0
92.11,11963,0
92.13,11965,0
92.15,11968,0
92.17,11978,0
92.19,11990,0
92.21,11969,0
92.23,11979,0
92.25,11977,0
92.27,11999,0
92.29,12006,0
92.30,12007,0
92.32,11986,0
92.34,11988,0
92.36,11985,0
92.38,11991,0
92.40,11977,0
92.42,11984,0
92.44,11978,0
92.46,11977,0
92.48,11968,0
92.50,11965,0
92.52,11970,0
92.54,11991,0
92.56,11980,0
92.58,11975,0
92.60,11979,0
92.62,11984,0
92.64,11993,0
92.66,11984,0
92.68,11998,0
92.70,12010,0
92.72,11990,0
92.74,12014,0
92.76,12015,0
92.78,12011,0
92.80,11996,0
92.82,12022,0
92.84,12003,0
92.86,12002,0
92.88,12006,0
92.90,12019,0
92.92,12023,0
92.94,12016,0
92.96,12016,0
92.98,12033,0
93.00,12009,0
93.02,12033,0
93.04,12012,0
93.06,12033,0
93.08,12010,0
93.10,12023,0
93.12,12012,0
93.14,12000,0
93.16,12019,0
93.18,11999,0
93.20,12024,0
93.22,11998,0
93.24,12002,0
93.25,11997,0
93.27,12019,0
93.29,12012,0
93.31,12003,0
93.33,11980,0
93.35,11977,0
93.37,11980,0
93.39,11984,0
93.41,11959,0
93.43,11952,0
93.45,11950,0
93.47,11952,0
93.49,11971,0
93.51,11950,0
93.53,11964,0
93.55,11951,0
93.57,11955,0
93.59,11976,0
93.61,11976,0
93.63,11980,0
93.65,11958,0
93.67,11957,0
93.69,11959,0
93.71,11979,0
93.73,11958,0
93.75,11966,0
93.77,11964,0
93.79,11965,0
93.81,11945,0
93.83,11947,0
93.85,11953,0
93.87,11978,0
93.89,11959,0
93.91,11967,0
93.93,11977,0
93.95,11982,0
93.97,11958,0
93.99,11967,0
94.01,11959,0
94.03,11975,0
94.05,11958,0
94.07,11975,0
94.09,11970,0
94.11,11984,0
94.13,11971,0
94.15,11966,0
94.17,11979,0
94.19,11986,0
94.20,11979,0
94.22,11962,0
94.24,11958,0
94.26,11961,0
94.28,11967,0
94.30,11958,0
94.32,11960,0
94.34,11955,0
94.36,11970,0
94.38,11945,0
94.40,11943,0
94.42,11938,0
94.44,11949,0
94.46,11952,0
94.48,11943,0
94.50,11936,0
94.52,11939,0
94.54,11948,0
94.56,11966,0
94.58,11949,0
94.60,11954,0
94.62,11977,0
94.64,11983,0
94.66,11963,0
94.68,11986,0
94.70,11968,0
94.72,11966,0
94.74,11965,0
94.76,11984,0
94.78,11963,0
94.80,11968,0
94.82,11986,0
94.84,11975,0
94.86,11989,0
94.88,11972,0
94.90,11990,0
94.92,11971,0
94.94,11966,0
94.96,11977,0
94.98,11963,0
95.00,11977,0
95.02,11961,0
95.04,11964,0
95.06,11954,0
95.08,11956,0
95.10,11948,0
95.12,11949,0
95.14,11964,0
95.15,11941,0
95.17,11950,0
95.19,11942,0
95.21,11945,0
95.23,11966,0
95.25,11973,0
95.27,11976,0
95.29,11952,0
95.31,11952,0
95.33,11949,0
95.35,11972,0
95.37,11949,0
95.39,11949,0
95.41,11947,0
95.43,11945,0
95.45,11967,0
95.47,11954,0
95.49,11946,0
95.51,11939,0
95.53,11942,0
95.55,11967,0
95.57,11959,0
95.59,11964,0
95.61,11946,0
95.63,11944,0
95.65,11942,0
95.67,11970,0
95.69,11957,0
95.71,11948,0
95.73,11942,0
95.75,11942,0
95.77,11956,0
95.79,11934,0
95.81,11942,0
95.83,11936,0
95.85,11959,0
95.87,11936,0
95.89,11943,0
95.91,11952,0
95.93,11976,0
95.95,11960,0
95.97,11966,0
95.99,11971,0
96.01,11970,0
96.03,11970,0
96.05,11966,0
96.07,11982,0
96.09,11956,0
96.10,11945,0
96.12,11943,0
96.14,11948,0
96.16,11932,0
96.18,11940,0
96.20,11956,0
96.22,11930,0
96.24,11930,0
96.26,11950,0
96.28,11950,0
96.30,11923,0
96.32,11933,0
96.34,11921,0
96.36,11923,0
96.38,11920,0
96.40,11920,0
96.42,11908,0
96.44,11907,0
96.46,11931,0
96.48,11903,0
96.50,11916,0
96.52,11915,0
96.54,11901,0
96.56,11901,0
96.58,11914,0
96.60,11918,0
96.62,11900,0
96.64,11904,0
96.66,11904,0
96.68,11922,0
96.70,11907,0
96.72,11930,0
96.74,11930,0
96.76,11922,0
96.78,11902,0
96.80,11907,0
96.82,11896,0
96.84,11904,0
96.86,11894,0
96.88,11918,0
96.90,11911,0
96.92,11910,0
96.94,11887,0
96.96,11900,0
96.98,11888,0
97.00,11894,0
97.02,11883,0
97.04,11900,0
97.05,11894,0
97.07,11888,0
97.09,11897,0
97.11,11905,0
97.13,11902,0
97.15,11886,0
97.17,11885,0
97.19,11890,0
97.21,11907,0
97.23,11890,0
97.25,11886,0
97.27,11891,0
97.29,11891,0
97.31,11918,0
97.33,11906,0
97.35,11935,0
97.37,11929,0
97.39,11942,0
97.41,11921,0
97.43,11923,0
97.45,11921,0
97.47,11941,0
97.49,11943,0
97.51,11922,0
97.53,11925,0
97.55,11923,0
97.57,11933,0
97.59,11943,0
97.61,11930,0
97.63,11916,0
97.65,11915,0
97.67,11936,0
97.69,11924,0
97.71,11938,0
97.73,11918,0
97.75,11909,0
97.77,11914,0
97.79,11936,0
97.81,11921,0
97.83,11941,0
97.85,11924,0
97.87,11948,0
97.89,11919,0
97.91,11920,0
97.93,11917,0
97.95,11941,0
97.97,11917,0
97.99,11930,0
98.00,11919,0
98.02,11930,0
98.04,11916,0
98.06,11914,0
98.08,11925,0
98.10,11936,0
98.12,11932,0
98.14,11942,0
98.16,11965,0
98.18,11946,0
98.20,11947,0
98.22,11947,0
98.24,11962,0
98.26,11956,0
98.28,11946,0
98.30,11948,0
98.32,11970,0
98.34,11944,0
98.36,11960,0
98.38,11962,0
98.40,11962,0
98.42,11940,0
98.44,11938,0
98.46,11935,0
98.48,11962,0
98.50,11941,0
98.52,11966,0
98.54,11966,0
98.56,11960,0
98.58,11950,0
98.60,11948,0
98.62,11942,0
98.64,11940,0
98.66,11936,0
98.68,11948,0
98.70,11943,0
98.72,11938,0
98.74,11912,0
98.76,11903,0
98.78,11899,0
98.80,11913,0
98.82,11891,0
98.84,11916,0
98.86,11902,0
98.88,11918,0
98.90,11894,0
98.92,11893,0
98.94,11892,0
98.95,11916,0
98.97,11896,0
98.99,11897,0
99.01,11892,0
99.03,11916,0
99.05,11898,0
99.07,11900,0
99.09,11893,0
99.11,11914,0
99.13,11904,0
99.15,11890,0
99.17,11883,0
99.19,11886,0
99.21,11892,0
99.23,11898,0
99.25,11893,0
99.27,11889,0
99.29,11902,0
99.31,11888,0
99.33,11902,0
99.35,11890,0
99.37,11884,0
99.39,11882,0
99.41,11878,0
99.43,11904,0
99.45,11893,0
99.47,11884,0
99.49,11871,0
99.51,11869,0
99.53,11894,0
99.55,11889,0
99.57,11890,0
99.59,11870,0
99.61,11873,0
99.63,11882,0
99.65,11881,0
99.67,11895,0
99.69,11879,0
99.71,11892,0
99.73,11894,0
99.75,11888,0
99.77,11904,0
99.79,11886,0
99.81,11896,0
99.83,11885,0
99.85,11907,0
99.87,11889,0
99.89,11889,0
99.90,11890,0
99.92,11884,0
99.94,11894,0
99.96,11887,0
99.98,11905,0
100.00,11878,0
100.02,11880,0
100.04,11878,0
100.06,11899,0
100.08,11884,0
100.10,11898,0
100.12,11879,0
100.14,11904,0
100.16,11880,0
100.18,11878,0
100.20,11877,0
100.22,11900,0
100.24,11893,0
100.26,11894,0
100.28,11867,0
100.30,11884,0
100.32,11861,0
