20,8324,0
11.22,8312,0
11.24,8339,0
11.26,8315,0
11.28,8329,0
11.30,8316,0
11.32,8326,0
11.34,8324,0
11.36,8319,0
11.38,8341,0
11.40,8327,0
11.42,8323,0
11.44,8324,0
11.46,8323,0
11.48,8334,0
11.50,8323,0
11.52,8332,0
11.54,8331,0
11.56,8327,0
11.58,8346,0
11.60,8323,0
11.62,8339,0
11.64,8324,0
11.66,8337,0
11.68,8331,0
11.70,8334,0
11.72,8332,0
11.74,8343,0
11.76,8334,0
11.78,8323,0
11.80,8330,0
11.82,8332,0
11.84,8330,0
11.86,8343,0
11.88,8339,0
11.89,8335,0
11.91,8318,0
11.93,8331,0
11.95,8351,0
11.97,8339,0
11.99,8334,0
12.01,8335,0
12.03,8340,0
12.05,8334,0
12.07,8345,0
12.09,8325,0
12.11,8342,0
12.13,8336,0
12.15,8344,0
12.17,8333,0
12.19,8346,0
12.21,8326,0
12.23,8342,0
12.25,8333,0
12.27,8337,0
12.29,8331,0
12.31,8345,0
12.33,8334,0
12.35,8344,0
12.37,8334,0
12.39,8344,0
12.41,8335,0
12.43,8341,0
12.45,8340,0
12.47,8341,0
12.49,8335,0
12.51,8343,0
12.53,8325,0
12.55,8344,0
12.57,8351,0
12.59,8337,0
12.61,8345,0
12.63,8341,0
12.65,8340,0
12.67,8351,0
12.69,8330,0
12.71,8340,0
12.73,8345,0
12.75,8338,0
12.77,8340,0
12.79,8343,0
12.81,8337,0
12.83,8348,0
12.85,8345,0
12.87,8344,0
12.88,8346,0
12.90,8347,0
12.92,8350,0
12.94,8336,0
12.96,8339,0
12.98,8340,0
13.00,8358,0
13.02,8347,0
13.04,8351,0
13.06,8339,0
13.08,8344,0
13.10,8350,0
13.12,8340,0
13.14,8338,0
13.16,8350,0
13.18,8346,0
13.20,8348,0
13.22,8345,0
13.24,8348,0
13.26,8345,0
13.28,8356,0
13.30,8344,0
13.32,8338,0
13.34,8345,0
13.36,8344,0
13.38,8345,0
13.40,8341,0
13.42,8350,0
13.44,8347,0
13.46,8354,0
13.48,8349,0
13.50,8355,0
13.52,8347,0
13.54,8351,0
13.56,8351,0
13.58,8347,0
13.60,8352,0
13.62,8341,0
13.64,8356,0
13.66,8345,0
13.68,8355,0
13.70,8348,0
13.72,8351,0
13.74,8356,0
13.76,8357,0
13.78,8344,0
13.80,8355,0
13.82,8345,0
13.84,8356,0
13.85,8350,0
13.87,8334,0
13.89,8356,0
13.91,8339,0
13.93,8350,0
13.95,8353,0
13.97,8345,0
13.99,8352,0
14.01,8341,0
14.03,8343,0
14.05,8356,0
14.07,8353,0
14.09,8352,0
14.11,8352,0
14.13,8346,0
14.15,8347,0
14.17,8346,0
14.19,8357,0
14.21,8342,0
14.23,8350,0
14.25,8349,0
14.27,8355,0
14.29,8352,0
14.31,8345,0
14.33,8347,0
14.35,8347,0
14.37,8348,0
14.39,8347,0
14.41,8359,0
14.43,8348,0
14.45,8351,0
14.47,8356,0
14.49,8351,0
14.51,8357,0
14.53,8356,0
14.55,8354,0
14.57,8344,0
14.59,8355,0
14.61,8348,0
14.63,8356,0
14.65,8347,0
14.67,8348,0
14.69,8357,0
14.71,8355,0
14.73,8350,0
14.75,8355,0
14.77,8355,0
14.79,8354,0
14.81,8344,0
14.83,8362,0
14.84,8351,0
14.86,8352,0
14.88,8349,0
14.90,8339,0
14.92,8356,0
14.94,8345,0
14.96,8352,0
14.98,8352,0
15.00,8357,0
15.02,8354,0
15.04,8357,0
15.06,8357,0
15.08,8353,0
15.10,8358,0
15.12,8345,0
15.14,8360,0
15.16,8349,0
15.18,8353,0
15.20,8352,0
15.22,8344,0
15.24,8355,0
15.26,8346,0
15.28,8354,0
15.30,8355,0
15.32,8349,0
15.34,8352,0
15.36,8355,0
15.38,8351,0
15.40,8349,0
15.42,8362,0
15.44,8353,0
15.46,8358,0
15.48,8353,0
15.50,8357,0
15.52,8350,0
15.54,8357,0
15.56,8360,0
15.58,8357,0
15.60,8358,0
15.62,8356,0
15.64,8346,0
15.66,8361,0
15.68,8360,0
15.70,8351,0
15.72,8352,0
15.74,8352,0
15.76,8352,0
15.78,8359,0
15.80,8356,0
15.82,8351,0
15.83,8361,0
15.85,8348,0
15.87,8351,0
15.89,8354,0
15.91,8349,0
15.93,8366,0
15.95,8352,0
15.97,8353,0
15.99,8352,0
16.01,8353,0
16.03,8351,0
16.05,8360,0
16.07,8346,0
16.09,8354,0
16.11,8354,0
16.13,8349,0
16.15,8354,0
16.17,8356,0
16.19,8351,0
16.21,8364,0
16.23,8347,0
16.25,8359,0
16.27,8354,0
16.29,8359,0
16.31,8359,0
16.33,8353,0
16.35,8345,0
16.37,8351,0
16.39,8357,0
16.41,8359,0
16.43,8363,0
16.45,8357,0
16.47,8357,0
16.49,8351,0
16.51,8360,0
16.53,8352,0
16.55,8371,0
16.57,8352,0
16.59,8362,0
16.61,8353,0
16.63,8357,0
16.65,8353,0
16.67,8362,0
16.69,8355,0
16.71,8361,0
16.73,8360,0
16.75,8362,0
16.77,8354,0
16.79,8361,0
16.81,8363,0
16.82,8347,0
16.84,8356,0
16.86,8352,0
16.88,8357,0
16.90,8349,0
16.92,8355,0
16.94,8355,0
16.96,8365,0
16.98,8358,0
17.00,8349,0
17.02,8364,0
17.04,8355,0
17.06,8364,0
17.08,8364,0
17.10,8361,0
17.12,8362,0
17.14,8364,0
17.16,8358,0
17.18,8354,0
17.20,8358,0
17.22,8356,0
17.24,8360,0
17.26,8360,0
17.28,8365,0
17.30,8357,0
17.32,8359,0
17.34,8357,0
17.36,8353,0
17.38,8355,0
17.40,8353,0
17.42,8359,0
17.44,8358,0
17.46,8353,0
17.48,8355,0
17.50,8354,0
17.52,8363,0
17.54,8353,0
17.56,8362,0
17.58,8363,0
17.60,8354,0
17.62,8363,0
17.64,8349,0
17.66,8363,0
17.68,8358,0
17.70,8360,0
17.72,8365,0
17.74,8361,0
17.76,8362,0
17.78,8355,0
17.80,8362,0
17.81,8357,0
17.83,8362,0
17.85,8362,0
17.87,8356,0
17.89,8365,0
17.91,8353,0
17.93,8361,0
17.95,8367,0
17.97,8354,0
17.99,8368,0
18.01,8357,0
18.03,8354,0
18.05,8364,0
18.07,8357,0
18.09,8364,0
18.11,8360,0
18.13,8363,0
18.15,8359,0
18.17,8360,0
18.19,8359,0
18.21,8354,0
18.23,8355,0
18.25,8357,0
18.27,8354,0
18.29,8363,0
18.31,8358,0
18.33,8358,0
18.35,8359,0
18.37,8358,0
18.39,8365,0
18.41,8356,0
18.43,8362,0
18.45,8355,0
18.47,8364,0
18.49,8354,0
18.51,8359,0
18.53,8353,0
18.55,8365,0
18.57,8356,0
18.59,8365,0
18.61,8363,0
18.63,8355,0
18.65,8369,0
18.67,8367,0
18.69,8354,0
18.71,8363,0
18.73,8360,0
18.75,8359,0
18.77,8355,0
18.79,8355,0
18.80,8367,0
18.82,8360,0
18.84,8367,0
18.86,8363,0
18.88,8361,0
18.90,8367,0
18.92,8361,0
18.94,8362,0
18.96,8365,0
18.98,8371,0
19.00,8359,0
19.02,8364,0
19.04,8361,0
19.06,8367,0
19.08,8356,0
19.10,8353,0
19.12,8369,0
19.14,8361,0
19.16,8362,0
19.18,8362,0
19.20,8359,0
19.22,8368,0
19.24,8360,0
19.26,8362,0
19.28,8362,0
19.30,8357,0
19.32,8369,0
19.34,8363,0
19.36,8360,0
19.38,8363,0
19.40,8347,0
19.42,8369,0
19.44,8357,0
19.46,8361,0
19.48,8353,0
19.50,8349,0
19.52,8365,0
19.54,8333,0
19.56,8377,0
19.58,8333,0
19.60,8374,0
19.62,8338,0
19.64,8328,0
19.66,8382,0
19.68,8337,0
19.70,8384,0
19.72,8350,0
19.74,8373,0
19.76,8328,0
19.78,8371,0
19.79,8340,0
19.81,8383,0
19.83,8340,0
19.85,8384,0
19.87,8348,0
19.89,8358,0
19.91,8368,0
19.93,8339,0
19.95,8343,0
19.97,8355,0
19.99,8370,0
20.01,8321,0
20.03,8363,0
20.05,8335,0
20.07,8370,0
20.09,8363,0
20.11,8343,0
20.13,8338,0
20.15,8380,0
20.17,8339,0
20.19,8388,0
20.21,8357,0
20.23,8350,0
20.25,8381,0
20.27,8340,0
20.29,8350,0
20.31,8371,0
20.33,8336,0
20.35,8376,0
20.37,8354,0
20.39,8359,0
20.41,8341,0
20.43,8377,0
20.45,8342,0
20.47,8380,0
20.49,8347,0
20.51,8372,0
20.53,8370,0
20.55,8349,0
20.57,8389,0
20.59,8353,0
20.61,8384,0
20.63,8338,0
20.65,8353,0
20.67,8380,0
20.69,8322,0
20.71,8374,0
20.73,8367,0
20.75,8350,0
20.77,8382,0
20.78,8342,0
20.80,8367,0
20.82,8337,0
20.84,8359,0
20.86,8379,0
20.88,8332,0
20.90,8385,0
20.92,8340,0
20.94,8370,0
20.96,8344,0
20.98,8369,0
21.00,8358,0
21.02,8361,0
21.04,8362,0
21.06,8362,0
21.08,8369,0
21.10,8354,0
21.12,8362,0
21.14,8366,0
21.16,8350,0
21.18,8369,0
21.20,8364,0
21.22,8370,0
21.24,8360,0
21.26,8368,0
21.28,8364,0
21.30,8371,0
21.32,8355,0
21.34,8369,0
21.36,8366,0
21.38,8362,0
21.40,8370,0
21.42,8352,0
21.44,8377,0
21.46,8347,0
21.48,8376,0
21.50,8347,0
21.52,8368,0
21.54,8350,0
21.56,8376,0
21.58,8361,0
21.60,8367,0
21.62,8368,0
21.64,8381,0
21.66,8371,0
21.68,8384,0
21.70,8357,0
21.72,8376,0
21.74,8352,0
21.76,8372,0
21.77,8350,0
21.79,8365,0
21.81,8348,0
21.83,8356,0
21.85,8377,0
21.87,8327,0
21.89,8378,0
21.91,8354,0
21.93,8390,0
21.95,8328,0
21.97,8381,0
21.99,8335,0
22.01,8377,0
22.03,8360,0
22.05,8363,0
22.07,8374,0
22.09,8354,0
22.11,8374,0
22.13,8327,0
22.15,8386,0
22.17,8360,0
22.19,8395,0
22.21,8351,0
22.23,8375,0
22.25,8341,0
22.27,8352,0
22.29,8357,0
22.31,8322,0
22.33,8391,0
22.35,8337,0
22.37,8377,0
22.39,8332,0
22.41,8383,0
22.43,8369,0
22.45,8336,0
22.47,8389,0
22.49,8335,0
22.51,8382,0
22.53,8328,0
22.55,8377,0
22.57,8343,0
22.59,8407,0
22.61,8333,0
22.63,8370,0
22.65,8354,0
22.67,8325,0
22.69,8402,0
22.71,8324,0
22.73,8389,0
22.75,8328,0
22.76,8407,0
22.78,8341,0
22.80,8386,0
22.82,8326,0
22.84,8413,0
22.86,8349,0
22.88,8350,0
22.90,8390,0
22.92,8357,0
22.94,8356,0
22.96,8383,0
22.98,8360,0
23.00,8368,0
23.02,8362,0
23.04,8328,0
23.06,8384,0
23.08,8340,0
23.10,8385,0
23.12,8359,0
23.14,8348,0
23.16,8383,0
23.18,8300,0
23.20,8383,0
23.22,8344,0
23.24,8367,0
23.26,8389,0
23.28,8340,0
23.30,8351,0
23.32,8303,0
23.34,8397,0
23.36,8328,0
23.38,8394,0
23.40,8353,0
23.42,8361,0
23.44,8361,0
23.46,8290,0
23.48,8383,0
23.50,8318,0
23.52,8400,0
23.54,8298,0
23.56,8387,0
23.58,8289,0
23.60,8396,0
23.62,8324,0
23.64,8421,0
23.66,8316,0
23.68,8372,0
23.70,8410,0
23.72,8346,0
23.74,8424,0
23.75,8307,0
23.77,8407,0
23.79,8265,0
23.81,8426,0
23.83,8300,0
23.85,8426,0
23.87,8305,0
23.89,8378,0
23.91,8417,0
23.93,8335,0
23.95,8428,0
23.97,8312,0
23.99,8343,0
24.01,8367,0
24.03,8330,0
24.05,8359,0
24.07,8352,0
24.09,8355,0
24.11,8355,0
24.13,8367,0
24.15,8369,0
24.17,8358,0
24.19,8367,0
24.21,8349,0
24.23,8355,0
24.25,8339,0
24.27,8386,0
24.29,8343,0
24.31,8366,0
24.33,8338,0
24.35,8348,0
24.37,8375,0
24.39,8333,0
24.41,8329,0
24.43,8359,0
24.45,8345,0
24.47,8385,0
24.49,8343,0
24.51,8366,0
24.53,8353,0
24.55,8358,0
24.57,8380,0
24.59,8341,0
24.61,8396,0
24.63,8351,0
24.65,8348,0
24.67,8341,0
24.69,8373,0
24.71,8337,0
24.73,8404,0
24.74,8332,0
24.76,8379,0
24.78,8337,0
24.80,8370,0
24.82,8412,0
24.84,8343,0
24.86,8368,0
24.88,8375,0
24.90,8349,0
24.92,8411,0
24.94,8316,0
24.96,8392,0
24.98,8348,0
25.00,8362,0
25.02,8367,0
25.04,8349,0
25.06,8396,0
25.08,8321,0
25.10,8378,0
25.12,8391,0
25.14,8331,0
25.16,8392,0
25.18,8347,0
25.20,8362,0
25.22,8392,0
25.24,8346,0
25.26,8338,0
25.28,8385,0
25.30,8345,0
25.32,8353,0
25.34,8384,0
25.36,8331,0
25.38,8376,0
25.40,8345,0
25.42,8342,0
25.44,8387,0
25.46,8338,0
25.48,8374,0
25.50,8381,0
25.52,8342,0
25.54,8366,0
25.56,8372,0
25.58,8345,0
25.60,8393,0
25.62,8342,0
25.64,8372,0
25.66,8324,0
25.68,8375,0
25.70,8336,0
25.72,8379,0
25.73,8362,0
25.75,8346,0
25.77,8367,0
25.79,8327,0
25.81,8383,0
25.83,8342,0
25.85,8347,0
25.87,8383,0
25.89,8331,0
25.91,8362,0
25.93,8331,0
25.95,8383,0
25.97,8313,0
25.99,8391,0
26.01,8302,0
26.03,8402,0
26.05,8331,0
26.07,8406,0
26.09,8333,0
26.11,8413,0
26.13,8322,0
26.15,8389,0
26.17,8344,0
26.19,8398,0
26.21,8333,0
26.23,8364,0
26.25,8342,0
26.27,8384,0
26.29,8338,0
26.31,8406,0
26.33,8306,0
26.35,8396,0
26.37,8296,0
26.39,8388,0
26.41,8344,0
26.43,8379,0
26.45,8364,0
26.47,8392,0
26.49,8399,0
26.51,8371,0
26.53,8401,0
26.55,8337,0
26.57,8388,0
26.59,8288,0
26.61,8389,0
26.63,8353,0
26.65,8298,0
26.67,8398,0
26.69,8320,0
26.70,8365,0
26.72,8443,0
26.74,8287,0
26.76,8414,0
26.78,8257,0
26.80,8398,0
26.82,8337,0
26.84,8332,0
26.86,8390,0
26.88,8336,0
26.90,8384,0
26.92,8390,0
26.94,8330,0
26.96,8376,0
26.98,8338,0
27.00,8355,0
27.02,8386,0
27.04,8328,0
27.06,8365,0
27.08,8371,0
27.10,8328,0
27.12,8403,0
27.14,8342,0
27.16,8363,0
27.18,8378,0
27.20,8336,0
27.22,8406,0
27.24,8332,0
27.26,8373,0
27.28,8335,0
27.30,8332,0
27.32,8380,0
27.34,8326,0
27.36,8364,0
27.38,8333,0
27.40,8361,0
27.42,8369,0
27.44,8363,0
27.46,8379,0
27.48,8308,0
27.50,8388,0
27.52,8362,0
27.54,8389,0
27.56,8346,0
27.58,8397,0
27.60,8324,0
27.62,8384,0
27.64,8335,0
27.66,8391,0
27.68,8337,0
27.69,8376,0
27.71,8339,0
27.73,8372,0
27.75,8354,0
27.77,8346,0
27.79,8345,0
27.81,8371,0
27.83,8359,0
27.85,8396,0
27.87,8339,0
27.89,8387,0
27.91,8341,0
27.93,8369,0
27.95,8351,0
27.97,8360,0
27.99,8356,0
28.01,8367,0
28.03,8364,0
28.05,8365,0
28.07,8371,0
28.09,8364,0
28.11,8362,0
28.13,8366,0
28.15,8359,0
28.17,8373,0
28.19,8355,0
28.21,8378,0
28.23,8348,0
28.25,8377,0
28.27,8348,0
28.29,8365,0
28.31,8337,0
28.33,8368,0
28.35,8357,0
28.37,8359,0
28.39,8373,0
28.41,8355,0
28.43,8372,0
28.45,8354,0
28.47,8371,0
28.49,8362,0
28.51,8340,0
28.53,8386,0
28.55,8350,0
28.57,8380,0
28.59,8345,0
28.61,8388,0
28.63,8339,0
28.65,8377,0
28.67,8346,0
28.68,8369,0
28.70,8351,0
28.72,8378,0
28.74,8355,0
28.76,8363,0
28.78,8359,0
28.80,8365,0
28.82,8362,0
28.84,8362,0
28.86,8366,0
28.88,8360,0
28.90,8368,0
28.92,8354,0
28.94,8362,0
28.96,8369,0
28.98,8363,0
29.00,8367,0
29.02,8364,0
29.04,8366,0
29.06,8360,0
29.08,8359,0
29.10,8365,0
29.12,8359,0
29.14,8364,0
29.16,8356,0
29.18,8362,0
29.20,8376,0
29.22,8357,0
29.24,8376,0
29.26,8361,0
29.28,8360,0
29.30,8382,0
29.32,8340,0
29.34,8372,0
29.36,8389,0
29.38,8348,0
29.40,8381,0
29.42,8362,0
29.44,8364,0
29.46,8380,0
29.48,8350,0
29.50,8370,0
29.52,8378,0
29.54,8355,0
29.56,8366,0
29.58,8364,0
29.60,8363,0
29.62,8367,0
29.64,8381,0
29.65,8350,0
29.67,8377,0
29.69,8353,0
29.71,8362,0
29.73,8365,0
29.75,8348,0
29.77,8359,0
29.79,8354,0
29.81,8369,0
29.83,8352,0
29.85,8360,0
29.87,8364,0
29.89,8354,0
29.91,8345,0
29.93,8358,0
29.95,8377,0
29.97,8354,0
29.99,8379,0
30.01,8357,0
30.03,8355,0
30.05,8356,0
30.07,8368,0
30.09,8344,0
30.11,8381,0
30.13,8345,0
30.15,8373,0
30.17,8317,0
30.19,8366,0
30.21,8349,0
30.23,8372,0
30.25,8337,0
30.27,8321,0
30.29,8394,0
30.31,8331,0
30.33,8353,0
30.35,8349,0
30.37,8383,0
30.39,8363,0
30.41,8361,0
30.43,8380,0
30.45,8371,0
30.47,8367,0
30.49,8368,0
30.51,8376,0
30.53,8372,0
30.55,8349,0
30.57,8371,0
30.59,8351,0
30.61,8341,0
30.63,8378,0
30.64,8357,0
30.66,8318,0
30.68,8397,0
30.70,8335,0
30.72,8402,0
30.74,8327,0
30.76,8387,0
30.78,8348,0
30.80,8347,0
30.82,8402,0
30.84,8327,0
30.86,8357,0
30.88,8349,0
30.90,8342,0
30.92,8411,0
30.94,8313,0
30.96,8388,0
30.98,8344,0
31.00,8347,0
31.02,8369,0
31.04,8345,0
31.06,8366,0
31.08,8313,0
31.10,8371,0
31.12,8316,0
31.14,8413,0
31.16,8325,0
31.18,8383,0
31.20,8301,0
31.22,8389,0
31.24,8301,0
31.26,8440,0
31.28,8283,0
31.30,8375,0
31.32,8274,0
31.34,8382,0
31.36,8317,0
31.38,8277,0
31.40,8379,0
31.42,8295,0
31.44,8404,0
31.46,8289,0
31.48,8375,0
31.50,8337,0
31.52,8355,0
31.54,8353,0
31.56,8367,0
31.58,8331,0
31.60,8383,0
31.62,8346,0
31.64,8382,0
31.65,8354,0
31.67,8375,0
31.69,8338,0
31.71,8395,0
31.73,8365,0
31.75,8367,0
31.77,8388,0
31.79,8370,0
31.81,8337,0
31.83,8377,0
31.85,8380,0
31.87,8330,0
31.89,8390,0
31.91,8332,0
31.93,8382,0
31.95,8327,0
31.97,8386,0
31.99,8341,0
32.01,8361,0
32.03,8369,0
32.05,8348,0
32.07,8370,0
32.09,8349,0
32.11,8369,0
32.13,8358,0
32.15,8355,0
32.17,8374,0
32.19,8362,0
32.21,8367,0
32.23,8353,0
32.25,8368,0
32.27,8352,0
32.29,8364,0
32.31,8354,0
32.33,8367,0
32.35,8349,0
32.37,8361,0
32.39,8357,0
32.41,8366,0
32.43,8362,0
32.45,8366,0
32.47,8352,0
32.49,8369,0
32.51,8350,0
32.53,8369,0
32.55,8347,0
32.57,8375,0
32.59,8349,0
32.61,8367,0
32.62,8345,0
32.64,8379,0
32.66,8354,0
32.68,8382,0
32.70,8358,0
32.72,8366,0
32.74,8360,0
32.76,8370,0
32.78,8355,0
32.80,8377,0
32.82,8367,0
32.84,8354,0
32.86,8367,0
32.88,8368,0
32.90,8380,0
32.92,8346,0
32.94,8381,0
32.96,8348,0
32.98,8358,0
33.00,8370,0
33.02,8362,0
33.04,8383,0
33.06,8340,0
33.08,8371,0
33.10,8353,0
33.12,8387,0
33.14,8361,0
33.16,8359,0
33.18,8373,0
33.20,8347,0
33.22,8363,0
33.24,8368,0
33.26,8345,0
33.28,8368,0
33.30,8357,0
33.32,8355,0
33.34,8368,0
33.36,8353,0
33.38,8359,0
33.40,8372,0
33.42,8347,0
33.44,8375,0
33.46,8369,0
33.48,8342,0
33.50,8374,0
33.52,8369,0
33.54,8365,0
33.56,8350,0
33.58,8362,0
33.60,8376,0
33.61,8342,0
33.63,8374,0
33.65,8350,0
33.67,8379,0
33.69,8334,0
33.71,8399,0
33.73,8319,0
33.75,8376,0
33.77,8353,0
33.79,8319,0
33.81,8385,0
33.83,8345,0
33.85,8411,0
33.87,8321,0
33.89,8390,0
33.91,8300,0
33.93,8395,0
33.95,8363,0
33.97,8374,0
33.99,8307,0
34.01,8415,0
34.03,8287,0
34.05,8378,0
34.07,8327,0
34.09,8375,0
34.11,8285,0
34.13,8410,0
34.15,8249,0
34.17,8427,0
34.19,8257,0
34.21,8367,0
34.23,8312,0
34.25,8376,0
34.27,8299,0
34.29,8420,0
34.31,8422,0
34.33,8332,0
34.35,8412,0
34.37,8271,0
34.39,8351,0
34.41,8317,0
34.43,8392,0
34.45,8307,0
34.47,8401,0
34.49,8310,0
34.51,8368,0
34.53,8397,0
34.55,8287,0
34.57,8360,0
34.59,8335,0
34.60,8439,0
34.62,8292,0
34.64,8432,0
34.66,8293,0
34.68,8368,0
34.70,8325,0
34.72,8413,0
34.74,8421,0
34.76,8306,0
34.78,8355,0
34.80,8414,0
34.82,8323,0
34.84,8407,0
34.86,8336,0
34.88,8376,0
34.90,8319,0
34.92,8385,0
34.94,8339,0
34.96,8378,0
34.98,8351,0
35.00,8359,0
35.02,8375,0
35.04,8363,0
35.06,8342,0
35.08,8343,0
35.10,8386,0
35.12,8323,0
35.14,8384,0
35.16,8337,0
35.18,8361,0
35.20,8348,0
35.22,8387,0
35.24,8349,0
35.26,8356,0
35.28,8362,0
35.30,8365,0
35.32,8363,0
35.34,8367,0
35.36,8360,0
35.38,8353,0
35.40,8357,0
35.42,8358,0
35.44,8362,0
35.46,8346,0
35.48,8370,0
35.50,8360,0
35.52,8365,0
35.54,8381,0
35.56,8347,0
35.58,8372,0
35.59,8366,0
35.61,8355,0
35.63,8376,0
35.65,8352,0
35.67,8355,0
35.69,8376,0
35.71,8349,0
35.73,8352,0
35.75,8359,0
35.77,8356,0
35.79,8375,0
35.81,8346,0
35.83,8392,0
35.85,8349,0
35.87,8384,0
35.89,8341,0
35.91,8373,0
35.93,8361,0
35.95,8365,0
35.97,8355,0
35.99,8350,0
36.01,8379,0
36.03,8353,0
36.05,8390,0
36.07,8351,0
36.09,8372,0
36.11,8371,0
36.13,8347,0
36.15,8363,0
36.17,8373,0
36.19,8341,0
36.21,8373,0
36.23,8347,0
36.25,8377,0
36.27,8357,0
36.29,8390,0
36.31,8339,0
36.33,8374,0
36.35,8354,0
36.37,8376,0
36.39,8349,0
36.41,8376,0
36.43,8342,0
36.45,8362,0
36.47,8348,0
36.49,8363,0
36.51,8365,0
36.53,8351,0
36.55,8367,0
36.57,8360,0
36.58,8366,0
36.60,8346,0
36.62,8383,0
36.64,8353,0
36.66,8376,0
36.68,8358,0
36.70,8360,0
36.72,8340,0
36.74,8361,0
36.76,8350,0
36.78,8386,0
36.80,8347,0
36.82,8368,0
36.84,8345,0
36.86,8377,0
36.88,8352,0
36.90,8375,0
36.92,8349,0
36.94,8368,0
36.96,8344,0
36.98,8367,0
37.00,8347,0
37.02,8372,0
37.04,8351,0
37.06,8373,0
37.08,8357,0
37.10,8368,0
37.12,8366,0
37.14,8377,0
37.16,8372,0
37.18,8367,0
37.20,8358,0
37.22,8364,0
37.24,8370,0
37.26,8335,0
37.28,8387,0
37.30,8344,0
37.32,8371,0
37.34,8340,0
37.36,8381,0
37.38,8350,0
37.40,8383,0
37.42,8352,0
37.44,8387,0
37.46,8327,0
37.48,8380,0
37.50,8339,0
37.52,8378,0
37.54,8339,0
37.56,8379,0
37.57,8320,0
37.59,8377,0
37.61,8332,0
37.63,8391,0
37.65,8327,0
37.67,8365,0
37.69,8319,0
37.71,8384,0
37.73,8348,0
37.75,8381,0
37.77,8340,0
37.79,8388,0
37.81,8321,0
37.83,8376,0
37.85,8332,0
37.87,8390,0
37.89,8337,0
37.91,8382,0
37.93,8323,0
37.95,8383,0
37.97,8326,0
37.99,8403,0
38.01,8335,0
38.03,8397,0
38.05,8325,0
38.07,8396,0
38.09,8343,0
38.11,8411,0
38.13,8327,0
38.15,8406,0
38.17,8316,0
38.19,8383,0
38.21,8348,0
38.23,8339,0
38.25,8388,0
38.27,8340,0
38.29,8392,0
38.31,8324,0
38.33,8377,0
38.35,8348,0
38.37,8386,0
38.39,8378,0
38.41,8355,0
38.43,8374,0
38.45,8358,0
38.47,8376,0
38.49,8332,0
38.51,8385,0
38.53,8343,0
38.54,8374,0
38.56,8340,0
38.58,8374,0
38.60,8338,0
38.62,8370,0
38.64,8350,0
38.66,8369,0
38.68,8352,0
38.70,8370,0
38.72,8361,0
38.74,8379,0
38.76,8361,0
38.78,8364,0
38.80,8358,0
38.82,8362,0
38.84,8363,0
38.86,8359,0
38.88,8371,0
38.90,8361,0
38.92,8365,0
38.94,8371,0
38.96,8354,0
38.98,8366,0
39.00,8367,0
39.02,8371,0
39.04,8364,0
39.06,8363,0
39.08,8360,0
39.10,8359,0
39.12,8359,0
39.14,8371,0
39.16,8368,0
39.18,8365,0
39.20,8369,0
39.22,8357,0
39.24,8364,0
39.26,8362,0
39.28,8372,0
39.30,8355,0
39.32,8369,0
39.34,8365,0
39.36,8377,0
39.38,8358,0
39.40,8375,0
39.42,8364,0
39.44,8372,0
39.46,8366,0
39.48,8362,0
39.50,8371,0
39.52,8361,0
39.53,8366,0
39.55,8362,0
39.57,8374,0
39.59,8361,0
39.61,8372,0
39.63,8375,0
39.65,8361,0
39.67,8368,0
39.69,8353,0
39.71,8367,0
39.73,8360,0
39.75,8364,0
39.77,8363,0
39.79,8363,0
39.81,8367,0
39.83,8362,0
39.85,8364,0
39.87,8366,0
39.89,8360,0
39.91,8362,0
39.93,8370,0
39.95,8361,0
39.97,8365,0
39.99,8363,0
40.01,8368,0
40.03,8359,0
40.05,8355,0
40.07,8364,0
40.09,8358,0
40.11,8365,0
40.13,8361,0
40.15,8371,0
40.17,8356,0
40.19,8375,0
40.21,8363,0
40.23,8374,0
40.25,8359,0
40.27,8369,0
40.29,8362,0
40.31,8372,0
40.33,8360,0
40.35,8376,0
40.37,8370,0
40.39,8364,0
40.41,8365,0
40.43,8367,0
40.45,8365,0
40.47,8368,0
40.49,8369,0
40.51,8353,0
40.52,8370,0
40.54,8360,0
40.56,8374,0
40.58,8363,0
40.60,8373,0
40.62,8368,0
40.64,8366,0
40.66,8368,0
40.68,8362,0
40.70,8372,0
40.72,8374,0
40.74,8363,0
40.76,8373,0
40.78,8366,0
40.80,8370,0
40.82,8364,0
40.84,8361,0
40.86,8372,0
40.88,8360,0
40.90,8363,0
40.92,8361,0
40.94,8357,0
40.96,8358,0
40.98,8363,0
41.00,8363,0
41.02,8369,0
41.04,8362,0
41.06,8372,0
41.08,8366,0
41.10,8361,0
41.12,8365,0
41.14,8358,0
41.16,8363,0
41.18,8369,0
41.20,8366,0
41.22,8371,0
41.24,8363,0
41.26,8367,0
41.28,8360,0
41.30,8374,0
41.32,8367,0
41.34,8371,0
41.36,8361,0
41.38,8360,0
41.40,8358,0
41.42,8376,0
41.44,8357,0
41.46,8378,0
41.48,8369,0
41.50,8375,0
41.51,8343,0
41.53,8380,0
41.55,8347,0
41.57,8366,0
41.59,8379,0
41.61,8333,0
41.63,8383,0
41.65,8368,0
41.67,8369,0
41.69,8371,0
41.71,8364,0
41.73,8377,0
41.75,8353,0
41.77,8378,0
41.79,8346,0
41.81,8386,0
41.83,8355,0
41.85,8375,0
41.87,8382,0
41.89,8352,0
41.91,8383,0
41.93,8335,0
41.95,8368,0
41.97,8376,0
41.99,8339,0
42.01,8367,0
42.03,8344,0
42.05,8365,0
42.07,8349,0
42.09,8363,0
42.11,8351,0
42.13,8355,0
42.15,8356,0
42.17,8362,0
42.19,8373,0
42.21,8365,0
42.23,8376,0
42.25,8349,0
42.27,8365,0
42.29,8355,0
42.31,8355,0
42.33,8351,0
42.35,8370,0
42.37,8342,0
42.39,8379,0
42.41,8362,0
42.43,8381,0
42.45,8350,0
42.47,8379,0
42.49,8356,0
42.50,8376,0
42.52,8347,0
42.54,8385,0
42.56,8336,0
42.58,8376,0
42.60,8345,0
42.62,8365,0
42.64,8368,0
42.66,8357,0
42.68,8369,0
42.70,8372,0
42.72,8371,0
42.74,8349,0
42.76,8377,0
42.78,8361,0
42.80,8381,0
42.82,8359,0
42.84,8381,0
42.86,8370,0
42.88,8356,0
42.90,8373,0
42.92,8350,0
42.94,8374,0
42.96,8341,0
42.98,8360,0
43.00,8377,0
43.02,8360,0
43.04,8365,0
43.06,8361,0
43.08,8359,0
43.10,8371,0
43.12,8355,0
43.14,8372,0
43.16,8348,0
43.18,8374,0
43.20,8359,0
43.22,8368,0
43.24,8367,0
43.26,8364,0
43.28,8358,0
43.30,8367,0
43.32,8357,0
43.34,8381,0
43.36,8346,0
43.38,8366,0
43.40,8348,0
43.42,8382,0
43.44,8356,0
43.46,8357,0
43.48,8350,0
43.49,8358,0
43.51,8355,0
43.53,8372,0
43.55,8360,0
43.57,8377,0
43.59,8368,0
43.61,8354,0
43.63,8374,0
43.65,8357,0
43.67,8363,0
43.69,8369,0
43.71,8359,0
43.73,8370,0
43.75,8360,0
43.77,8364,0
43.79,8363,0
43.81,8371,0
43.83,8365,0
43.85,8365,0
43.87,8367,0
43.89,8366,0
43.91,8367,0
43.93,8365,0
43.95,8362,0
43.97,8368,0
43.99,8362,0
44.01,8380,0
44.03,8360,0
44.05,8372,0
44.07,8359,0
44.09,8375,0
44.11,8357,0
44.13,8365,0
44.15,8355,0
44.17,8358,0
44.19,8360,0
44.21,8365,0
44.23,8369,0
44.25,8363,0
44.27,8372,0
44.29,8359,0
44.31,8364,0
44.33,8357,0
44.35,8367,0
44.37,8369,0
44.39,8360,0
44.41,8363,0
44.43,8363,0
44.45,8368,0
44.47,8358,0
44.48,8371,0
44.50,8355,0
44.52,8368,0
44.54,8359,0
44.56,8364,0
44.58,8361,0
44.60,8376,0
44.62,8369,0
44.64,8368,0
44.66,8366,0
44.68,8363,0
44.70,8365,0
44.72,8364,0
44.74,8370,0
44.76,8359,0
44.78,8373,0
44.80,8373,0
44.82,8368,0
44.84,8358,0
44.86,8364,0
44.88,8371,0
44.90,8360,0
44.92,8369,0
44.94,8371,0
44.96,8370,0
44.98,8362,0
45.00,8372,0
45.02,8363,0
45.04,8371,0
45.06,8361,0
45.08,8365,0
45.10,8369,0
45.12,8369,0
45.14,8372,0
45.16,8367,0
45.18,8373,0
45.20,8362,0
45.22,8373,0
45.24,8367,0
45.26,8370,0
45.28,8363,0
45.30,8367,0
45.32,8358,0
45.34,8365,0
45.36,8361,0
45.38,8368,0
45.40,8358,0
45.42,8364,0
45.44,8370,0
45.45,8365,0
45.47,8357,0
45.49,8370,0
45.51,8356,0
45.53,8362,0
45.55,8349,0
45.57,8364,0
45.59,8364,0
45.61,8355,0
45.63,8367,0
45.65,8347,0
45.67,8370,0
45.69,8339,0
45.71,8362,0
45.73,8357,0
45.75,8376,0
45.77,8335,0
45.79,8394,0
45.81,8354,0
45.83,8400,0
45.85,8342,0
45.87,8389,0
45.89,8364,0
45.91,8374,0
45.93,8396,0
45.95,8336,0
45.97,8357,0
45.99,8382,0
46.01,8312,0
46.03,8369,0
46.05,8336,0
46.07,8386,0
46.09,8356,0
46.11,8389,0
46.13,8361,0
46.15,8330,0
46.17,8409,0
46.19,8357,0
46.21,8379,0
46.23,8373,0
46.25,8302,0
46.27,8378,0
46.29,8361,0
46.31,8359,0
46.33,8440,0
46.35,8318,0
46.37,8329,0
46.39,8390,0
46.41,8337,0
46.43,8390,0
46.44,8345,0
46.46,8377,0
46.48,8373,0
46.50,8370,0
46.52,8393,0
46.54,8347,0
46.56,8388,0
46.58,8340,0
46.60,8375,0
46.62,8345,0
46.64,8354,0
46.66,8374,0
46.68,8339,0
46.70,8368,0
46.72,8353,0
46.74,8336,0
46.76,8385,0
46.78,8338,0
46.80,8398,0
46.82,8340,0
46.84,8387,0
46.86,8351,0
46.88,8386,0
46.90,8354,0
46.92,8335,0
46.94,8382,0
46.96,8348,0
46.98,8395,0
47.00,8353,0
47.02,8393,0
47.04,8352,0
47.06,8383,0
47.08,8344,0
47.10,8379,0
47.12,8352,0
47.14,8378,0
47.16,8342,0
47.18,8381,0
47.20,8350,0
47.22,8388,0
47.24,8359,0
47.26,8384,0
47.28,8371,0
47.30,8365,0
47.32,8376,0
47.34,8358,0
47.36,8384,0
47.38,8348,0
47.40,8374,0
47.42,8366,0
47.43,8355,0
47.45,8383,0
47.47,8358,0
47.49,8357,0
47.51,8374,0
47.53,8363,0
47.55,8368,0
47.57,8369,0
47.59,8357,0
47.61,8368,0
47.63,8360,0
47.65,8367,0
47.67,8365,0
47.69,8365,0
47.71,8364,0
47.73,8366,0
47.75,8366,0
47.77,8361,0
47.79,8366,0
47.81,8365,0
47.83,8368,0
47.85,8361,0
47.87,8365,0
47.89,8366,0
47.91,8361,0
47.93,8373,0
47.95,8365,0
47.97,8366,0
47.99,8361,0
48.01,8365,0
48.03,8359,0
48.05,8368,0
48.07,8368,0
48.09,8363,0
48.11,8369,0
48.13,8363,0
48.15,8369,0
48.17,8368,0
48.19,8351,0
48.21,8369,0
48.23,8360,0
48.25,8365,0
48.27,8371,0
48.29,8362,0
48.31,8370,0
48.33,8361,0
48.35,8368,0
48.37,8358,0
48.39,8370,0
48.41,8360,0
48.42,8360,0
48.44,8369,0
48.46,8361,0
48.48,8371,0
48.50,8363,0
48.52,8362,0
48.54,8367,0
48.56,8370,0
48.58,8368,0
48.60,8353,0
48.62,8373,0
48.64,8358,0
48.66,8375,0
48.68,8364,0
48.70,8376,0
48.72,8361,0
48.74,8365,0
48.76,8369,0
48.78,8353,0
48.80,8363,0
48.82,8363,0
48.84,8357,0
48.86,8374,0
48.88,8355,0
48.90,8373,0
48.92,8356,0
48.94,8368,0
48.96,8365,0
48.98,8364,0
49.00,8369,0
49.02,8360,0
49.04,8363,0
49.06,8359,0
49.08,8376,0
49.10,8368,0
49.12,8365,0
49.14,8365,0
49.16,8365,0
49.18,8372,0
49.20,8353,0
49.22,8368,0
49.24,8360,0
49.26,8371,0
49.28,8364,0
49.30,8363,0
49.32,8365,0
49.34,8359,0
49.36,8372,0
49.38,8362,0
49.39,8369,0
49.41,8364,0
49.43,8359,0
49.45,8368,0
49.47,8360,0
49.49,8365,0
49.51,8369,0
49.53,8359,0
49.55,8370,0
49.57,8363,0
49.59,8371,0
49.61,8378,0
49.63,8363,0
49.65,8365,0
49.67,8369,0
49.69,8380,0
49.71,8358,0
49.73,8360,0
49.75,8366,0
49.77,8365,0
49.79,8375,0
49.81,8367,0
49.83,8347,0
49.85,8387,0
49.87,8356,0
49.89,8380,0
49.91,8357,0
49.93,8365,0
49.95,8352,0
49.97,8375,0
49.99,8339,0
50.01,8380,0
50.03,8339,0
50.05,8383,0
50.07,8335,0
50.09,8358,0
50.11,8353,0
50.13,8390,0
50.15,8350,0
50.17,8377,0
50.19,8345,0
50.21,8382,0
50.23,8349,0
50.25,8384,0
50.27,8334,0
50.29,8386,0
50.31,8334,0
50.33,8396,0
50.35,8339,0
50.37,8383,0
50.38,8344,0
50.40,8385,0
50.42,8346,0
50.44,8381,0
50.46,8344,0
50.48,8393,0
50.50,8347,0
50.52,8370,0
50.54,8352,0
50.56,8365,0
50.58,8359,0
50.60,8360,0
50.62,8372,0
50.64,8356,0
50.66,8372,0
50.68,8360,0
50.70,8364,0
50.72,8363,0
50.74,8370,0
50.76,8368,0
50.78,8369,0
50.80,8358,0
50.82,8368,0
50.84,8368,0
50.86,8359,0
50.88,8359,0
50.90,8373,0
50.92,8360,0
50.94,8374,0
50.96,8364,0
50.98,8374,0
51.00,8360,0
51.02,8363,0
51.04,8364,0
51.06,8359,0
51.08,8367,0
51.10,8366,0
51.12,8361,0
51.14,8361,0
51.16,8370,0
51.18,8362,0
51.20,8369,0
51.22,8364,0
51.24,8370,0
51.26,8368,0
51.28,8370,0
51.30,8354,0
51.32,8368,0
51.34,8364,0
51.36,8366,0
51.37,8366,0
51.39,8361,0
51.41,8369,0
51.43,8354,0
51.45,8366,0
51.47,8360,0
51.49,8369,0
51.51,8360,0
51.53,8371,0
51.55,8358,0
51.57,8371,0
51.59,8366,0
51.61,8358,0
51.63,8367,0
51.65,8362,0
51.67,8370,0
51.69,8363,0
51.71,8374,0
51.73,8359,0
51.75,8366,0
51.77,8363,0
51.79,8363,0
51.81,8363,0
51.83,8376,0
51.85,8364,0
51.87,8366,0
51.89,8369,0
51.91,8362,0
51.93,8369,0
51.95,8368,0
51.97,8364,0
51.99,8371,0
52.01,8360,0
52.03,8369,0
52.05,8369,0
52.07,8362,0
52.09,8372,0
52.11,8371,0
52.13,8364,0
52.15,8361,0
52.17,8371,0
52.19,8364,0
52.21,8373,0
52.23,8360,0
52.25,8362,0
52.27,8356,0
52.29,8365,0
52.31,8360,0
52.33,8363,0
52.35,8367,0
52.36,8362,0
52.38,8365,0
52.40,8362,0
52.42,8367,0
52.44,8362,0
52.46,8365,0
52.48,8357,0
52.50,8369,0
52.52,8365,0
52.54,8361,0
52.56,8361,0
52.58,8360,0
52.60,8372,0
52.62,8360,0
52.64,8365,0
52.66,8358,0
52.68,8367,0
52.70,8358,0
52.72,8367,0
52.74,8358,0
52.76,8348,0
52.78,8383,0
52.80,8334,0
52.82,8378,0
52.84,8350,0
52.86,8376,0
52.88,8345,0
52.90,8353,0
52.92,8366,0
52.94,8361,0
52.96,8371,0
52.98,8367,0
53.00,8358,0
53.02,8383,0
53.04,8347,0
53.06,8371,0
53.08,8370,0
53.10,8350,0
53.12,8381,0
53.14,8375,0
53.16,8353,0
53.18,8358,0
53.20,8383,0
53.22,8352,0
53.24,8369,0
53.26,8377,0
53.28,8356,0
53.30,8377,0
53.32,8358,0
53.34,8358,0
53.35,8373,0
53.37,8355,0
53.39,8360,0
53.41,8362,0
53.43,8355,0
53.45,8370,0
53.47,8362,0
53.49,8357,0
53.51,8364,0
53.53,8371,0
53.55,8359,0
53.57,8354,0
53.59,8362,0
53.61,8342,0
53.63,8378,0
53.65,8361,0
53.67,8364,0
53.69,8374,0
53.71,8344,0
53.73,8348,0
53.75,8369,0
53.77,8343,0
53.79,8382,0
53.81,8367,0
53.83,8353,0
53.85,8372,0
53.87,8381,0
53.89,8336,0
53.91,8376,0
53.93,8361,0
53.95,8346,0
53.97,8369,0
53.99,8356,0
54.01,8374,0
54.03,8360,0
54.05,8371,0
54.07,8358,0
54.09,8364,0
54.11,8367,0
54.13,8360,0
54.15,8363,0
54.17,8369,0
54.19,8362,0
54.21,8371,0
54.23,8364,0
54.25,8370,0
54.27,8370,0
54.29,8367,0
54.31,8370,0
54.32,8356,0
54.34,8370,0
54.36,8365,0
54.38,8361,0
54.40,8360,0
54.42,8364,0
54.44,8365,0
54.46,8367,0
54.48,8357,0
54.50,8369,0
54.52,8362,0
54.54,8370,0
54.56,8361,0
54.58,8365,0
54.60,8365,0
54.62,8360,0
54.64,8358,0
54.66,8361,0
54.68,8367,0
54.70,8357,0
54.72,8369,0
54.74,8365,0
54.76,8352,0
54.78,8356,0
54.80,8362,0
54.82,8370,0
54.84,8361,0
54.86,8365,0
54.88,8356,0
54.90,8362,0
54.92,8364,0
54.94,8367,0
54.96,8363,0
54.98,8368,0
55.00,8363,0
55.02,8364,0
55.04,8367,0
55.06,8359,0
55.08,8367,0
55.10,8368,0
55.12,8365,0
55.14,8363,0
55.16,8374,0
55.18,8368,0
55.20,8372,0
55.22,8359,0
55.24,8368,0
55.26,8362,0
55.28,8370,0
55.30,8367,0
55.31,8369,0
55.33,8365,0
55.35,8373,0
55.37,8365,0
55.39,8368,0
55.41,8362,0
55.43,8375,0
55.45,8363,0
55.47,8367,0
55.49,8372,0
55.51,8373,0
55.53,8359,0
55.55,8364,0
55.57,8354,0
55.59,8367,0
55.61,8356,0
55.63,8360,0
55.65,8364,0
55.67,8361,0
55.69,8365,0
55.71,8353,0
55.73,8364,0
55.75,8355,0
55.77,8370,0
55.79,8354,0
55.81,8367,0
55.83,8359,0
55.85,8365,0
55.87,8364,0
55.89,8359,0
55.91,8353,0
55.93,8363,0
55.95,8359,0
55.97,8367,0
55.99,8351,0
56.01,8371,0
56.03,8360,0
56.05,8365,0
56.07,8362,0
56.09,8366,0
56.11,8364,0
56.13,8372,0
56.15,8364,0
56.17,8350,0
56.19,8366,0
56.21,8360,0
56.23,8372,0
56.25,8359,0
56.27,8370,0
56.29,8362,0
56.30,8370,0
56.32,8361,0
56.34,8368,0
56.36,8368,0
56.38,8367,0
56.40,8365,0
56.42,8371,0
56.44,8364,0
56.46,8371,0
56.48,8363,0
56.50,8377,0
56.52,8361,0
56.54,8368,0
56.56,8358,0
56.58,8369,0
56.60,8363,0
56.62,8366,0
56.64,8367,0
56.66,8362,0
56.68,8371,0
56.70,8354,0
56.72,8361,0
56.74,8358,0
56.76,8362,0
56.78,8361,0
56.80,8374,0
56.82,8365,0
56.84,8359,0
56.86,8374,0
56.88,8360,0
56.90,8365,0
56.92,8351,0
56.94,8370,0
56.96,8359,0
56.98,8364,0
57.00,8367,0
57.02,8359,0
57.04,8368,0
57.06,8359,0
57.08,8363,0
57.10,8354,0
57.12,8363,0
57.14,8361,0
57.16,8364,0
57.18,8368,0
57.20,8361,0
57.22,8366,0
57.24,8369,0
57.26,8364,0
57.28,8368,0
57.29,8361,0
57.31,8363,0
57.33,8365,0
57.35,8360,0
57.37,8369,0
57.39,8366,0
57.41,8367,0
57.43,8365,0
57.45,8369,0
57.47,8360,0
57.49,8362,0
57.51,8359,0
57.53,8370,0
57.55,8363,0
57.57,8363,0
57.59,8364,0
57.61,8376,0
57.63,8364,0
57.65,8369,0
57.67,8366,0
57.69,8381,0
57.71,8362,0
57.73,8373,0
57.75,8370,0
57.77,8364,0
57.79,8361,0
57.81,8364,0
57.83,8370,0
57.85,8371,0
57.87,8358,0
57.89,8358,0
57.91,8363,0
57.93,8360,0
57.95,8356,0
57.97,8363,0
57.99,8357,0
58.01,8365,0
58.03,8363,0
58.05,8358,0
58.07,8367,0
58.09,8364,0
58.11,8369,0
58.13,8369,0
58.15,8365,0
58.17,8359,0
58.19,8366,0
58.21,8362,0
58.23,8363,0
58.25,8367,0
58.27,8361,0
58.28,8364,0
58.30,8360,0
58.32,8369,0
58.34,8362,0
58.36,8360,0
58.38,8367,0
58.40,8358,0
58.42,8368,0
58.44,8358,0
58.46,8366,0
58.48,8373,0
58.50,8372,0
58.52,8370,0
58.54,8360,0
58.56,8364,0
58.58,8367,0
58.60,8361,0
58.62,8367,0
58.64,8360,0
58.66,8364,0
58.68,8367,0
58.70,8364,0
58.72,8377,0
58.74,8360,0
58.76,8363,0
58.78,8368,0
58.80,8367,0
58.82,8367,0
58.84,8365,0
58.86,8366,0
58.88,8369,0
58.90,8359,0
58.92,8369,0
58.94,8363,0
58.96,8363,0
58.98,8366,0
59.00,8361,0
59.02,8370,0
59.04,8364,0
59.06,8359,0
59.08,8361,0
59.10,8370,0
59.12,8343,0
59.14,8360,0
59.16,8356,0
59.18,8359,0
59.20,8373,0
59.22,8358,0
59.24,8367,0
59.25,8359,0
59.27,8368,0
59.29,8361,0
59.31,8363,0
59.33,8365,0
59.35,8354,0
59.37,8360,0
59.39,8364,0
59.41,8368,0
59.43,8363,0
59.45,8363,0
59.47,8360,0
59.49,8361,0
59.51,8365,0
59.53,8371,0
59.55,8364,0
59.57,8370,0
59.59,8354,0
59.61,8368,0
59.63,8355,0
59.65,8371,0
59.67,8359,0
59.69,8374,0
59.71,8363,0
59.73,8367,0
59.75,8368,0
59.77,8356,0
59.79,8362,0
59.81,8364,0
59.83,8352,0
59.85,8364,0
59.87,8368,0
59.89,8362,0
59.91,8362,0
59.93,8364,0
59.95,8363,0
59.97,8369,0
59.99,8368,0
60.01,8365,0
60.03,8360,0
60.05,8364,0
60.07,8358,0
60.09,8366,0
60.11,8363,0
60.13,8366,0
60.15,8363,0
60.17,8360,0
60.19,8362,0
60.21,8364,0
60.23,8355,0
60.24,8367,0
60.26,8363,0
60.28,8357,0
60.30,8371,0
60.32,8358,0
60.34,8361,0
60.36,8361,0
60.38,8362,0
60.40,8356,0
60.42,8368,0
60.44,8358,0
60.46,8368,0
60.48,8354,0
60.50,8375,0
60.52,8353,0
60.54,8360,0
60.56,8361,0
60.58,8365,0
60.60,8364,0
60.62,8361,0
60.64,8371,0
60.66,8358,0
60.68,8364,0
60.70,8360,0
60.72,8363,0
60.74,8363,0
60.76,8364,0
60.78,8365,0
60.80,8366,0
60.82,8363,0
60.84,8363,0
60.86,8377,0
60.88,8366,0
60.90,8370,0
60.92,8359,0
60.94,8372,0
60.96,8363,0
60.98,8370,0
61.00,8364,0
61.02,8374,0
61.04,8362,0
61.06,8365,0
61.08,8374,0
61.10,8364,0
61.12,8377,0
61.14,8367,0
61.16,8369,0
61.18,8364,0
61.20,8370,0
61.22,8359,0
61.23,8358,0
61.25,8360,0
61.27,8358,0
61.29,8365,0
61.31,8357,0
61.33,8358,0
61.35,8360,0
61.37,8372,0
61.39,8360,0
61.41,8357,0
61.43,8363,0
61.45,8367,0
61.47,8367,0
61.49,8356,0
61.51,8367,0
61.53,8354,0
61.55,8361,0
61.57,8363,0
61.59,8359,0
61.61,8371,0
61.63,8362,0
61.65,8372,0
61.67,8356,0
61.69,8367,0
61.71,8352,0
61.73,8360,0
61.75,8368,0
61.77,8360,0
61.79,8372,0
61.81,8354,0
61.83,8362,0
61.85,8369,0
61.87,8367,0
61.89,8364,0
61.91,8369,0
61.93,8360,0
61.95,8369,0
61.97,8359,0
61.99,8367,0
62.01,8362,0
62.03,8375,0
62.05,8365,0
62.07,8365,0
62.09,8365,0
62.11,8363,0
62.13,8360,0
62.15,8363,0
62.17,8366,0
62.19,8366,0
62.21,8367,0
62.22,8362,0
62.24,8364,0
62.26,8358,0
62.28,8361,0
62.30,8364,0
62.32,8357,0
62.34,8366,0
62.36,8369,0
62.38,8360,0
62.40,8359,0
62.42,8363,0
62.44,8363,0
62.46,8367,0
62.48,8362,0
62.50,8367,0
62.52,8363,0
62.54,8363,0
62.56,8364,0
62.58,8364,0
62.60,8361,0
62.62,8354,0
62.64,8366,0
62.66,8358,0
62.68,8361,0
62.70,8355,0
62.72,8353,0
62.74,8370,0
62.76,8363,0
62.78,8363,0
62.80,8369,0
62.82,8357,0
62.84,8367,0
62.86,8363,0
62.88,8360,0
62.90,8369,0
62.92,8366,0
62.94,8364,0
62.96,8364,0
62.98,8361,0
63.00,8369,0
63.02,8360,0
63.04,8365,0
63.06,8364,0
63.08,8374,0
63.10,8363,0
63.12,8365,0
63.14,8363,0
63.16,8367,0
63.18,8361,0
63.20,8364,0
63.21,8357,0
63.23,8361,0
63.25,8353,0
63.27,8362,0
63.29,8359,0
63.31,8360,0
63.33,8358,0
63.35,8363,0
63.37,8356,0
63.39,8363,0
63.41,8358,0
63.43,8365,0
63.45,8353,0
63.47,8363,0
63.49,8359,0
63.51,8358,0
63.53,8362,0
63.55,8358,0
63.57,8366,0
63.59,8355,0
63.61,8366,0
63.63,8354,0
63.65,8363,0
63.67,8363,0
63.69,8355,0
63.71,8365,0
63.73,8360,0
63.75,8363,0
63.77,8363,0
63.79,8368,0
63.81,8360,0
63.83,8364,0
63.85,8359,0
63.87,8367,0
63.89,8358,0
63.91,8368,0
63.93,8356,0
63.95,8368,0
63.97,8363,0
63.99,8364,0
64.01,8361,0
64.03,8365,0
64.05,8362,0
64.07,8365,0
64.09,8355,0
64.11,8355,0
64.13,8350,0
64.15,8358,0
64.17,8350,0
64.19,8354,0
64.20,8355,0
64.22,8356,0
64.24,8365,0
64.26,8356,0
64.28,8357,0
64.30,8362,0
64.32,8361,0
64.34,8358,0
64.36,8368,0
64.38,8355,0
64.40,8360,0
64.42,8353,0
64.44,8358,0
64.46,8359,0
64.48,8365,0
64.50,8354,0
64.52,8359,0
64.54,8359,0
64.56,8353,0
64.58,8354,0
64.60,8362,0
64.62,8345,0
64.64,8368,0
64.66,8357,0
64.68,8363,0
64.70,8355,0
64.72,8365,0
64.74,8355,0
64.76,8367,0
64.78,8353,0
64.80,8360,0
64.82,8356,0
64.84,8364,0
64.86,8359,0
64.88,8360,0
64.90,8362,0
64.92,8358,0
64.94,8360,0
64.96,8364,0
64.98,8358,0
65.00,8364,0
65.02,8363,0
65.04,8355,0
65.06,8356,0
65.08,8361,0
65.10,8354,0
65.12,8361,0
65.14,8358,0
65.16,8364,0
65.18,8347,0
65.19,8364,0
65.21,8359,0
65.23,8367,0
65.25,8363,0
65.27,8367,0
65.29,8361,0
65.31,8366,0
65.33,8361,0
65.35,8362,0
65.37,8363,0
65.39,8355,0
65.41,8364,0
65.43,8362,0
65.45,8360,0
65.47,8357,0
65.49,8363,0
65.51,8364,0
65.53,8361,0
65.55,8355,0
65.57,8362,0
65.59,8359,0
65.61,8366,0
65.63,8366,0
65.65,8356,0
65.67,8365,0
65.69,8357,0
65.71,8365,0
65.73,8359,0
65.75,8369,0
65.77,8363,0
65.79,8364,0
65.81,8368,0
65.83,8362,0
65.85,8361,0
65.87,8358,0
65.89,8351,0
65.91,8353,0
65.93,8368,0
65.95,8356,0
65.97,8358,0
65.99,8363,0
66.01,8356,0
66.03,8364,0
66.05,8360,0
66.07,8366,0
66.09,8359,0
66.11,8364,0
66.13,8361,0
66.15,8366,0
66.16,8360,0
66.18,8368,0
66.20,8352,0
66.22,8362,0
66.24,8367,0
66.26,8359,0
66.28,8360,0
66.30,8362,0
66.32,8364,0
66.34,8362,0
66.36,8366,0
66.38,8350,0
66.40,8364,0
66.42,8358,0
66.44,8364,0
66.46,8357,0
66.48,8370,0
66.50,8361,0
66.52,8366,0
66.54,8353,0
66.56,8369,0
66.58,8363,0
66.60,8358,0
66.62,8365,0
66.64,8362,0
66.66,8369,0
66.68,8361,0
66.70,8360,0
66.72,8357,0
66.74,8368,0
66.76,8356,0
66.78,8355,0
66.80,8352,0
66.82,8359,0
66.84,8360,0
66.86,8366,0
66.88,8356,0
66.90,8360,0
66.92,8355,0
66.94,8361,0
66.96,8366,0
66.98,8372,0
67.00,8357,0
67.02,8364,0
67.04,8346,0
67.06,8366,0
67.08,8354,0
67.10,8364,0
67.12,8359,0
67.14,8361,0
67.15,8359,0
67.17,8373,0
67.19,8367,0
67.21,8365,0
67.23,8361,0
67.25,8360,0
67.27,8369,0
67.29,8358,0
67.31,8372,0
67.33,8358,0
67.35,8375,0
67.37,8362,0
67.39,8371,0
67.41,8358,0
67.43,8368,0
67.45,8360,0
67.47,8364,0
67.49,8367,0
67.51,8360,0
67.53,8351,0
67.55,8358,0
67.57,8352,0
67.59,8362,0
67.61,8359,0
67.63,8360,0
67.65,8363,0
67.67,8356,0
67.69,8357,0
67.71,8357,0
67.73,8360,0
67.75,8356,0
67.77,8358,0
67.79,8362,0
67.81,8357,0
67.83,8368,0
67.85,8358,0
67.87,8364,0
67.89,8365,0
67.91,8362,0
67.93,8365,0
67.95,8360,0
67.97,8366,0
67.99,8357,0
68.01,8361,0
68.03,8363,0
68.05,8357,0
68.07,8366,0
68.09,8353,0
68.11,8367,0
68.13,8363,0
68.14,8369,0
68.16,8370,0
68.18,8360,0
68.20,8368,0
68.22,8358,0
68.24,8376,0
68.26,8350,0
68.28,8374,0
68.30,8360,0
68.32,8351,0
68.34,8373,0
68.36,8350,0
68.38,8367,0
68.40,8361,0
68.42,8365,0
68.44,8363,0
68.46,8363,0
68.48,8363,0
68.50,8362,0
68.52,8358,0
68.54,8358,0
68.56,8359,0
68.58,8370,0
68.60,8350,0
68.62,8356,0
68.64,8367,0
68.66,8352,0
68.68,8378,0
68.70,8345,0
68.72,8371,0
68.74,8338,0
68.76,8343,0
68.78,8369,0
68.80,8333,0
68.82,8392,0
68.84,8336,0
68.86,8379,0
68.88,8333,0
68.90,8381,0
68.92,8351,0
68.94,8378,0
68.96,8352,0
68.98,8365,0
69.00,8357,0
69.02,8352,0
69.04,8370,0
69.06,8357,0
69.08,8371,0
69.10,8358,0
69.12,8367,0
69.13,8346,0
69.15,8368,0
69.17,8351,0
69.19,8355,0
69.21,8375,0
69.23,8351,0
69.25,8363,0
69.27,8366,0
69.29,8338,0
69.31,8379,0
69.33,8348,0
69.35,8381,0
69.37,8350,0
69.39,8376,0
69.41,8348,0
69.43,8378,0
69.45,8364,0
69.47,8356,0
69.49,8368,0
69.51,8341,0
69.53,8367,0
69.55,8370,0
69.57,8341,0
69.59,8360,0
69.61,8367,0
69.63,8372,0
69.65,8363,0
69.67,8361,0
69.69,8359,0
69.71,8361,0
69.73,8360,0
69.75,8365,0
69.77,8369,0
69.79,8362,0
69.81,8358,0
69.83,8366,0
69.85,8360,0
69.87,8357,0
69.89,8371,0
69.91,8353,0
69.93,8363,0
69.95,8362,0
69.97,8357,0
69.99,8363,0
70.01,8365,0
70.03,8362,0
70.05,8364,0
70.07,8350,0
70.09,8367,0
70.11,8359,0
70.12,8366,0
70.14,8367,0
70.16,8358,0
70.18,8369,0
70.20,8359,0
70.22,8365,0
70.24,8366,0
70.26,8358,0
70.28,8375,0
70.30,8360,0
70.32,8364,0
70.34,8363,0
70.36,8362,0
70.38,8368,0
70.40,8362,0
70.42,8366,0
70.44,8367,0
70.46,8358,0
70.48,8374,0
70.50,8362,0
70.52,8365,0
70.54,8359,0
70.56,8356,0
70.58,8365,0
